crop,state,district,min_year,max_year,total_observations
Barley,Andhra Pradesh,Ananthapur,2010,2017,8
Barley,Andhra Pradesh,Chittoor,2010,2017,8
Barley,Andhra Pradesh,East Godavari,2010,2017,8
Barley,Andhra Pradesh,Guntur,2010,2017,8
Barley,Andhra Pradesh,Kadapa Ysr,2010,2017,8
Barley,Andhra Pradesh,Krishna,2010,2017,8
Barley,Andhra Pradesh,Kurnool,2010,2017,8
Barley,Andhra Pradesh,S.P.S. Nellore,2010,2017,8
Barley,Andhra Pradesh,Srikakulam,2010,2017,8
Barley,Andhra Pradesh,Visakhapatnam,2010,2017,8
Barley,Andhra Pradesh,West Godavari,2010,2017,8
Barley,Assam,Cachar,2010,2017,8
Barley,Assam,Darrang,2010,2017,8
Barley,Assam,Dibrugarh,2010,2017,8
Barley,Assam,Goalpara,2010,2017,8
Barley,Assam,Kamrup,2010,2017,8
Barley,Assam,Karbi Anglong,2010,2017,8
Barley,Assam,Lakhimpur,2010,2017,8
Barley,Assam,Nagaon,2010,2017,8
Barley,Assam,North Cachar Hil / Dima Hasao,2010,2017,8
Barley,Assam,Sibsagar,2010,2017,8
Barley,Bihar,Bhagalpur,2010,2017,8
Barley,Bihar,Champaran,2010,2017,8
Barley,Bihar,Darbhanga,2010,2017,8
Barley,Bihar,Gaya,2010,2017,8
Barley,Bihar,Mungair,2010,2017,8
Barley,Bihar,Muzaffarpur,2010,2017,8
Barley,Bihar,Patna,2010,2017,8
Barley,Bihar,Purnea,2010,2017,8
Barley,Bihar,Saharsa,2010,2017,8
Barley,Bihar,Saran,2010,2017,8
Barley,Bihar,Shahabad (Now Part Of Bhojpur District),2010,2017,8
Barley,Chhattisgarh,Bastar,2010,2017,8
Barley,Chhattisgarh,Bilaspur,2010,2017,8
Barley,Chhattisgarh,Durg,2010,2017,8
Barley,Chhattisgarh,Raigarh,2010,2017,8
Barley,Chhattisgarh,Raipur,2010,2017,8
Barley,Chhattisgarh,Surguja,2010,2017,8
Barley,Gujarat,Ahmedabad,2010,2017,8
Barley,Gujarat,Amreli,2010,2017,8
Barley,Gujarat,Banaskantha,2010,2017,8
Barley,Gujarat,Bharuch,2010,2017,8
Barley,Gujarat,Bhavnagar,2010,2017,8
Barley,Gujarat,Dangs,2010,2017,8
Barley,Gujarat,Jamnagar,2010,2017,8
Barley,Gujarat,Junagadh,2010,2017,8
Barley,Gujarat,Kheda,2010,2017,8
Barley,Gujarat,Kutch,2010,2017,8
Barley,Gujarat,Mehsana,2010,2017,8
Barley,Gujarat,Panchmahal,2010,2017,8
Barley,Gujarat,Rajkot,2010,2017,8
Barley,Gujarat,Sabarkantha,2010,2017,8
Barley,Gujarat,Surat,2010,2017,8
Barley,Gujarat,Surendranagar,2010,2017,8
Barley,Gujarat,Vadodara / Baroda,2010,2017,8
Barley,Gujarat,Valsad,2010,2017,8
Barley,Haryana,Ambala,2010,2017,8
Barley,Haryana,Gurgaon,2010,2017,8
Barley,Haryana,Hissar,2010,2017,8
Barley,Haryana,Jind,2010,2017,8
Barley,Haryana,Karnal,2010,2017,8
Barley,Haryana,Mahendragarh / Narnaul,2010,2017,8
Barley,Haryana,Rohtak,2010,2017,8
Barley,Himachal Pradesh,Bilashpur,2010,2017,8
Barley,Himachal Pradesh,Chamba,2010,2017,8
Barley,Himachal Pradesh,Kangra,2010,2017,8
Barley,Himachal Pradesh,Kinnaur,2010,2017,8
Barley,Himachal Pradesh,Kullu,2010,2017,8
Barley,Himachal Pradesh,Lahul & Spiti,2010,2017,8
Barley,Himachal Pradesh,Mandi,2010,2017,8
Barley,Himachal Pradesh,Shimla,2010,2017,8
Barley,Himachal Pradesh,Sirmaur,2010,2017,8
Barley,Himachal Pradesh,Solan,2010,2017,8
Barley,Jharkhand,Dhanbad,2010,2017,8
Barley,Jharkhand,Hazaribagh,2010,2017,8
Barley,Jharkhand,Palamau,2010,2017,8
Barley,Jharkhand,Ranchi,2010,2017,8
Barley,Jharkhand,Santhal Paragana / Dumka,2010,2017,8
Barley,Jharkhand,Singhbhum,2010,2017,8
Barley,Karnataka,Bangalore,2010,2017,8
Barley,Karnataka,Belgaum,2010,2017,8
Barley,Karnataka,Bellary,2010,2017,8
Barley,Karnataka,Bidar,2010,2017,8
Barley,Karnataka,Bijapur / Vijayapura,2010,2017,8
Barley,Karnataka,Chickmagalur,2010,2017,8
Barley,Karnataka,Chitradurga,2010,2017,8
Barley,Karnataka,Dakshina Kannada,2010,2017,8
Barley,Karnataka,Dharwad,2010,2017,8
Barley,Karnataka,Gulbarga / Kalaburagi,2010,2017,8
Barley,Karnataka,Hassan,2010,2017,8
Barley,Karnataka,Kodagu / Coorg,2010,2017,8
Barley,Karnataka,Kolar,2010,2017,8
Barley,Karnataka,Mandya,2010,2017,8
Barley,Karnataka,Mysore,2010,2017,8
Barley,Karnataka,Raichur,2010,2017,8
Barley,Karnataka,Shimoge,2010,2017,8
Barley,Karnataka,Tumkur,2010,2017,8
Barley,Karnataka,Uttara Kannada,2010,2017,8
Barley,Kerala,Alappuzha,2010,2017,8
Barley,Kerala,Eranakulam,2010,2017,8
Barley,Kerala,Kannur,2010,2017,8
Barley,Kerala,Kollam,2010,2017,8
Barley,Kerala,Kottayam,2010,2017,8
Barley,Kerala,Kozhikode,2010,2017,8
Barley,Kerala,Malappuram,2010,2017,8
Barley,Kerala,Palakkad,2010,2017,8
Barley,Kerala,Thiruvananthapuram,2010,2017,8
Barley,Kerala,Thrissur,2010,2017,8
Barley,Madhya Pradesh,Balaghat,2010,2017,8
Barley,Madhya Pradesh,Betul,2010,2017,8
Barley,Madhya Pradesh,Bhind,2010,2017,8
Barley,Madhya Pradesh,Chhatarpur,2010,2017,8
Barley,Madhya Pradesh,Chhindwara,2010,2017,8
Barley,Madhya Pradesh,Damoh,2010,2017,8
Barley,Madhya Pradesh,Datia,2010,2017,8
Barley,Madhya Pradesh,Dewas,2010,2017,8
Barley,Madhya Pradesh,Dhar,2010,2017,8
Barley,Madhya Pradesh,Guna,2010,2017,8
Barley,Madhya Pradesh,Gwalior,2010,2017,8
Barley,Madhya Pradesh,Hoshangabad,2010,2017,8
Barley,Madhya Pradesh,Indore,2010,2017,8
Barley,Madhya Pradesh,Jabalpur,2010,2017,8
Barley,Madhya Pradesh,Jhabua,2010,2017,8
Barley,Madhya Pradesh,Khandwa / East Nimar,2010,2017,8
Barley,Madhya Pradesh,Khargone / West Nimar,2010,2017,8
Barley,Madhya Pradesh,Mandla,2010,2017,8
Barley,Madhya Pradesh,Mandsaur,2010,2017,8
Barley,Madhya Pradesh,Morena,2010,2017,8
Barley,Madhya Pradesh,Narsinghpur,2010,2017,8
Barley,Madhya Pradesh,Panna,2010,2017,8
Barley,Madhya Pradesh,Raisen,2010,2017,8
Barley,Madhya Pradesh,Rajgarh,2010,2017,8
Barley,Madhya Pradesh,Ratlam,2010,2017,8
Barley,Madhya Pradesh,Rewa,2010,2016,7
Barley,Madhya Pradesh,Sagar,2010,2017,8
Barley,Madhya Pradesh,Satna,2010,2017,8
Barley,Madhya Pradesh,Sehore,2010,2017,8
Barley,Madhya Pradesh,Seoni / Shivani,2010,2017,8
Barley,Madhya Pradesh,Shahdol,2010,2017,8
Barley,Madhya Pradesh,Shajapur,2010,2017,8
Barley,Madhya Pradesh,Shivpuri,2010,2017,8
Barley,Madhya Pradesh,Sidhi,2010,2017,8
Barley,Madhya Pradesh,Tikamgarh,2010,2017,8
Barley,Madhya Pradesh,Ujjain,2010,2017,8
Barley,Madhya Pradesh,Vidisha,2010,2017,8
Barley,Maharashtra,Ahmednagar,2010,2017,8
Barley,Maharashtra,Akola,2010,2017,8
Barley,Maharashtra,Amarawati,2010,2017,8
Barley,Maharashtra,Aurangabad,2010,2017,8
Barley,Maharashtra,Beed,2010,2017,8
Barley,Maharashtra,Bhandara,2010,2017,8
Barley,Maharashtra,Bombay,2010,2016,4
Barley,Maharashtra,Buldhana,2010,2017,8
Barley,Maharashtra,Chandrapur,2010,2017,8
Barley,Maharashtra,Dhule,2010,2017,8
Barley,Maharashtra,Jalgaon,2010,2017,8
Barley,Maharashtra,Kolhapur,2010,2017,8
Barley,Maharashtra,Nagpur,2010,2017,8
Barley,Maharashtra,Nanded,2010,2017,8
Barley,Maharashtra,Nasik,2010,2017,8
Barley,Maharashtra,Osmanabad,2010,2017,8
Barley,Maharashtra,Parbhani,2010,2017,8
Barley,Maharashtra,Pune,2010,2017,8
Barley,Maharashtra,Raigad,2010,2017,8
Barley,Maharashtra,Ratnagiri,2010,2017,8
Barley,Maharashtra,Sangli,2010,2017,8
Barley,Maharashtra,Satara,2010,2017,8
Barley,Maharashtra,Solapur,2010,2017,8
Barley,Maharashtra,Thane,2010,2017,8
Barley,Maharashtra,Wardha,2010,2017,8
Barley,Maharashtra,Yeotmal,2010,2017,8
Barley,Orissa,Balasore,2010,2017,8
Barley,Orissa,Bolangir,2010,2017,8
Barley,Orissa,Cuttack,2010,2017,8
Barley,Orissa,Dhenkanal,2010,2017,8
Barley,Orissa,Ganjam,2010,2017,8
Barley,Orissa,Kalahandi,2010,2017,8
Barley,Orissa,Keonjhar,2010,2017,8
Barley,Orissa,Koraput,2010,2017,8
Barley,Orissa,Mayurbhanja,2010,2017,8
Barley,Orissa,Phulbani ( Kandhamal ),2010,2017,8
Barley,Orissa,Puri,2010,2017,8
Barley,Orissa,Sambalpur,2010,2017,8
Barley,Orissa,Sundargarh,2010,2017,8
Barley,Punjab,Amritsar,2010,2017,8
Barley,Punjab,Bhatinda,2010,2017,8
Barley,Punjab,Ferozpur,2010,2017,8
Barley,Punjab,Gurdaspur,2010,2017,8
Barley,Punjab,Hoshiarpur,2010,2017,8
Barley,Punjab,Jalandhar,2010,2017,8
Barley,Punjab,Kapurthala,2010,2017,8
Barley,Punjab,Ludhiana,2010,2017,8
Barley,Punjab,Patiala,2010,2017,8
Barley,Punjab,Roopnagar / Ropar,2010,2017,8
Barley,Punjab,Sangrur,2010,2016,7
Barley,Rajasthan,Ajmer,2010,2017,8
Barley,Rajasthan,Alwar,2010,2017,8
Barley,Rajasthan,Banswara,2010,2017,8
Barley,Rajasthan,Barmer,2010,2017,8
Barley,Rajasthan,Bharatpur,2010,2017,8
Barley,Rajasthan,Bhilwara,2010,2017,8
Barley,Rajasthan,Bikaner,2010,2017,8
Barley,Rajasthan,Bundi,2010,2017,8
Barley,Rajasthan,Chittorgarh,2010,2017,8
Barley,Rajasthan,Churu,2010,2017,8
Barley,Rajasthan,Dungarpur,2010,2017,8
Barley,Rajasthan,Ganganagar,2010,2017,8
Barley,Rajasthan,Jaipur,2010,2017,8
Barley,Rajasthan,Jaisalmer,2010,2017,8
Barley,Rajasthan,Jalore,2010,2017,8
Barley,Rajasthan,Jhalawar,2010,2017,8
Barley,Rajasthan,Jhunjhunu,2010,2017,8
Barley,Rajasthan,Jodhpur,2010,2017,8
Barley,Rajasthan,Kota,2010,2017,8
Barley,Rajasthan,Nagaur,2010,2017,8
Barley,Rajasthan,Pali,2010,2017,8
Barley,Rajasthan,Sikar,2010,2017,8
Barley,Rajasthan,Sirohi,2010,2017,8
Barley,Rajasthan,Swami Madhopur,2010,2017,8
Barley,Rajasthan,Tonk,2010,2017,8
Barley,Rajasthan,Udaipur,2010,2017,8
Barley,Tamil Nadu,Chengalpattu Mgr / Kanchipuram,2010,2017,8
Barley,Tamil Nadu,Coimbatore,2010,2017,8
Barley,Tamil Nadu,Kanyakumari,2010,2017,5
Barley,Tamil Nadu,Madurai,2010,2017,7
Barley,Tamil Nadu,North Arcot / Vellore,2010,2017,7
Barley,Tamil Nadu,Ramananthapuram,2010,2017,8
Barley,Tamil Nadu,Salem,2010,2016,5
Barley,Tamil Nadu,South Arcot / Cuddalore,2010,2017,8
Barley,Tamil Nadu,Thanjavur,2010,2017,8
Barley,Tamil Nadu,The Nilgiris,2010,2017,7
Barley,Tamil Nadu,Thirunelveli,2010,2017,6
Barley,Tamil Nadu,Tiruchirapalli / Trichy,2010,2017,6
Barley,Telangana,Adilabad,2010,2017,8
Barley,Telangana,Hyderabad,2010,2017,8
Barley,Telangana,Karimnagar,2010,2017,8
Barley,Telangana,Khammam,2010,2017,8
Barley,Telangana,Mahabubnagar,2010,2017,8
Barley,Telangana,Medak,2010,2017,8
Barley,Telangana,Nalgonda,2010,2017,8
Barley,Telangana,Nizamabad,2010,2017,8
Barley,Telangana,Warangal,2010,2017,8
Barley,Uttar Pradesh,Agra,2010,2017,8
Barley,Uttar Pradesh,Aligarh,2010,2017,8
Barley,Uttar Pradesh,Allahabad,2010,2017,8
Barley,Uttar Pradesh,Azamgarh,2010,2017,8
Barley,Uttar Pradesh,Bahraich,2010,2017,8
Barley,Uttar Pradesh,Ballia,2010,2017,8
Barley,Uttar Pradesh,Banda,2010,2017,8
Barley,Uttar Pradesh,Barabanki,2010,2017,8
Barley,Uttar Pradesh,Bareilly,2010,2017,8
Barley,Uttar Pradesh,Basti,2010,2017,8
Barley,Uttar Pradesh,Bijnor,2010,2017,8
Barley,Uttar Pradesh,Budaun,2010,2017,8
Barley,Uttar Pradesh,Buland Shahar,2010,2017,8
Barley,Uttar Pradesh,Deoria,2010,2017,8
Barley,Uttar Pradesh,Etah,2010,2017,8
Barley,Uttar Pradesh,Etawah,2010,2017,8
Barley,Uttar Pradesh,Faizabad,2010,2017,8
Barley,Uttar Pradesh,Farrukhabad,2010,2017,8
Barley,Uttar Pradesh,Fatehpur,2010,2017,8
Barley,Uttar Pradesh,Ghazipur,2010,2017,8
Barley,Uttar Pradesh,Gonda,2010,2017,8
Barley,Uttar Pradesh,Gorakhpur,2010,2017,8
Barley,Uttar Pradesh,Hamirpur,2010,2017,8
Barley,Uttar Pradesh,Hardoi,2010,2017,8
Barley,Uttar Pradesh,Jalaun,2010,2017,8
Barley,Uttar Pradesh,Jaunpur,2010,2017,8
Barley,Uttar Pradesh,Jhansi,2010,2017,8
Barley,Uttar Pradesh,Kanpur,2010,2017,8
Barley,Uttar Pradesh,Kheri,2010,2017,8
Barley,Uttar Pradesh,Lucknow,2010,2017,8
Barley,Uttar Pradesh,Mainpuri,2010,2017,8
Barley,Uttar Pradesh,Mathura,2010,2017,8
Barley,Uttar Pradesh,Meerut,2010,2017,8
Barley,Uttar Pradesh,Mirzpur,2010,2017,8
Barley,Uttar Pradesh,Moradabad,2010,2017,8
Barley,Uttar Pradesh,Muzaffarnagar,2010,2017,8
Barley,Uttar Pradesh,Pilibhit,2010,2017,8
Barley,Uttar Pradesh,Pratapgarh,2010,2017,8
Barley,Uttar Pradesh,Rae-Bareily,2010,2017,8
Barley,Uttar Pradesh,Rampur,2010,2017,8
Barley,Uttar Pradesh,Saharanpur,2010,2017,8
Barley,Uttar Pradesh,Shahjahanpur,2010,2017,8
Barley,Uttar Pradesh,Sitapur,2010,2017,8
Barley,Uttar Pradesh,Sultanpur,2010,2017,8
Barley,Uttar Pradesh,Unnao,2010,2017,8
Barley,Uttar Pradesh,Varanasi,2010,2017,8
Barley,Uttarakhand,Almorah,2010,2017,8
Barley,Uttarakhand,Chamoli,2010,2017,8
Barley,Uttarakhand,Dehradun,2010,2017,8
Barley,Uttarakhand,Garhwal,2010,2017,8
Barley,Uttarakhand,Nainital,2010,2017,8
Barley,Uttarakhand,Pithorgarh,2010,2017,8
Barley,Uttarakhand,Tehri Garhwal,2010,2017,8
Barley,Uttarakhand,Uttar Kashi,2010,2017,8
Barley,West Bengal,24 Parganas,2010,2017,8
Barley,West Bengal,Bankura,2010,2017,8
Barley,West Bengal,Birbhum,2010,2017,8
Barley,West Bengal,Burdwan,2010,2017,8
Barley,West Bengal,Cooch Behar,2010,2017,8
Barley,West Bengal,Darjeeling,2010,2017,8
Barley,West Bengal,Hooghly,2010,2017,8
Barley,West Bengal,Howrah,2010,2017,8
Barley,West Bengal,Jalpaiguri,2010,2017,8
Barley,West Bengal,Malda,2010,2017,8
Barley,West Bengal,Midnapur,2010,2017,8
Barley,West Bengal,Murshidabad,2010,2017,8
Barley,West Bengal,Nadia,2010,2017,8
Barley,West Bengal,Purulia,2010,2017,8
Barley,West Bengal,West Dinajpur,2010,2017,8
Castor,Andhra Pradesh,Ananthapur,2010,2017,8
Castor,Andhra Pradesh,Chittoor,2010,2017,8
Castor,Andhra Pradesh,East Godavari,2010,2017,8
Castor,Andhra Pradesh,Guntur,2010,2017,8
Castor,Andhra Pradesh,Kadapa Ysr,2010,2017,8
Castor,Andhra Pradesh,Krishna,2010,2017,8
Castor,Andhra Pradesh,Kurnool,2010,2017,8
Castor,Andhra Pradesh,S.P.S. Nellore,2010,2017,8
Castor,Andhra Pradesh,Srikakulam,2010,2017,8
Castor,Andhra Pradesh,Visakhapatnam,2010,2017,8
Castor,Andhra Pradesh,West Godavari,2010,2017,8
Castor,Assam,Cachar,2010,2017,8
Castor,Assam,Darrang,2010,2017,8
Castor,Assam,Dibrugarh,2010,2017,8
Castor,Assam,Goalpara,2010,2017,8
Castor,Assam,Kamrup,2010,2017,8
Castor,Assam,Karbi Anglong,2010,2017,8
Castor,Assam,Lakhimpur,2010,2017,8
Castor,Assam,Nagaon,2010,2017,8
Castor,Assam,North Cachar Hil / Dima Hasao,2010,2017,8
Castor,Assam,Sibsagar,2010,2017,8
Castor,Bihar,Bhagalpur,2010,2017,8
Castor,Bihar,Champaran,2010,2017,8
Castor,Bihar,Darbhanga,2010,2017,8
Castor,Bihar,Gaya,2010,2017,8
Castor,Bihar,Mungair,2010,2017,8
Castor,Bihar,Muzaffarpur,2010,2017,8
Castor,Bihar,Patna,2010,2017,8
Castor,Bihar,Purnea,2010,2017,8
Castor,Bihar,Saharsa,2010,2017,8
Castor,Bihar,Saran,2010,2017,8
Castor,Bihar,Shahabad (Now Part Of Bhojpur District),2010,2017,8
Castor,Chhattisgarh,Bastar,2010,2017,8
Castor,Chhattisgarh,Bilaspur,2010,2017,8
Castor,Chhattisgarh,Durg,2010,2017,8
Castor,Chhattisgarh,Raigarh,2010,2017,8
Castor,Chhattisgarh,Raipur,2010,2017,8
Castor,Chhattisgarh,Surguja,2010,2017,8
Castor,Gujarat,Ahmedabad,2010,2017,8
Castor,Gujarat,Amreli,2010,2017,8
Castor,Gujarat,Banaskantha,2010,2017,8
Castor,Gujarat,Bharuch,2010,2017,8
Castor,Gujarat,Bhavnagar,2010,2017,8
Castor,Gujarat,Dangs,2010,2017,8
Castor,Gujarat,Jamnagar,2010,2017,8
Castor,Gujarat,Junagadh,2010,2017,8
Castor,Gujarat,Kheda,2010,2017,8
Castor,Gujarat,Kutch,2010,2017,8
Castor,Gujarat,Mehsana,2010,2017,8
Castor,Gujarat,Panchmahal,2010,2017,8
Castor,Gujarat,Rajkot,2010,2017,8
Castor,Gujarat,Sabarkantha,2010,2017,8
Castor,Gujarat,Surat,2010,2017,8
Castor,Gujarat,Surendranagar,2010,2017,8
Castor,Gujarat,Vadodara / Baroda,2010,2017,8
Castor,Gujarat,Valsad,2010,2017,8
Castor,Haryana,Ambala,2010,2017,8
Castor,Haryana,Gurgaon,2010,2017,8
Castor,Haryana,Hissar,2010,2017,8
Castor,Haryana,Jind,2010,2017,8
Castor,Haryana,Karnal,2010,2017,8
Castor,Haryana,Mahendragarh / Narnaul,2010,2017,8
Castor,Haryana,Rohtak,2010,2017,8
Castor,Himachal Pradesh,Bilashpur,2010,2017,8
Castor,Himachal Pradesh,Chamba,2010,2017,8
Castor,Himachal Pradesh,Kangra,2010,2017,8
Castor,Himachal Pradesh,Kinnaur,2010,2017,8
Castor,Himachal Pradesh,Kullu,2010,2017,8
Castor,Himachal Pradesh,Lahul & Spiti,2010,2017,8
Castor,Himachal Pradesh,Mandi,2010,2017,8
Castor,Himachal Pradesh,Shimla,2010,2017,8
Castor,Himachal Pradesh,Sirmaur,2010,2017,8
Castor,Himachal Pradesh,Solan,2010,2017,8
Castor,Jharkhand,Dhanbad,2010,2017,8
Castor,Jharkhand,Hazaribagh,2010,2017,8
Castor,Jharkhand,Palamau,2010,2017,8
Castor,Jharkhand,Ranchi,2010,2017,8
Castor,Jharkhand,Santhal Paragana / Dumka,2010,2017,8
Castor,Jharkhand,Singhbhum,2010,2017,8
Castor,Karnataka,Bangalore,2010,2017,8
Castor,Karnataka,Belgaum,2010,2017,8
Castor,Karnataka,Bellary,2010,2017,8
Castor,Karnataka,Bidar,2010,2017,8
Castor,Karnataka,Bijapur / Vijayapura,2010,2017,8
Castor,Karnataka,Chickmagalur,2010,2017,8
Castor,Karnataka,Chitradurga,2010,2017,8
Castor,Karnataka,Dakshina Kannada,2010,2017,8
Castor,Karnataka,Dharwad,2010,2017,8
Castor,Karnataka,Gulbarga / Kalaburagi,2010,2017,8
Castor,Karnataka,Hassan,2010,2017,8
Castor,Karnataka,Kodagu / Coorg,2010,2017,8
Castor,Karnataka,Kolar,2010,2017,8
Castor,Karnataka,Mandya,2010,2017,8
Castor,Karnataka,Mysore,2010,2017,8
Castor,Karnataka,Raichur,2010,2017,8
Castor,Karnataka,Shimoge,2010,2017,8
Castor,Karnataka,Tumkur,2010,2017,8
Castor,Karnataka,Uttara Kannada,2010,2017,8
Castor,Kerala,Alappuzha,2010,2017,8
Castor,Kerala,Eranakulam,2010,2017,8
Castor,Kerala,Kannur,2010,2017,8
Castor,Kerala,Kollam,2010,2017,8
Castor,Kerala,Kottayam,2010,2017,8
Castor,Kerala,Kozhikode,2010,2017,8
Castor,Kerala,Malappuram,2010,2017,8
Castor,Kerala,Palakkad,2010,2017,8
Castor,Kerala,Thiruvananthapuram,2010,2017,8
Castor,Kerala,Thrissur,2010,2017,8
Castor,Madhya Pradesh,Balaghat,2010,2017,8
Castor,Madhya Pradesh,Betul,2010,2017,8
Castor,Madhya Pradesh,Bhind,2010,2017,8
Castor,Madhya Pradesh,Chhatarpur,2010,2017,8
Castor,Madhya Pradesh,Chhindwara,2010,2017,8
Castor,Madhya Pradesh,Damoh,2010,2017,8
Castor,Madhya Pradesh,Datia,2010,2017,8
Castor,Madhya Pradesh,Dewas,2010,2017,8
Castor,Madhya Pradesh,Dhar,2010,2017,8
Castor,Madhya Pradesh,Guna,2010,2017,8
Castor,Madhya Pradesh,Gwalior,2010,2017,8
Castor,Madhya Pradesh,Hoshangabad,2010,2017,8
Castor,Madhya Pradesh,Indore,2010,2017,8
Castor,Madhya Pradesh,Jabalpur,2010,2017,8
Castor,Madhya Pradesh,Jhabua,2010,2017,8
Castor,Madhya Pradesh,Khandwa / East Nimar,2010,2017,8
Castor,Madhya Pradesh,Khargone / West Nimar,2010,2017,8
Castor,Madhya Pradesh,Mandla,2010,2017,8
Castor,Madhya Pradesh,Mandsaur,2010,2017,8
Castor,Madhya Pradesh,Morena,2010,2017,8
Castor,Madhya Pradesh,Narsinghpur,2010,2017,8
Castor,Madhya Pradesh,Panna,2010,2017,8
Castor,Madhya Pradesh,Raisen,2010,2017,8
Castor,Madhya Pradesh,Rajgarh,2010,2017,8
Castor,Madhya Pradesh,Ratlam,2010,2017,8
Castor,Madhya Pradesh,Rewa,2010,2016,7
Castor,Madhya Pradesh,Sagar,2010,2017,8
Castor,Madhya Pradesh,Satna,2010,2017,8
Castor,Madhya Pradesh,Sehore,2010,2017,8
Castor,Madhya Pradesh,Seoni / Shivani,2010,2017,8
Castor,Madhya Pradesh,Shahdol,2010,2017,8
Castor,Madhya Pradesh,Shajapur,2010,2017,8
Castor,Madhya Pradesh,Shivpuri,2010,2017,8
Castor,Madhya Pradesh,Sidhi,2010,2017,8
Castor,Madhya Pradesh,Tikamgarh,2010,2017,8
Castor,Madhya Pradesh,Ujjain,2010,2017,8
Castor,Madhya Pradesh,Vidisha,2010,2017,8
Castor,Maharashtra,Ahmednagar,2010,2017,8
Castor,Maharashtra,Akola,2010,2017,8
Castor,Maharashtra,Amarawati,2010,2017,8
Castor,Maharashtra,Aurangabad,2010,2017,8
Castor,Maharashtra,Beed,2010,2017,8
Castor,Maharashtra,Bhandara,2010,2017,8
Castor,Maharashtra,Bombay,2010,2016,4
Castor,Maharashtra,Buldhana,2010,2017,8
Castor,Maharashtra,Chandrapur,2010,2017,8
Castor,Maharashtra,Dhule,2010,2017,8
Castor,Maharashtra,Jalgaon,2010,2017,8
Castor,Maharashtra,Kolhapur,2010,2017,8
Castor,Maharashtra,Nagpur,2010,2017,8
Castor,Maharashtra,Nanded,2010,2017,8
Castor,Maharashtra,Nasik,2010,2017,8
Castor,Maharashtra,Osmanabad,2010,2017,8
Castor,Maharashtra,Parbhani,2010,2017,8
Castor,Maharashtra,Pune,2010,2017,8
Castor,Maharashtra,Raigad,2010,2017,8
Castor,Maharashtra,Ratnagiri,2010,2017,8
Castor,Maharashtra,Sangli,2010,2017,8
Castor,Maharashtra,Satara,2010,2017,8
Castor,Maharashtra,Solapur,2010,2017,8
Castor,Maharashtra,Thane,2010,2017,8
Castor,Maharashtra,Wardha,2010,2017,8
Castor,Maharashtra,Yeotmal,2010,2017,8
Castor,Orissa,Balasore,2010,2017,8
Castor,Orissa,Bolangir,2010,2017,8
Castor,Orissa,Cuttack,2010,2017,8
Castor,Orissa,Dhenkanal,2010,2017,8
Castor,Orissa,Ganjam,2010,2017,8
Castor,Orissa,Kalahandi,2010,2017,8
Castor,Orissa,Keonjhar,2010,2017,8
Castor,Orissa,Koraput,2010,2017,8
Castor,Orissa,Mayurbhanja,2010,2017,8
Castor,Orissa,Phulbani ( Kandhamal ),2010,2017,8
Castor,Orissa,Puri,2010,2017,8
Castor,Orissa,Sambalpur,2010,2017,8
Castor,Orissa,Sundargarh,2010,2017,8
Castor,Punjab,Amritsar,2010,2017,8
Castor,Punjab,Bhatinda,2010,2017,8
Castor,Punjab,Ferozpur,2010,2017,8
Castor,Punjab,Gurdaspur,2010,2017,8
Castor,Punjab,Hoshiarpur,2010,2017,8
Castor,Punjab,Jalandhar,2010,2017,8
Castor,Punjab,Kapurthala,2010,2017,8
Castor,Punjab,Ludhiana,2010,2017,8
Castor,Punjab,Patiala,2010,2017,8
Castor,Punjab,Roopnagar / Ropar,2010,2017,8
Castor,Punjab,Sangrur,2010,2016,7
Castor,Rajasthan,Ajmer,2010,2017,8
Castor,Rajasthan,Alwar,2010,2017,8
Castor,Rajasthan,Banswara,2010,2017,8
Castor,Rajasthan,Barmer,2010,2017,8
Castor,Rajasthan,Bharatpur,2010,2017,8
Castor,Rajasthan,Bhilwara,2010,2017,8
Castor,Rajasthan,Bikaner,2010,2017,8
Castor,Rajasthan,Bundi,2010,2017,8
Castor,Rajasthan,Chittorgarh,2010,2017,8
Castor,Rajasthan,Churu,2010,2017,8
Castor,Rajasthan,Dungarpur,2010,2017,8
Castor,Rajasthan,Ganganagar,2010,2017,8
Castor,Rajasthan,Jaipur,2010,2017,8
Castor,Rajasthan,Jaisalmer,2010,2017,8
Castor,Rajasthan,Jalore,2010,2017,8
Castor,Rajasthan,Jhalawar,2010,2017,8
Castor,Rajasthan,Jhunjhunu,2010,2017,8
Castor,Rajasthan,Jodhpur,2010,2017,8
Castor,Rajasthan,Kota,2010,2017,8
Castor,Rajasthan,Nagaur,2010,2017,8
Castor,Rajasthan,Pali,2010,2017,8
Castor,Rajasthan,Sikar,2010,2017,8
Castor,Rajasthan,Sirohi,2010,2017,8
Castor,Rajasthan,Swami Madhopur,2010,2017,8
Castor,Rajasthan,Tonk,2010,2017,8
Castor,Rajasthan,Udaipur,2010,2017,8
Castor,Tamil Nadu,Chengalpattu Mgr / Kanchipuram,2010,2017,8
Castor,Tamil Nadu,Coimbatore,2010,2017,8
Castor,Tamil Nadu,Kanyakumari,2010,2017,5
Castor,Tamil Nadu,Madurai,2010,2017,7
Castor,Tamil Nadu,North Arcot / Vellore,2010,2017,7
Castor,Tamil Nadu,Ramananthapuram,2010,2017,8
Castor,Tamil Nadu,Salem,2010,2016,5
Castor,Tamil Nadu,South Arcot / Cuddalore,2010,2017,8
Castor,Tamil Nadu,Thanjavur,2010,2017,8
Castor,Tamil Nadu,The Nilgiris,2010,2017,7
Castor,Tamil Nadu,Thirunelveli,2010,2017,6
Castor,Tamil Nadu,Tiruchirapalli / Trichy,2010,2017,6
Castor,Telangana,Adilabad,2010,2017,8
Castor,Telangana,Hyderabad,2010,2017,8
Castor,Telangana,Karimnagar,2010,2017,8
Castor,Telangana,Khammam,2010,2017,8
Castor,Telangana,Mahabubnagar,2010,2017,8
Castor,Telangana,Medak,2010,2017,8
Castor,Telangana,Nalgonda,2010,2017,8
Castor,Telangana,Nizamabad,2010,2017,8
Castor,Telangana,Warangal,2010,2017,8
Castor,Uttar Pradesh,Agra,2010,2017,8
Castor,Uttar Pradesh,Aligarh,2010,2017,8
Castor,Uttar Pradesh,Allahabad,2010,2017,8
Castor,Uttar Pradesh,Azamgarh,2010,2017,8
Castor,Uttar Pradesh,Bahraich,2010,2017,8
Castor,Uttar Pradesh,Ballia,2010,2017,8
Castor,Uttar Pradesh,Banda,2010,2017,8
Castor,Uttar Pradesh,Barabanki,2010,2017,8
Castor,Uttar Pradesh,Bareilly,2010,2017,8
Castor,Uttar Pradesh,Basti,2010,2017,8
Castor,Uttar Pradesh,Bijnor,2010,2017,8
Castor,Uttar Pradesh,Budaun,2010,2017,8
Castor,Uttar Pradesh,Buland Shahar,2010,2017,8
Castor,Uttar Pradesh,Deoria,2010,2017,8
Castor,Uttar Pradesh,Etah,2010,2017,8
Castor,Uttar Pradesh,Etawah,2010,2017,8
Castor,Uttar Pradesh,Faizabad,2010,2017,8
Castor,Uttar Pradesh,Farrukhabad,2010,2017,8
Castor,Uttar Pradesh,Fatehpur,2010,2017,8
Castor,Uttar Pradesh,Ghazipur,2010,2017,8
Castor,Uttar Pradesh,Gonda,2010,2017,8
Castor,Uttar Pradesh,Gorakhpur,2010,2017,8
Castor,Uttar Pradesh,Hamirpur,2010,2017,8
Castor,Uttar Pradesh,Hardoi,2010,2017,8
Castor,Uttar Pradesh,Jalaun,2010,2017,8
Castor,Uttar Pradesh,Jaunpur,2010,2017,8
Castor,Uttar Pradesh,Jhansi,2010,2017,8
Castor,Uttar Pradesh,Kanpur,2010,2017,8
Castor,Uttar Pradesh,Kheri,2010,2017,8
Castor,Uttar Pradesh,Lucknow,2010,2017,8
Castor,Uttar Pradesh,Mainpuri,2010,2017,8
Castor,Uttar Pradesh,Mathura,2010,2017,8
Castor,Uttar Pradesh,Meerut,2010,2017,8
Castor,Uttar Pradesh,Mirzpur,2010,2017,8
Castor,Uttar Pradesh,Moradabad,2010,2017,8
Castor,Uttar Pradesh,Muzaffarnagar,2010,2017,8
Castor,Uttar Pradesh,Pilibhit,2010,2017,8
Castor,Uttar Pradesh,Pratapgarh,2010,2017,8
Castor,Uttar Pradesh,Rae-Bareily,2010,2017,8
Castor,Uttar Pradesh,Rampur,2010,2017,8
Castor,Uttar Pradesh,Saharanpur,2010,2017,8
Castor,Uttar Pradesh,Shahjahanpur,2010,2017,8
Castor,Uttar Pradesh,Sitapur,2010,2017,8
Castor,Uttar Pradesh,Sultanpur,2010,2017,8
Castor,Uttar Pradesh,Unnao,2010,2017,8
Castor,Uttar Pradesh,Varanasi,2010,2017,8
Castor,Uttarakhand,Almorah,2010,2017,8
Castor,Uttarakhand,Chamoli,2010,2017,8
Castor,Uttarakhand,Dehradun,2010,2017,8
Castor,Uttarakhand,Garhwal,2010,2017,8
Castor,Uttarakhand,Nainital,2010,2017,8
Castor,Uttarakhand,Pithorgarh,2010,2017,8
Castor,Uttarakhand,Tehri Garhwal,2010,2017,8
Castor,Uttarakhand,Uttar Kashi,2010,2017,8
Castor,West Bengal,24 Parganas,2010,2017,8
Castor,West Bengal,Bankura,2010,2017,8
Castor,West Bengal,Birbhum,2010,2017,8
Castor,West Bengal,Burdwan,2010,2017,8
Castor,West Bengal,Cooch Behar,2010,2017,8
Castor,West Bengal,Darjeeling,2010,2017,8
Castor,West Bengal,Hooghly,2010,2017,8
Castor,West Bengal,Howrah,2010,2017,8
Castor,West Bengal,Jalpaiguri,2010,2017,8
Castor,West Bengal,Malda,2010,2017,8
Castor,West Bengal,Midnapur,2010,2017,8
Castor,West Bengal,Murshidabad,2010,2017,8
Castor,West Bengal,Nadia,2010,2017,8
Castor,West Bengal,Purulia,2010,2017,8
Castor,West Bengal,West Dinajpur,2010,2017,8
Chickpea,Andhra Pradesh,Ananthapur,2010,2017,8
Chickpea,Andhra Pradesh,Chittoor,2010,2017,8
Chickpea,Andhra Pradesh,East Godavari,2010,2017,8
Chickpea,Andhra Pradesh,Guntur,2010,2017,8
Chickpea,Andhra Pradesh,Kadapa Ysr,2010,2017,8
Chickpea,Andhra Pradesh,Krishna,2010,2017,8
Chickpea,Andhra Pradesh,Kurnool,2010,2017,8
Chickpea,Andhra Pradesh,S.P.S. Nellore,2010,2017,8
Chickpea,Andhra Pradesh,Srikakulam,2010,2017,8
Chickpea,Andhra Pradesh,Visakhapatnam,2010,2017,8
Chickpea,Andhra Pradesh,West Godavari,2010,2017,8
Chickpea,Assam,Cachar,2010,2017,8
Chickpea,Assam,Darrang,2010,2017,8
Chickpea,Assam,Dibrugarh,2010,2017,8
Chickpea,Assam,Goalpara,2010,2017,8
Chickpea,Assam,Kamrup,2010,2017,8
Chickpea,Assam,Karbi Anglong,2010,2017,8
Chickpea,Assam,Lakhimpur,2010,2017,8
Chickpea,Assam,Nagaon,2010,2017,8
Chickpea,Assam,North Cachar Hil / Dima Hasao,2010,2017,8
Chickpea,Assam,Sibsagar,2010,2017,8
Chickpea,Bihar,Bhagalpur,2010,2017,8
Chickpea,Bihar,Champaran,2010,2017,8
Chickpea,Bihar,Darbhanga,2010,2017,8
Chickpea,Bihar,Gaya,2010,2017,8
Chickpea,Bihar,Mungair,2010,2017,8
Chickpea,Bihar,Muzaffarpur,2010,2017,8
Chickpea,Bihar,Patna,2010,2017,8
Chickpea,Bihar,Purnea,2010,2017,8
Chickpea,Bihar,Saharsa,2010,2017,8
Chickpea,Bihar,Saran,2010,2017,8
Chickpea,Bihar,Shahabad (Now Part Of Bhojpur District),2010,2017,8
Chickpea,Chhattisgarh,Bastar,2010,2017,8
Chickpea,Chhattisgarh,Bilaspur,2010,2017,8
Chickpea,Chhattisgarh,Durg,2010,2017,8
Chickpea,Chhattisgarh,Raigarh,2010,2017,8
Chickpea,Chhattisgarh,Raipur,2010,2017,8
Chickpea,Chhattisgarh,Surguja,2010,2017,8
Chickpea,Gujarat,Ahmedabad,2010,2017,8
Chickpea,Gujarat,Amreli,2010,2017,8
Chickpea,Gujarat,Banaskantha,2010,2017,8
Chickpea,Gujarat,Bharuch,2010,2017,8
Chickpea,Gujarat,Bhavnagar,2010,2017,8
Chickpea,Gujarat,Dangs,2010,2017,8
Chickpea,Gujarat,Jamnagar,2010,2017,8
Chickpea,Gujarat,Junagadh,2010,2017,8
Chickpea,Gujarat,Kheda,2010,2017,8
Chickpea,Gujarat,Kutch,2010,2017,8
Chickpea,Gujarat,Mehsana,2010,2017,8
Chickpea,Gujarat,Panchmahal,2010,2017,8
Chickpea,Gujarat,Rajkot,2010,2017,8
Chickpea,Gujarat,Sabarkantha,2010,2017,8
Chickpea,Gujarat,Surat,2010,2017,8
Chickpea,Gujarat,Surendranagar,2010,2017,8
Chickpea,Gujarat,Vadodara / Baroda,2010,2017,8
Chickpea,Gujarat,Valsad,2010,2017,8
Chickpea,Haryana,Ambala,2010,2017,8
Chickpea,Haryana,Gurgaon,2010,2017,8
Chickpea,Haryana,Hissar,2010,2017,8
Chickpea,Haryana,Jind,2010,2017,8
Chickpea,Haryana,Karnal,2010,2017,8
Chickpea,Haryana,Mahendragarh / Narnaul,2010,2017,8
Chickpea,Haryana,Rohtak,2010,2017,8
Chickpea,Himachal Pradesh,Bilashpur,2010,2017,8
Chickpea,Himachal Pradesh,Chamba,2010,2017,8
Chickpea,Himachal Pradesh,Kangra,2010,2017,8
Chickpea,Himachal Pradesh,Kinnaur,2010,2017,8
Chickpea,Himachal Pradesh,Kullu,2010,2017,8
Chickpea,Himachal Pradesh,Lahul & Spiti,2010,2017,8
Chickpea,Himachal Pradesh,Mandi,2010,2017,8
Chickpea,Himachal Pradesh,Shimla,2010,2017,8
Chickpea,Himachal Pradesh,Sirmaur,2010,2017,8
Chickpea,Himachal Pradesh,Solan,2010,2017,8
Chickpea,Jharkhand,Dhanbad,2010,2017,8
Chickpea,Jharkhand,Hazaribagh,2010,2017,8
Chickpea,Jharkhand,Palamau,2010,2017,8
Chickpea,Jharkhand,Ranchi,2010,2017,8
Chickpea,Jharkhand,Santhal Paragana / Dumka,2010,2017,8
Chickpea,Jharkhand,Singhbhum,2010,2017,8
Chickpea,Karnataka,Bangalore,2010,2017,8
Chickpea,Karnataka,Belgaum,2010,2017,8
Chickpea,Karnataka,Bellary,2010,2017,8
Chickpea,Karnataka,Bidar,2010,2017,8
Chickpea,Karnataka,Bijapur / Vijayapura,2010,2017,8
Chickpea,Karnataka,Chickmagalur,2010,2017,8
Chickpea,Karnataka,Chitradurga,2010,2017,8
Chickpea,Karnataka,Dakshina Kannada,2010,2017,8
Chickpea,Karnataka,Dharwad,2010,2017,8
Chickpea,Karnataka,Gulbarga / Kalaburagi,2010,2017,8
Chickpea,Karnataka,Hassan,2010,2017,8
Chickpea,Karnataka,Kodagu / Coorg,2010,2017,8
Chickpea,Karnataka,Kolar,2010,2017,8
Chickpea,Karnataka,Mandya,2010,2017,8
Chickpea,Karnataka,Mysore,2010,2017,8
Chickpea,Karnataka,Raichur,2010,2017,8
Chickpea,Karnataka,Shimoge,2010,2017,8
Chickpea,Karnataka,Tumkur,2010,2017,8
Chickpea,Karnataka,Uttara Kannada,2010,2017,8
Chickpea,Kerala,Alappuzha,2010,2017,8
Chickpea,Kerala,Eranakulam,2010,2017,8
Chickpea,Kerala,Kannur,2010,2017,8
Chickpea,Kerala,Kollam,2010,2017,8
Chickpea,Kerala,Kottayam,2010,2017,8
Chickpea,Kerala,Kozhikode,2010,2017,8
Chickpea,Kerala,Malappuram,2010,2017,8
Chickpea,Kerala,Palakkad,2010,2017,8
Chickpea,Kerala,Thiruvananthapuram,2010,2017,8
Chickpea,Kerala,Thrissur,2010,2017,8
Chickpea,Madhya Pradesh,Balaghat,2010,2017,8
Chickpea,Madhya Pradesh,Betul,2010,2017,8
Chickpea,Madhya Pradesh,Bhind,2010,2017,8
Chickpea,Madhya Pradesh,Chhatarpur,2010,2017,8
Chickpea,Madhya Pradesh,Chhindwara,2010,2017,8
Chickpea,Madhya Pradesh,Damoh,2010,2017,8
Chickpea,Madhya Pradesh,Datia,2010,2017,8
Chickpea,Madhya Pradesh,Dewas,2010,2017,8
Chickpea,Madhya Pradesh,Dhar,2010,2017,8
Chickpea,Madhya Pradesh,Guna,2010,2017,8
Chickpea,Madhya Pradesh,Gwalior,2010,2017,8
Chickpea,Madhya Pradesh,Hoshangabad,2010,2017,8
Chickpea,Madhya Pradesh,Indore,2010,2017,8
Chickpea,Madhya Pradesh,Jabalpur,2010,2017,8
Chickpea,Madhya Pradesh,Jhabua,2010,2017,8
Chickpea,Madhya Pradesh,Khandwa / East Nimar,2010,2017,8
Chickpea,Madhya Pradesh,Khargone / West Nimar,2010,2017,8
Chickpea,Madhya Pradesh,Mandla,2010,2017,8
Chickpea,Madhya Pradesh,Mandsaur,2010,2017,8
Chickpea,Madhya Pradesh,Morena,2010,2017,8
Chickpea,Madhya Pradesh,Narsinghpur,2010,2017,8
Chickpea,Madhya Pradesh,Panna,2010,2017,8
Chickpea,Madhya Pradesh,Raisen,2010,2017,8
Chickpea,Madhya Pradesh,Rajgarh,2010,2017,8
Chickpea,Madhya Pradesh,Ratlam,2010,2017,8
Chickpea,Madhya Pradesh,Rewa,2010,2016,7
Chickpea,Madhya Pradesh,Sagar,2010,2017,8
Chickpea,Madhya Pradesh,Satna,2010,2017,8
Chickpea,Madhya Pradesh,Sehore,2010,2017,8
Chickpea,Madhya Pradesh,Seoni / Shivani,2010,2017,8
Chickpea,Madhya Pradesh,Shahdol,2010,2017,8
Chickpea,Madhya Pradesh,Shajapur,2010,2017,8
Chickpea,Madhya Pradesh,Shivpuri,2010,2017,8
Chickpea,Madhya Pradesh,Sidhi,2010,2017,8
Chickpea,Madhya Pradesh,Tikamgarh,2010,2017,8
Chickpea,Madhya Pradesh,Ujjain,2010,2017,8
Chickpea,Madhya Pradesh,Vidisha,2010,2017,8
Chickpea,Maharashtra,Ahmednagar,2010,2017,8
Chickpea,Maharashtra,Akola,2010,2017,8
Chickpea,Maharashtra,Amarawati,2010,2017,8
Chickpea,Maharashtra,Aurangabad,2010,2017,8
Chickpea,Maharashtra,Beed,2010,2017,8
Chickpea,Maharashtra,Bhandara,2010,2017,8
Chickpea,Maharashtra,Bombay,2010,2016,4
Chickpea,Maharashtra,Buldhana,2010,2017,8
Chickpea,Maharashtra,Chandrapur,2010,2017,8
Chickpea,Maharashtra,Dhule,2010,2017,8
Chickpea,Maharashtra,Jalgaon,2010,2017,8
Chickpea,Maharashtra,Kolhapur,2010,2017,8
Chickpea,Maharashtra,Nagpur,2010,2017,8
Chickpea,Maharashtra,Nanded,2010,2017,8
Chickpea,Maharashtra,Nasik,2010,2017,8
Chickpea,Maharashtra,Osmanabad,2010,2017,8
Chickpea,Maharashtra,Parbhani,2010,2017,8
Chickpea,Maharashtra,Pune,2010,2017,8
Chickpea,Maharashtra,Raigad,2010,2017,8
Chickpea,Maharashtra,Ratnagiri,2010,2017,8
Chickpea,Maharashtra,Sangli,2010,2017,8
Chickpea,Maharashtra,Satara,2010,2017,8
Chickpea,Maharashtra,Solapur,2010,2017,8
Chickpea,Maharashtra,Thane,2010,2017,8
Chickpea,Maharashtra,Wardha,2010,2017,8
Chickpea,Maharashtra,Yeotmal,2010,2017,8
Chickpea,Orissa,Balasore,2010,2017,8
Chickpea,Orissa,Bolangir,2010,2017,8
Chickpea,Orissa,Cuttack,2010,2017,8
Chickpea,Orissa,Dhenkanal,2010,2017,8
Chickpea,Orissa,Ganjam,2010,2017,8
Chickpea,Orissa,Kalahandi,2010,2017,8
Chickpea,Orissa,Keonjhar,2010,2017,8
Chickpea,Orissa,Koraput,2010,2017,8
Chickpea,Orissa,Mayurbhanja,2010,2017,8
Chickpea,Orissa,Phulbani ( Kandhamal ),2010,2017,8
Chickpea,Orissa,Puri,2010,2017,8
Chickpea,Orissa,Sambalpur,2010,2017,8
Chickpea,Orissa,Sundargarh,2010,2017,8
Chickpea,Punjab,Amritsar,2010,2017,8
Chickpea,Punjab,Bhatinda,2010,2017,8
Chickpea,Punjab,Ferozpur,2010,2017,8
Chickpea,Punjab,Gurdaspur,2010,2017,8
Chickpea,Punjab,Hoshiarpur,2010,2017,8
Chickpea,Punjab,Jalandhar,2010,2017,8
Chickpea,Punjab,Kapurthala,2010,2017,8
Chickpea,Punjab,Ludhiana,2010,2017,8
Chickpea,Punjab,Patiala,2010,2017,8
Chickpea,Punjab,Roopnagar / Ropar,2010,2017,8
Chickpea,Punjab,Sangrur,2010,2016,7
Chickpea,Rajasthan,Ajmer,2010,2017,8
Chickpea,Rajasthan,Alwar,2010,2017,8
Chickpea,Rajasthan,Banswara,2010,2017,8
Chickpea,Rajasthan,Barmer,2010,2017,8
Chickpea,Rajasthan,Bharatpur,2010,2017,8
Chickpea,Rajasthan,Bhilwara,2010,2017,8
Chickpea,Rajasthan,Bikaner,2010,2017,8
Chickpea,Rajasthan,Bundi,2010,2017,8
Chickpea,Rajasthan,Chittorgarh,2010,2017,8
Chickpea,Rajasthan,Churu,2010,2017,8
Chickpea,Rajasthan,Dungarpur,2010,2017,8
Chickpea,Rajasthan,Ganganagar,2010,2017,8
Chickpea,Rajasthan,Jaipur,2010,2017,8
Chickpea,Rajasthan,Jaisalmer,2010,2017,8
Chickpea,Rajasthan,Jalore,2010,2017,8
Chickpea,Rajasthan,Jhalawar,2010,2017,8
Chickpea,Rajasthan,Jhunjhunu,2010,2017,8
Chickpea,Rajasthan,Jodhpur,2010,2017,8
Chickpea,Rajasthan,Kota,2010,2017,8
Chickpea,Rajasthan,Nagaur,2010,2017,8
Chickpea,Rajasthan,Pali,2010,2017,8
Chickpea,Rajasthan,Sikar,2010,2017,8
Chickpea,Rajasthan,Sirohi,2010,2017,8
Chickpea,Rajasthan,Swami Madhopur,2010,2017,8
Chickpea,Rajasthan,Tonk,2010,2017,8
Chickpea,Rajasthan,Udaipur,2010,2017,8
Chickpea,Tamil Nadu,Chengalpattu Mgr / Kanchipuram,2010,2017,8
Chickpea,Tamil Nadu,Coimbatore,2010,2017,8
Chickpea,Tamil Nadu,Kanyakumari,2010,2017,5
Chickpea,Tamil Nadu,Madurai,2010,2017,7
Chickpea,Tamil Nadu,North Arcot / Vellore,2010,2017,7
Chickpea,Tamil Nadu,Ramananthapuram,2010,2017,8
Chickpea,Tamil Nadu,Salem,2010,2016,5
Chickpea,Tamil Nadu,South Arcot / Cuddalore,2010,2017,8
Chickpea,Tamil Nadu,Thanjavur,2010,2017,8
Chickpea,Tamil Nadu,The Nilgiris,2010,2017,7
Chickpea,Tamil Nadu,Thirunelveli,2010,2017,6
Chickpea,Tamil Nadu,Tiruchirapalli / Trichy,2010,2017,6
Chickpea,Telangana,Adilabad,2010,2017,8
Chickpea,Telangana,Hyderabad,2010,2017,8
Chickpea,Telangana,Karimnagar,2010,2017,8
Chickpea,Telangana,Khammam,2010,2017,8
Chickpea,Telangana,Mahabubnagar,2010,2017,8
Chickpea,Telangana,Medak,2010,2017,8
Chickpea,Telangana,Nalgonda,2010,2017,8
Chickpea,Telangana,Nizamabad,2010,2017,8
Chickpea,Telangana,Warangal,2010,2017,8
Chickpea,Uttar Pradesh,Agra,2010,2017,8
Chickpea,Uttar Pradesh,Aligarh,2010,2017,8
Chickpea,Uttar Pradesh,Allahabad,2010,2017,8
Chickpea,Uttar Pradesh,Azamgarh,2010,2017,8
Chickpea,Uttar Pradesh,Bahraich,2010,2017,8
Chickpea,Uttar Pradesh,Ballia,2010,2017,8
Chickpea,Uttar Pradesh,Banda,2010,2017,8
Chickpea,Uttar Pradesh,Barabanki,2010,2017,8
Chickpea,Uttar Pradesh,Bareilly,2010,2017,8
Chickpea,Uttar Pradesh,Basti,2010,2017,8
Chickpea,Uttar Pradesh,Bijnor,2010,2017,8
Chickpea,Uttar Pradesh,Budaun,2010,2017,8
Chickpea,Uttar Pradesh,Buland Shahar,2010,2017,8
Chickpea,Uttar Pradesh,Deoria,2010,2017,8
Chickpea,Uttar Pradesh,Etah,2010,2017,8
Chickpea,Uttar Pradesh,Etawah,2010,2017,8
Chickpea,Uttar Pradesh,Faizabad,2010,2017,8
Chickpea,Uttar Pradesh,Farrukhabad,2010,2017,8
Chickpea,Uttar Pradesh,Fatehpur,2010,2017,8
Chickpea,Uttar Pradesh,Ghazipur,2010,2017,8
Chickpea,Uttar Pradesh,Gonda,2010,2017,8
Chickpea,Uttar Pradesh,Gorakhpur,2010,2017,8
Chickpea,Uttar Pradesh,Hamirpur,2010,2017,8
Chickpea,Uttar Pradesh,Hardoi,2010,2017,8
Chickpea,Uttar Pradesh,Jalaun,2010,2017,8
Chickpea,Uttar Pradesh,Jaunpur,2010,2017,8
Chickpea,Uttar Pradesh,Jhansi,2010,2017,8
Chickpea,Uttar Pradesh,Kanpur,2010,2017,8
Chickpea,Uttar Pradesh,Kheri,2010,2017,8
Chickpea,Uttar Pradesh,Lucknow,2010,2017,8
Chickpea,Uttar Pradesh,Mainpuri,2010,2017,8
Chickpea,Uttar Pradesh,Mathura,2010,2017,8
Chickpea,Uttar Pradesh,Meerut,2010,2017,8
Chickpea,Uttar Pradesh,Mirzpur,2010,2017,8
Chickpea,Uttar Pradesh,Moradabad,2010,2017,8
Chickpea,Uttar Pradesh,Muzaffarnagar,2010,2017,8
Chickpea,Uttar Pradesh,Pilibhit,2010,2017,8
Chickpea,Uttar Pradesh,Pratapgarh,2010,2017,8
Chickpea,Uttar Pradesh,Rae-Bareily,2010,2017,8
Chickpea,Uttar Pradesh,Rampur,2010,2017,8
Chickpea,Uttar Pradesh,Saharanpur,2010,2017,8
Chickpea,Uttar Pradesh,Shahjahanpur,2010,2017,8
Chickpea,Uttar Pradesh,Sitapur,2010,2017,8
Chickpea,Uttar Pradesh,Sultanpur,2010,2017,8
Chickpea,Uttar Pradesh,Unnao,2010,2017,8
Chickpea,Uttar Pradesh,Varanasi,2010,2017,8
Chickpea,Uttarakhand,Almorah,2010,2017,8
Chickpea,Uttarakhand,Chamoli,2010,2017,8
Chickpea,Uttarakhand,Dehradun,2010,2017,8
Chickpea,Uttarakhand,Garhwal,2010,2017,8
Chickpea,Uttarakhand,Nainital,2010,2017,8
Chickpea,Uttarakhand,Pithorgarh,2010,2017,8
Chickpea,Uttarakhand,Tehri Garhwal,2010,2017,8
Chickpea,Uttarakhand,Uttar Kashi,2010,2017,8
Chickpea,West Bengal,24 Parganas,2010,2017,8
Chickpea,West Bengal,Bankura,2010,2017,8
Chickpea,West Bengal,Birbhum,2010,2017,8
Chickpea,West Bengal,Burdwan,2010,2017,8
Chickpea,West Bengal,Cooch Behar,2010,2017,8
Chickpea,West Bengal,Darjeeling,2010,2017,8
Chickpea,West Bengal,Hooghly,2010,2017,8
Chickpea,West Bengal,Howrah,2010,2017,8
Chickpea,West Bengal,Jalpaiguri,2010,2017,8
Chickpea,West Bengal,Malda,2010,2017,8
Chickpea,West Bengal,Midnapur,2010,2017,8
Chickpea,West Bengal,Murshidabad,2010,2017,8
Chickpea,West Bengal,Nadia,2010,2017,8
Chickpea,West Bengal,Purulia,2010,2017,8
Chickpea,West Bengal,West Dinajpur,2010,2017,8
Cotton,Andhra Pradesh,Ananthapur,2010,2017,8
Cotton,Andhra Pradesh,Chittoor,2010,2017,8
Cotton,Andhra Pradesh,East Godavari,2010,2017,8
Cotton,Andhra Pradesh,Guntur,2010,2017,8
Cotton,Andhra Pradesh,Kadapa Ysr,2010,2017,8
Cotton,Andhra Pradesh,Krishna,2010,2017,8
Cotton,Andhra Pradesh,Kurnool,2010,2017,8
Cotton,Andhra Pradesh,S.P.S. Nellore,2010,2017,8
Cotton,Andhra Pradesh,Srikakulam,2010,2017,8
Cotton,Andhra Pradesh,Visakhapatnam,2010,2017,8
Cotton,Andhra Pradesh,West Godavari,2010,2017,8
Cotton,Assam,Cachar,2010,2017,8
Cotton,Assam,Darrang,2010,2017,8
Cotton,Assam,Dibrugarh,2010,2017,8
Cotton,Assam,Goalpara,2010,2017,8
Cotton,Assam,Kamrup,2010,2017,8
Cotton,Assam,Karbi Anglong,2010,2017,8
Cotton,Assam,Lakhimpur,2010,2017,8
Cotton,Assam,Nagaon,2010,2017,8
Cotton,Assam,North Cachar Hil / Dima Hasao,2010,2017,8
Cotton,Assam,Sibsagar,2010,2017,8
Cotton,Bihar,Bhagalpur,2010,2017,8
Cotton,Bihar,Champaran,2010,2017,8
Cotton,Bihar,Darbhanga,2010,2017,8
Cotton,Bihar,Gaya,2010,2017,8
Cotton,Bihar,Mungair,2010,2017,8
Cotton,Bihar,Muzaffarpur,2010,2017,8
Cotton,Bihar,Patna,2010,2017,8
Cotton,Bihar,Purnea,2010,2017,8
Cotton,Bihar,Saharsa,2010,2017,8
Cotton,Bihar,Saran,2010,2017,8
Cotton,Bihar,Shahabad (Now Part Of Bhojpur District),2010,2017,8
Cotton,Chhattisgarh,Bastar,2010,2017,8
Cotton,Chhattisgarh,Bilaspur,2010,2017,8
Cotton,Chhattisgarh,Durg,2010,2017,8
Cotton,Chhattisgarh,Raigarh,2010,2017,8
Cotton,Chhattisgarh,Raipur,2010,2017,8
Cotton,Chhattisgarh,Surguja,2010,2017,8
Cotton,Gujarat,Ahmedabad,2010,2017,8
Cotton,Gujarat,Amreli,2010,2017,8
Cotton,Gujarat,Banaskantha,2010,2017,8
Cotton,Gujarat,Bharuch,2010,2017,8
Cotton,Gujarat,Bhavnagar,2010,2017,8
Cotton,Gujarat,Dangs,2010,2017,8
Cotton,Gujarat,Jamnagar,2010,2017,8
Cotton,Gujarat,Junagadh,2010,2017,8
Cotton,Gujarat,Kheda,2010,2017,8
Cotton,Gujarat,Kutch,2010,2017,8
Cotton,Gujarat,Mehsana,2010,2017,8
Cotton,Gujarat,Panchmahal,2010,2017,8
Cotton,Gujarat,Rajkot,2010,2017,8
Cotton,Gujarat,Sabarkantha,2010,2017,8
Cotton,Gujarat,Surat,2010,2017,8
Cotton,Gujarat,Surendranagar,2010,2017,8
Cotton,Gujarat,Vadodara / Baroda,2010,2017,8
Cotton,Gujarat,Valsad,2010,2017,8
Cotton,Haryana,Ambala,2010,2017,8
Cotton,Haryana,Gurgaon,2010,2017,8
Cotton,Haryana,Hissar,2010,2017,8
Cotton,Haryana,Jind,2010,2017,8
Cotton,Haryana,Karnal,2010,2017,8
Cotton,Haryana,Mahendragarh / Narnaul,2010,2017,8
Cotton,Haryana,Rohtak,2010,2017,8
Cotton,Himachal Pradesh,Bilashpur,2010,2017,8
Cotton,Himachal Pradesh,Chamba,2010,2017,8
Cotton,Himachal Pradesh,Kangra,2010,2017,8
Cotton,Himachal Pradesh,Kinnaur,2010,2017,8
Cotton,Himachal Pradesh,Kullu,2010,2017,8
Cotton,Himachal Pradesh,Lahul & Spiti,2010,2017,8
Cotton,Himachal Pradesh,Mandi,2010,2017,8
Cotton,Himachal Pradesh,Shimla,2010,2017,8
Cotton,Himachal Pradesh,Sirmaur,2010,2017,8
Cotton,Himachal Pradesh,Solan,2010,2017,8
Cotton,Jharkhand,Dhanbad,2010,2017,8
Cotton,Jharkhand,Hazaribagh,2010,2017,8
Cotton,Jharkhand,Palamau,2010,2017,8
Cotton,Jharkhand,Ranchi,2010,2017,8
Cotton,Jharkhand,Santhal Paragana / Dumka,2010,2017,8
Cotton,Jharkhand,Singhbhum,2010,2017,8
Cotton,Karnataka,Bangalore,2010,2017,8
Cotton,Karnataka,Belgaum,2010,2017,8
Cotton,Karnataka,Bellary,2010,2017,8
Cotton,Karnataka,Bidar,2010,2017,8
Cotton,Karnataka,Bijapur / Vijayapura,2010,2017,8
Cotton,Karnataka,Chickmagalur,2010,2017,8
Cotton,Karnataka,Chitradurga,2010,2017,8
Cotton,Karnataka,Dakshina Kannada,2010,2017,8
Cotton,Karnataka,Dharwad,2010,2017,8
Cotton,Karnataka,Gulbarga / Kalaburagi,2010,2017,8
Cotton,Karnataka,Hassan,2010,2017,8
Cotton,Karnataka,Kodagu / Coorg,2010,2017,8
Cotton,Karnataka,Kolar,2010,2017,8
Cotton,Karnataka,Mandya,2010,2017,8
Cotton,Karnataka,Mysore,2010,2017,8
Cotton,Karnataka,Raichur,2010,2017,8
Cotton,Karnataka,Shimoge,2010,2017,8
Cotton,Karnataka,Tumkur,2010,2017,8
Cotton,Karnataka,Uttara Kannada,2010,2017,8
Cotton,Kerala,Alappuzha,2010,2017,8
Cotton,Kerala,Eranakulam,2010,2017,8
Cotton,Kerala,Kannur,2010,2017,8
Cotton,Kerala,Kollam,2010,2017,8
Cotton,Kerala,Kottayam,2010,2017,8
Cotton,Kerala,Kozhikode,2010,2017,8
Cotton,Kerala,Malappuram,2010,2017,8
Cotton,Kerala,Palakkad,2010,2017,8
Cotton,Kerala,Thiruvananthapuram,2010,2017,8
Cotton,Kerala,Thrissur,2010,2017,8
Cotton,Madhya Pradesh,Balaghat,2010,2017,8
Cotton,Madhya Pradesh,Betul,2010,2017,8
Cotton,Madhya Pradesh,Bhind,2010,2017,8
Cotton,Madhya Pradesh,Chhatarpur,2010,2017,8
Cotton,Madhya Pradesh,Chhindwara,2010,2017,8
Cotton,Madhya Pradesh,Damoh,2010,2017,8
Cotton,Madhya Pradesh,Datia,2010,2017,8
Cotton,Madhya Pradesh,Dewas,2010,2017,8
Cotton,Madhya Pradesh,Dhar,2010,2017,8
Cotton,Madhya Pradesh,Guna,2010,2017,8
Cotton,Madhya Pradesh,Gwalior,2010,2017,8
Cotton,Madhya Pradesh,Hoshangabad,2010,2017,8
Cotton,Madhya Pradesh,Indore,2010,2017,8
Cotton,Madhya Pradesh,Jabalpur,2010,2017,8
Cotton,Madhya Pradesh,Jhabua,2010,2017,8
Cotton,Madhya Pradesh,Khandwa / East Nimar,2010,2017,8
Cotton,Madhya Pradesh,Khargone / West Nimar,2010,2017,8
Cotton,Madhya Pradesh,Mandla,2010,2017,8
Cotton,Madhya Pradesh,Mandsaur,2010,2017,8
Cotton,Madhya Pradesh,Morena,2010,2017,8
Cotton,Madhya Pradesh,Narsinghpur,2010,2017,8
Cotton,Madhya Pradesh,Panna,2010,2017,8
Cotton,Madhya Pradesh,Raisen,2010,2017,8
Cotton,Madhya Pradesh,Rajgarh,2010,2017,8
Cotton,Madhya Pradesh,Ratlam,2010,2017,8
Cotton,Madhya Pradesh,Rewa,2010,2016,7
Cotton,Madhya Pradesh,Sagar,2010,2017,8
Cotton,Madhya Pradesh,Satna,2010,2017,8
Cotton,Madhya Pradesh,Sehore,2010,2017,8
Cotton,Madhya Pradesh,Seoni / Shivani,2010,2017,8
Cotton,Madhya Pradesh,Shahdol,2010,2017,8
Cotton,Madhya Pradesh,Shajapur,2010,2017,8
Cotton,Madhya Pradesh,Shivpuri,2010,2017,8
Cotton,Madhya Pradesh,Sidhi,2010,2017,8
Cotton,Madhya Pradesh,Tikamgarh,2010,2017,8
Cotton,Madhya Pradesh,Ujjain,2010,2017,8
Cotton,Madhya Pradesh,Vidisha,2010,2017,8
Cotton,Maharashtra,Ahmednagar,2010,2017,8
Cotton,Maharashtra,Akola,2010,2017,8
Cotton,Maharashtra,Amarawati,2010,2017,8
Cotton,Maharashtra,Aurangabad,2010,2017,8
Cotton,Maharashtra,Beed,2010,2017,8
Cotton,Maharashtra,Bhandara,2010,2017,8
Cotton,Maharashtra,Bombay,2010,2016,4
Cotton,Maharashtra,Buldhana,2010,2017,8
Cotton,Maharashtra,Chandrapur,2010,2017,8
Cotton,Maharashtra,Dhule,2010,2017,8
Cotton,Maharashtra,Jalgaon,2010,2017,8
Cotton,Maharashtra,Kolhapur,2010,2017,8
Cotton,Maharashtra,Nagpur,2010,2017,8
Cotton,Maharashtra,Nanded,2010,2017,8
Cotton,Maharashtra,Nasik,2010,2017,8
Cotton,Maharashtra,Osmanabad,2010,2017,8
Cotton,Maharashtra,Parbhani,2010,2017,8
Cotton,Maharashtra,Pune,2010,2017,8
Cotton,Maharashtra,Raigad,2010,2017,8
Cotton,Maharashtra,Ratnagiri,2010,2017,8
Cotton,Maharashtra,Sangli,2010,2017,8
Cotton,Maharashtra,Satara,2010,2017,8
Cotton,Maharashtra,Solapur,2010,2017,8
Cotton,Maharashtra,Thane,2010,2017,8
Cotton,Maharashtra,Wardha,2010,2017,8
Cotton,Maharashtra,Yeotmal,2010,2017,8
Cotton,Orissa,Balasore,2010,2017,8
Cotton,Orissa,Bolangir,2010,2017,8
Cotton,Orissa,Cuttack,2010,2017,8
Cotton,Orissa,Dhenkanal,2010,2017,8
Cotton,Orissa,Ganjam,2010,2017,8
Cotton,Orissa,Kalahandi,2010,2017,8
Cotton,Orissa,Keonjhar,2010,2017,8
Cotton,Orissa,Koraput,2010,2017,8
Cotton,Orissa,Mayurbhanja,2010,2017,8
Cotton,Orissa,Phulbani ( Kandhamal ),2010,2017,8
Cotton,Orissa,Puri,2010,2017,8
Cotton,Orissa,Sambalpur,2010,2017,8
Cotton,Orissa,Sundargarh,2010,2017,8
Cotton,Punjab,Amritsar,2010,2017,8
Cotton,Punjab,Bhatinda,2010,2017,8
Cotton,Punjab,Ferozpur,2010,2017,8
Cotton,Punjab,Gurdaspur,2010,2017,8
Cotton,Punjab,Hoshiarpur,2010,2017,8
Cotton,Punjab,Jalandhar,2010,2017,8
Cotton,Punjab,Kapurthala,2010,2017,8
Cotton,Punjab,Ludhiana,2010,2017,8
Cotton,Punjab,Patiala,2010,2017,8
Cotton,Punjab,Roopnagar / Ropar,2010,2017,8
Cotton,Punjab,Sangrur,2010,2016,7
Cotton,Rajasthan,Ajmer,2010,2017,8
Cotton,Rajasthan,Alwar,2010,2017,8
Cotton,Rajasthan,Banswara,2010,2017,8
Cotton,Rajasthan,Barmer,2010,2017,8
Cotton,Rajasthan,Bharatpur,2010,2017,8
Cotton,Rajasthan,Bhilwara,2010,2017,8
Cotton,Rajasthan,Bikaner,2010,2017,8
Cotton,Rajasthan,Bundi,2010,2017,8
Cotton,Rajasthan,Chittorgarh,2010,2017,8
Cotton,Rajasthan,Churu,2010,2017,8
Cotton,Rajasthan,Dungarpur,2010,2017,8
Cotton,Rajasthan,Ganganagar,2010,2017,8
Cotton,Rajasthan,Jaipur,2010,2017,8
Cotton,Rajasthan,Jaisalmer,2010,2017,8
Cotton,Rajasthan,Jalore,2010,2017,8
Cotton,Rajasthan,Jhalawar,2010,2017,8
Cotton,Rajasthan,Jhunjhunu,2010,2017,8
Cotton,Rajasthan,Jodhpur,2010,2017,8
Cotton,Rajasthan,Kota,2010,2017,8
Cotton,Rajasthan,Nagaur,2010,2017,8
Cotton,Rajasthan,Pali,2010,2017,8
Cotton,Rajasthan,Sikar,2010,2017,8
Cotton,Rajasthan,Sirohi,2010,2017,8
Cotton,Rajasthan,Swami Madhopur,2010,2017,8
Cotton,Rajasthan,Tonk,2010,2017,8
Cotton,Rajasthan,Udaipur,2010,2017,8
Cotton,Tamil Nadu,Chengalpattu Mgr / Kanchipuram,2010,2017,8
Cotton,Tamil Nadu,Coimbatore,2010,2017,8
Cotton,Tamil Nadu,Kanyakumari,2010,2017,5
Cotton,Tamil Nadu,Madurai,2010,2017,7
Cotton,Tamil Nadu,North Arcot / Vellore,2010,2017,7
Cotton,Tamil Nadu,Ramananthapuram,2010,2017,8
Cotton,Tamil Nadu,Salem,2010,2016,5
Cotton,Tamil Nadu,South Arcot / Cuddalore,2010,2017,8
Cotton,Tamil Nadu,Thanjavur,2010,2017,8
Cotton,Tamil Nadu,The Nilgiris,2010,2017,7
Cotton,Tamil Nadu,Thirunelveli,2010,2017,6
Cotton,Tamil Nadu,Tiruchirapalli / Trichy,2010,2017,6
Cotton,Telangana,Adilabad,2010,2017,8
Cotton,Telangana,Hyderabad,2010,2017,8
Cotton,Telangana,Karimnagar,2010,2017,8
Cotton,Telangana,Khammam,2010,2017,8
Cotton,Telangana,Mahabubnagar,2010,2017,8
Cotton,Telangana,Medak,2010,2017,8
Cotton,Telangana,Nalgonda,2010,2017,8
Cotton,Telangana,Nizamabad,2010,2017,8
Cotton,Telangana,Warangal,2010,2017,8
Cotton,Uttar Pradesh,Agra,2010,2017,8
Cotton,Uttar Pradesh,Aligarh,2010,2017,8
Cotton,Uttar Pradesh,Allahabad,2010,2017,8
Cotton,Uttar Pradesh,Azamgarh,2010,2017,8
Cotton,Uttar Pradesh,Bahraich,2010,2017,8
Cotton,Uttar Pradesh,Ballia,2010,2017,8
Cotton,Uttar Pradesh,Banda,2010,2017,8
Cotton,Uttar Pradesh,Barabanki,2010,2017,8
Cotton,Uttar Pradesh,Bareilly,2010,2017,8
Cotton,Uttar Pradesh,Basti,2010,2017,8
Cotton,Uttar Pradesh,Bijnor,2010,2017,8
Cotton,Uttar Pradesh,Budaun,2010,2017,8
Cotton,Uttar Pradesh,Buland Shahar,2010,2017,8
Cotton,Uttar Pradesh,Deoria,2010,2017,8
Cotton,Uttar Pradesh,Etah,2010,2017,8
Cotton,Uttar Pradesh,Etawah,2010,2017,8
Cotton,Uttar Pradesh,Faizabad,2010,2017,8
Cotton,Uttar Pradesh,Farrukhabad,2010,2017,8
Cotton,Uttar Pradesh,Fatehpur,2010,2017,8
Cotton,Uttar Pradesh,Ghazipur,2010,2017,8
Cotton,Uttar Pradesh,Gonda,2010,2017,8
Cotton,Uttar Pradesh,Gorakhpur,2010,2017,8
Cotton,Uttar Pradesh,Hamirpur,2010,2017,8
Cotton,Uttar Pradesh,Hardoi,2010,2017,8
Cotton,Uttar Pradesh,Jalaun,2010,2017,8
Cotton,Uttar Pradesh,Jaunpur,2010,2017,8
Cotton,Uttar Pradesh,Jhansi,2010,2017,8
Cotton,Uttar Pradesh,Kanpur,2010,2017,8
Cotton,Uttar Pradesh,Kheri,2010,2017,8
Cotton,Uttar Pradesh,Lucknow,2010,2017,8
Cotton,Uttar Pradesh,Mainpuri,2010,2017,8
Cotton,Uttar Pradesh,Mathura,2010,2017,8
Cotton,Uttar Pradesh,Meerut,2010,2017,8
Cotton,Uttar Pradesh,Mirzpur,2010,2017,8
Cotton,Uttar Pradesh,Moradabad,2010,2017,8
Cotton,Uttar Pradesh,Muzaffarnagar,2010,2017,8
Cotton,Uttar Pradesh,Pilibhit,2010,2017,8
Cotton,Uttar Pradesh,Pratapgarh,2010,2017,8
Cotton,Uttar Pradesh,Rae-Bareily,2010,2017,8
Cotton,Uttar Pradesh,Rampur,2010,2017,8
Cotton,Uttar Pradesh,Saharanpur,2010,2017,8
Cotton,Uttar Pradesh,Shahjahanpur,2010,2017,8
Cotton,Uttar Pradesh,Sitapur,2010,2017,8
Cotton,Uttar Pradesh,Sultanpur,2010,2017,8
Cotton,Uttar Pradesh,Unnao,2010,2017,8
Cotton,Uttar Pradesh,Varanasi,2010,2017,8
Cotton,Uttarakhand,Almorah,2010,2017,8
Cotton,Uttarakhand,Chamoli,2010,2017,8
Cotton,Uttarakhand,Dehradun,2010,2017,8
Cotton,Uttarakhand,Garhwal,2010,2017,8
Cotton,Uttarakhand,Nainital,2010,2017,8
Cotton,Uttarakhand,Pithorgarh,2010,2017,8
Cotton,Uttarakhand,Tehri Garhwal,2010,2017,8
Cotton,Uttarakhand,Uttar Kashi,2010,2017,8
Cotton,West Bengal,24 Parganas,2010,2017,8
Cotton,West Bengal,Bankura,2010,2017,8
Cotton,West Bengal,Birbhum,2010,2017,8
Cotton,West Bengal,Burdwan,2010,2017,8
Cotton,West Bengal,Cooch Behar,2010,2017,8
Cotton,West Bengal,Darjeeling,2010,2017,8
Cotton,West Bengal,Hooghly,2010,2017,8
Cotton,West Bengal,Howrah,2010,2017,8
Cotton,West Bengal,Jalpaiguri,2010,2017,8
Cotton,West Bengal,Malda,2010,2017,8
Cotton,West Bengal,Midnapur,2010,2017,8
Cotton,West Bengal,Murshidabad,2010,2017,8
Cotton,West Bengal,Nadia,2010,2017,8
Cotton,West Bengal,Purulia,2010,2017,8
Cotton,West Bengal,West Dinajpur,2010,2017,8
Finger Millet,Andhra Pradesh,Ananthapur,2010,2017,8
Finger Millet,Andhra Pradesh,Chittoor,2010,2017,8
Finger Millet,Andhra Pradesh,East Godavari,2010,2017,8
Finger Millet,Andhra Pradesh,Guntur,2010,2017,8
Finger Millet,Andhra Pradesh,Kadapa Ysr,2010,2017,8
Finger Millet,Andhra Pradesh,Krishna,2010,2017,8
Finger Millet,Andhra Pradesh,Kurnool,2010,2017,8
Finger Millet,Andhra Pradesh,S.P.S. Nellore,2010,2017,8
Finger Millet,Andhra Pradesh,Srikakulam,2010,2017,8
Finger Millet,Andhra Pradesh,Visakhapatnam,2010,2017,8
Finger Millet,Andhra Pradesh,West Godavari,2010,2017,8
Finger Millet,Assam,Cachar,2010,2017,8
Finger Millet,Assam,Darrang,2010,2017,8
Finger Millet,Assam,Dibrugarh,2010,2017,8
Finger Millet,Assam,Goalpara,2010,2017,8
Finger Millet,Assam,Kamrup,2010,2017,8
Finger Millet,Assam,Karbi Anglong,2010,2017,8
Finger Millet,Assam,Lakhimpur,2010,2017,8
Finger Millet,Assam,Nagaon,2010,2017,8
Finger Millet,Assam,North Cachar Hil / Dima Hasao,2010,2017,8
Finger Millet,Assam,Sibsagar,2010,2017,8
Finger Millet,Bihar,Bhagalpur,2010,2017,8
Finger Millet,Bihar,Champaran,2010,2017,8
Finger Millet,Bihar,Darbhanga,2010,2017,8
Finger Millet,Bihar,Gaya,2010,2017,8
Finger Millet,Bihar,Mungair,2010,2017,8
Finger Millet,Bihar,Muzaffarpur,2010,2017,8
Finger Millet,Bihar,Patna,2010,2017,8
Finger Millet,Bihar,Purnea,2010,2017,8
Finger Millet,Bihar,Saharsa,2010,2017,8
Finger Millet,Bihar,Saran,2010,2017,8
Finger Millet,Bihar,Shahabad (Now Part Of Bhojpur District),2010,2017,8
Finger Millet,Chhattisgarh,Bastar,2010,2017,8
Finger Millet,Chhattisgarh,Bilaspur,2010,2017,8
Finger Millet,Chhattisgarh,Durg,2010,2017,8
Finger Millet,Chhattisgarh,Raigarh,2010,2017,8
Finger Millet,Chhattisgarh,Raipur,2010,2017,8
Finger Millet,Chhattisgarh,Surguja,2010,2017,8
Finger Millet,Gujarat,Ahmedabad,2010,2017,8
Finger Millet,Gujarat,Amreli,2010,2017,8
Finger Millet,Gujarat,Banaskantha,2010,2017,8
Finger Millet,Gujarat,Bharuch,2010,2017,8
Finger Millet,Gujarat,Bhavnagar,2010,2017,8
Finger Millet,Gujarat,Dangs,2010,2017,8
Finger Millet,Gujarat,Jamnagar,2010,2017,8
Finger Millet,Gujarat,Junagadh,2010,2017,8
Finger Millet,Gujarat,Kheda,2010,2017,8
Finger Millet,Gujarat,Kutch,2010,2017,8
Finger Millet,Gujarat,Mehsana,2010,2017,8
Finger Millet,Gujarat,Panchmahal,2010,2017,8
Finger Millet,Gujarat,Rajkot,2010,2017,8
Finger Millet,Gujarat,Sabarkantha,2010,2017,8
Finger Millet,Gujarat,Surat,2010,2017,8
Finger Millet,Gujarat,Surendranagar,2010,2017,8
Finger Millet,Gujarat,Vadodara / Baroda,2010,2017,8
Finger Millet,Gujarat,Valsad,2010,2017,8
Finger Millet,Haryana,Ambala,2010,2017,8
Finger Millet,Haryana,Gurgaon,2010,2017,8
Finger Millet,Haryana,Hissar,2010,2017,8
Finger Millet,Haryana,Jind,2010,2017,8
Finger Millet,Haryana,Karnal,2010,2017,8
Finger Millet,Haryana,Mahendragarh / Narnaul,2010,2017,8
Finger Millet,Haryana,Rohtak,2010,2017,8
Finger Millet,Himachal Pradesh,Bilashpur,2010,2017,8
Finger Millet,Himachal Pradesh,Chamba,2010,2017,8
Finger Millet,Himachal Pradesh,Kangra,2010,2017,8
Finger Millet,Himachal Pradesh,Kinnaur,2010,2017,8
Finger Millet,Himachal Pradesh,Kullu,2010,2017,8
Finger Millet,Himachal Pradesh,Lahul & Spiti,2010,2017,8
Finger Millet,Himachal Pradesh,Mandi,2010,2017,8
Finger Millet,Himachal Pradesh,Shimla,2010,2017,8
Finger Millet,Himachal Pradesh,Sirmaur,2010,2017,8
Finger Millet,Himachal Pradesh,Solan,2010,2017,8
Finger Millet,Jharkhand,Dhanbad,2010,2017,8
Finger Millet,Jharkhand,Hazaribagh,2010,2017,8
Finger Millet,Jharkhand,Palamau,2010,2017,8
Finger Millet,Jharkhand,Ranchi,2010,2017,8
Finger Millet,Jharkhand,Santhal Paragana / Dumka,2010,2017,8
Finger Millet,Jharkhand,Singhbhum,2010,2017,8
Finger Millet,Karnataka,Bangalore,2010,2017,8
Finger Millet,Karnataka,Belgaum,2010,2017,8
Finger Millet,Karnataka,Bellary,2010,2017,8
Finger Millet,Karnataka,Bidar,2010,2017,8
Finger Millet,Karnataka,Bijapur / Vijayapura,2010,2017,8
Finger Millet,Karnataka,Chickmagalur,2010,2017,8
Finger Millet,Karnataka,Chitradurga,2010,2017,8
Finger Millet,Karnataka,Dakshina Kannada,2010,2017,8
Finger Millet,Karnataka,Dharwad,2010,2017,8
Finger Millet,Karnataka,Gulbarga / Kalaburagi,2010,2017,8
Finger Millet,Karnataka,Hassan,2010,2017,8
Finger Millet,Karnataka,Kodagu / Coorg,2010,2017,8
Finger Millet,Karnataka,Kolar,2010,2017,8
Finger Millet,Karnataka,Mandya,2010,2017,8
Finger Millet,Karnataka,Mysore,2010,2017,8
Finger Millet,Karnataka,Raichur,2010,2017,8
Finger Millet,Karnataka,Shimoge,2010,2017,8
Finger Millet,Karnataka,Tumkur,2010,2017,8
Finger Millet,Karnataka,Uttara Kannada,2010,2017,8
Finger Millet,Kerala,Alappuzha,2010,2017,8
Finger Millet,Kerala,Eranakulam,2010,2017,8
Finger Millet,Kerala,Kannur,2010,2017,8
Finger Millet,Kerala,Kollam,2010,2017,8
Finger Millet,Kerala,Kottayam,2010,2017,8
Finger Millet,Kerala,Kozhikode,2010,2017,8
Finger Millet,Kerala,Malappuram,2010,2017,8
Finger Millet,Kerala,Palakkad,2010,2017,8
Finger Millet,Kerala,Thiruvananthapuram,2010,2017,8
Finger Millet,Kerala,Thrissur,2010,2017,8
Finger Millet,Madhya Pradesh,Balaghat,2010,2017,8
Finger Millet,Madhya Pradesh,Betul,2010,2017,8
Finger Millet,Madhya Pradesh,Bhind,2010,2017,8
Finger Millet,Madhya Pradesh,Chhatarpur,2010,2017,8
Finger Millet,Madhya Pradesh,Chhindwara,2010,2017,8
Finger Millet,Madhya Pradesh,Damoh,2010,2017,8
Finger Millet,Madhya Pradesh,Datia,2010,2017,8
Finger Millet,Madhya Pradesh,Dewas,2010,2017,8
Finger Millet,Madhya Pradesh,Dhar,2010,2017,8
Finger Millet,Madhya Pradesh,Guna,2010,2017,8
Finger Millet,Madhya Pradesh,Gwalior,2010,2017,8
Finger Millet,Madhya Pradesh,Hoshangabad,2010,2017,8
Finger Millet,Madhya Pradesh,Indore,2010,2017,8
Finger Millet,Madhya Pradesh,Jabalpur,2010,2017,8
Finger Millet,Madhya Pradesh,Jhabua,2010,2017,8
Finger Millet,Madhya Pradesh,Khandwa / East Nimar,2010,2017,8
Finger Millet,Madhya Pradesh,Khargone / West Nimar,2010,2017,8
Finger Millet,Madhya Pradesh,Mandla,2010,2017,8
Finger Millet,Madhya Pradesh,Mandsaur,2010,2017,8
Finger Millet,Madhya Pradesh,Morena,2010,2017,8
Finger Millet,Madhya Pradesh,Narsinghpur,2010,2017,8
Finger Millet,Madhya Pradesh,Panna,2010,2017,8
Finger Millet,Madhya Pradesh,Raisen,2010,2017,8
Finger Millet,Madhya Pradesh,Rajgarh,2010,2017,8
Finger Millet,Madhya Pradesh,Ratlam,2010,2017,8
Finger Millet,Madhya Pradesh,Rewa,2010,2016,7
Finger Millet,Madhya Pradesh,Sagar,2010,2017,8
Finger Millet,Madhya Pradesh,Satna,2010,2017,8
Finger Millet,Madhya Pradesh,Sehore,2010,2017,8
Finger Millet,Madhya Pradesh,Seoni / Shivani,2010,2017,8
Finger Millet,Madhya Pradesh,Shahdol,2010,2017,8
Finger Millet,Madhya Pradesh,Shajapur,2010,2017,8
Finger Millet,Madhya Pradesh,Shivpuri,2010,2017,8
Finger Millet,Madhya Pradesh,Sidhi,2010,2017,8
Finger Millet,Madhya Pradesh,Tikamgarh,2010,2017,8
Finger Millet,Madhya Pradesh,Ujjain,2010,2017,8
Finger Millet,Madhya Pradesh,Vidisha,2010,2017,8
Finger Millet,Maharashtra,Ahmednagar,2010,2017,8
Finger Millet,Maharashtra,Akola,2010,2017,8
Finger Millet,Maharashtra,Amarawati,2010,2017,8
Finger Millet,Maharashtra,Aurangabad,2010,2017,8
Finger Millet,Maharashtra,Beed,2010,2017,8
Finger Millet,Maharashtra,Bhandara,2010,2017,8
Finger Millet,Maharashtra,Bombay,2010,2016,4
Finger Millet,Maharashtra,Buldhana,2010,2017,8
Finger Millet,Maharashtra,Chandrapur,2010,2017,8
Finger Millet,Maharashtra,Dhule,2010,2017,8
Finger Millet,Maharashtra,Jalgaon,2010,2017,8
Finger Millet,Maharashtra,Kolhapur,2010,2017,8
Finger Millet,Maharashtra,Nagpur,2010,2017,8
Finger Millet,Maharashtra,Nanded,2010,2017,8
Finger Millet,Maharashtra,Nasik,2010,2017,8
Finger Millet,Maharashtra,Osmanabad,2010,2017,8
Finger Millet,Maharashtra,Parbhani,2010,2017,8
Finger Millet,Maharashtra,Pune,2010,2017,8
Finger Millet,Maharashtra,Raigad,2010,2017,8
Finger Millet,Maharashtra,Ratnagiri,2010,2017,8
Finger Millet,Maharashtra,Sangli,2010,2017,8
Finger Millet,Maharashtra,Satara,2010,2017,8
Finger Millet,Maharashtra,Solapur,2010,2017,8
Finger Millet,Maharashtra,Thane,2010,2017,8
Finger Millet,Maharashtra,Wardha,2010,2017,8
Finger Millet,Maharashtra,Yeotmal,2010,2017,8
Finger Millet,Orissa,Balasore,2010,2017,8
Finger Millet,Orissa,Bolangir,2010,2017,8
Finger Millet,Orissa,Cuttack,2010,2017,8
Finger Millet,Orissa,Dhenkanal,2010,2017,8
Finger Millet,Orissa,Ganjam,2010,2017,8
Finger Millet,Orissa,Kalahandi,2010,2017,8
Finger Millet,Orissa,Keonjhar,2010,2017,8
Finger Millet,Orissa,Koraput,2010,2017,8
Finger Millet,Orissa,Mayurbhanja,2010,2017,8
Finger Millet,Orissa,Phulbani ( Kandhamal ),2010,2017,8
Finger Millet,Orissa,Puri,2010,2017,8
Finger Millet,Orissa,Sambalpur,2010,2017,8
Finger Millet,Orissa,Sundargarh,2010,2017,8
Finger Millet,Punjab,Amritsar,2010,2017,8
Finger Millet,Punjab,Bhatinda,2010,2017,8
Finger Millet,Punjab,Ferozpur,2010,2017,8
Finger Millet,Punjab,Gurdaspur,2010,2017,8
Finger Millet,Punjab,Hoshiarpur,2010,2017,8
Finger Millet,Punjab,Jalandhar,2010,2017,8
Finger Millet,Punjab,Kapurthala,2010,2017,8
Finger Millet,Punjab,Ludhiana,2010,2017,8
Finger Millet,Punjab,Patiala,2010,2017,8
Finger Millet,Punjab,Roopnagar / Ropar,2010,2017,8
Finger Millet,Punjab,Sangrur,2010,2016,7
Finger Millet,Rajasthan,Ajmer,2010,2017,8
Finger Millet,Rajasthan,Alwar,2010,2017,8
Finger Millet,Rajasthan,Banswara,2010,2017,8
Finger Millet,Rajasthan,Barmer,2010,2017,8
Finger Millet,Rajasthan,Bharatpur,2010,2017,8
Finger Millet,Rajasthan,Bhilwara,2010,2017,8
Finger Millet,Rajasthan,Bikaner,2010,2017,8
Finger Millet,Rajasthan,Bundi,2010,2017,8
Finger Millet,Rajasthan,Chittorgarh,2010,2017,8
Finger Millet,Rajasthan,Churu,2010,2017,8
Finger Millet,Rajasthan,Dungarpur,2010,2017,8
Finger Millet,Rajasthan,Ganganagar,2010,2017,8
Finger Millet,Rajasthan,Jaipur,2010,2017,8
Finger Millet,Rajasthan,Jaisalmer,2010,2017,8
Finger Millet,Rajasthan,Jalore,2010,2017,8
Finger Millet,Rajasthan,Jhalawar,2010,2017,8
Finger Millet,Rajasthan,Jhunjhunu,2010,2017,8
Finger Millet,Rajasthan,Jodhpur,2010,2017,8
Finger Millet,Rajasthan,Kota,2010,2017,8
Finger Millet,Rajasthan,Nagaur,2010,2017,8
Finger Millet,Rajasthan,Pali,2010,2017,8
Finger Millet,Rajasthan,Sikar,2010,2017,8
Finger Millet,Rajasthan,Sirohi,2010,2017,8
Finger Millet,Rajasthan,Swami Madhopur,2010,2017,8
Finger Millet,Rajasthan,Tonk,2010,2017,8
Finger Millet,Rajasthan,Udaipur,2010,2017,8
Finger Millet,Tamil Nadu,Chengalpattu Mgr / Kanchipuram,2010,2017,8
Finger Millet,Tamil Nadu,Coimbatore,2010,2017,8
Finger Millet,Tamil Nadu,Kanyakumari,2010,2017,5
Finger Millet,Tamil Nadu,Madurai,2010,2017,7
Finger Millet,Tamil Nadu,North Arcot / Vellore,2010,2017,7
Finger Millet,Tamil Nadu,Ramananthapuram,2010,2017,8
Finger Millet,Tamil Nadu,Salem,2010,2016,5
Finger Millet,Tamil Nadu,South Arcot / Cuddalore,2010,2017,8
Finger Millet,Tamil Nadu,Thanjavur,2010,2017,8
Finger Millet,Tamil Nadu,The Nilgiris,2010,2017,7
Finger Millet,Tamil Nadu,Thirunelveli,2010,2017,6
Finger Millet,Tamil Nadu,Tiruchirapalli / Trichy,2010,2017,6
Finger Millet,Telangana,Adilabad,2010,2017,8
Finger Millet,Telangana,Hyderabad,2010,2017,8
Finger Millet,Telangana,Karimnagar,2010,2017,8
Finger Millet,Telangana,Khammam,2010,2017,8
Finger Millet,Telangana,Mahabubnagar,2010,2017,8
Finger Millet,Telangana,Medak,2010,2017,8
Finger Millet,Telangana,Nalgonda,2010,2017,8
Finger Millet,Telangana,Nizamabad,2010,2017,8
Finger Millet,Telangana,Warangal,2010,2017,8
Finger Millet,Uttar Pradesh,Agra,2010,2017,8
Finger Millet,Uttar Pradesh,Aligarh,2010,2017,8
Finger Millet,Uttar Pradesh,Allahabad,2010,2017,8
Finger Millet,Uttar Pradesh,Azamgarh,2010,2017,8
Finger Millet,Uttar Pradesh,Bahraich,2010,2017,8
Finger Millet,Uttar Pradesh,Ballia,2010,2017,8
Finger Millet,Uttar Pradesh,Banda,2010,2017,8
Finger Millet,Uttar Pradesh,Barabanki,2010,2017,8
Finger Millet,Uttar Pradesh,Bareilly,2010,2017,8
Finger Millet,Uttar Pradesh,Basti,2010,2017,8
Finger Millet,Uttar Pradesh,Bijnor,2010,2017,8
Finger Millet,Uttar Pradesh,Budaun,2010,2017,8
Finger Millet,Uttar Pradesh,Buland Shahar,2010,2017,8
Finger Millet,Uttar Pradesh,Deoria,2010,2017,8
Finger Millet,Uttar Pradesh,Etah,2010,2017,8
Finger Millet,Uttar Pradesh,Etawah,2010,2017,8
Finger Millet,Uttar Pradesh,Faizabad,2010,2017,8
Finger Millet,Uttar Pradesh,Farrukhabad,2010,2017,8
Finger Millet,Uttar Pradesh,Fatehpur,2010,2017,8
Finger Millet,Uttar Pradesh,Ghazipur,2010,2017,8
Finger Millet,Uttar Pradesh,Gonda,2010,2017,8
Finger Millet,Uttar Pradesh,Gorakhpur,2010,2017,8
Finger Millet,Uttar Pradesh,Hamirpur,2010,2017,8
Finger Millet,Uttar Pradesh,Hardoi,2010,2017,8
Finger Millet,Uttar Pradesh,Jalaun,2010,2017,8
Finger Millet,Uttar Pradesh,Jaunpur,2010,2017,8
Finger Millet,Uttar Pradesh,Jhansi,2010,2017,8
Finger Millet,Uttar Pradesh,Kanpur,2010,2017,8
Finger Millet,Uttar Pradesh,Kheri,2010,2017,8
Finger Millet,Uttar Pradesh,Lucknow,2010,2017,8
Finger Millet,Uttar Pradesh,Mainpuri,2010,2017,8
Finger Millet,Uttar Pradesh,Mathura,2010,2017,8
Finger Millet,Uttar Pradesh,Meerut,2010,2017,8
Finger Millet,Uttar Pradesh,Mirzpur,2010,2017,8
Finger Millet,Uttar Pradesh,Moradabad,2010,2017,8
Finger Millet,Uttar Pradesh,Muzaffarnagar,2010,2017,8
Finger Millet,Uttar Pradesh,Pilibhit,2010,2017,8
Finger Millet,Uttar Pradesh,Pratapgarh,2010,2017,8
Finger Millet,Uttar Pradesh,Rae-Bareily,2010,2017,8
Finger Millet,Uttar Pradesh,Rampur,2010,2017,8
Finger Millet,Uttar Pradesh,Saharanpur,2010,2017,8
Finger Millet,Uttar Pradesh,Shahjahanpur,2010,2017,8
Finger Millet,Uttar Pradesh,Sitapur,2010,2017,8
Finger Millet,Uttar Pradesh,Sultanpur,2010,2017,8
Finger Millet,Uttar Pradesh,Unnao,2010,2017,8
Finger Millet,Uttar Pradesh,Varanasi,2010,2017,8
Finger Millet,Uttarakhand,Almorah,2010,2017,8
Finger Millet,Uttarakhand,Chamoli,2010,2017,8
Finger Millet,Uttarakhand,Dehradun,2010,2017,8
Finger Millet,Uttarakhand,Garhwal,2010,2017,8
Finger Millet,Uttarakhand,Nainital,2010,2017,8
Finger Millet,Uttarakhand,Pithorgarh,2010,2017,8
Finger Millet,Uttarakhand,Tehri Garhwal,2010,2017,8
Finger Millet,Uttarakhand,Uttar Kashi,2010,2017,8
Finger Millet,West Bengal,24 Parganas,2010,2017,8
Finger Millet,West Bengal,Bankura,2010,2017,8
Finger Millet,West Bengal,Birbhum,2010,2017,8
Finger Millet,West Bengal,Burdwan,2010,2017,8
Finger Millet,West Bengal,Cooch Behar,2010,2017,8
Finger Millet,West Bengal,Darjeeling,2010,2017,8
Finger Millet,West Bengal,Hooghly,2010,2017,8
Finger Millet,West Bengal,Howrah,2010,2017,8
Finger Millet,West Bengal,Jalpaiguri,2010,2017,8
Finger Millet,West Bengal,Malda,2010,2017,8
Finger Millet,West Bengal,Midnapur,2010,2017,8
Finger Millet,West Bengal,Murshidabad,2010,2017,8
Finger Millet,West Bengal,Nadia,2010,2017,8
Finger Millet,West Bengal,Purulia,2010,2017,8
Finger Millet,West Bengal,West Dinajpur,2010,2017,8
Fodder,Andhra Pradesh,Ananthapur,2010,2017,8
Fodder,Andhra Pradesh,Chittoor,2010,2017,8
Fodder,Andhra Pradesh,East Godavari,2010,2017,8
Fodder,Andhra Pradesh,Guntur,2010,2017,8
Fodder,Andhra Pradesh,Kadapa Ysr,2010,2017,8
Fodder,Andhra Pradesh,Krishna,2010,2017,8
Fodder,Andhra Pradesh,Kurnool,2010,2017,8
Fodder,Andhra Pradesh,S.P.S. Nellore,2010,2017,8
Fodder,Andhra Pradesh,Srikakulam,2010,2017,8
Fodder,Andhra Pradesh,Visakhapatnam,2010,2017,8
Fodder,Andhra Pradesh,West Godavari,2010,2017,8
Fodder,Assam,Cachar,2010,2017,8
Fodder,Assam,Darrang,2010,2017,8
Fodder,Assam,Dibrugarh,2010,2017,8
Fodder,Assam,Goalpara,2010,2017,8
Fodder,Assam,Kamrup,2010,2017,8
Fodder,Assam,Karbi Anglong,2010,2017,8
Fodder,Assam,Lakhimpur,2010,2017,8
Fodder,Assam,Nagaon,2010,2017,8
Fodder,Assam,North Cachar Hil / Dima Hasao,2010,2017,8
Fodder,Assam,Sibsagar,2010,2017,8
Fodder,Bihar,Bhagalpur,2010,2017,8
Fodder,Bihar,Champaran,2010,2017,8
Fodder,Bihar,Darbhanga,2010,2017,8
Fodder,Bihar,Gaya,2010,2017,8
Fodder,Bihar,Mungair,2010,2017,8
Fodder,Bihar,Muzaffarpur,2010,2017,8
Fodder,Bihar,Patna,2010,2017,8
Fodder,Bihar,Purnea,2010,2017,8
Fodder,Bihar,Saharsa,2010,2017,8
Fodder,Bihar,Saran,2010,2017,8
Fodder,Bihar,Shahabad (Now Part Of Bhojpur District),2010,2017,8
Fodder,Chhattisgarh,Bastar,2010,2017,8
Fodder,Chhattisgarh,Bilaspur,2010,2017,8
Fodder,Chhattisgarh,Durg,2010,2017,8
Fodder,Chhattisgarh,Raigarh,2010,2017,8
Fodder,Chhattisgarh,Raipur,2010,2017,8
Fodder,Chhattisgarh,Surguja,2010,2017,8
Fodder,Gujarat,Ahmedabad,2010,2017,8
Fodder,Gujarat,Amreli,2010,2017,8
Fodder,Gujarat,Banaskantha,2010,2017,8
Fodder,Gujarat,Bharuch,2010,2017,8
Fodder,Gujarat,Bhavnagar,2010,2017,8
Fodder,Gujarat,Dangs,2010,2017,8
Fodder,Gujarat,Jamnagar,2010,2017,8
Fodder,Gujarat,Junagadh,2010,2017,8
Fodder,Gujarat,Kheda,2010,2017,8
Fodder,Gujarat,Kutch,2010,2017,8
Fodder,Gujarat,Mehsana,2010,2017,8
Fodder,Gujarat,Panchmahal,2010,2017,8
Fodder,Gujarat,Rajkot,2010,2017,8
Fodder,Gujarat,Sabarkantha,2010,2017,8
Fodder,Gujarat,Surat,2010,2017,8
Fodder,Gujarat,Surendranagar,2010,2017,8
Fodder,Gujarat,Vadodara / Baroda,2010,2017,8
Fodder,Gujarat,Valsad,2010,2017,8
Fodder,Haryana,Ambala,2010,2017,8
Fodder,Haryana,Gurgaon,2010,2017,8
Fodder,Haryana,Hissar,2010,2017,8
Fodder,Haryana,Jind,2010,2017,8
Fodder,Haryana,Karnal,2010,2017,8
Fodder,Haryana,Mahendragarh / Narnaul,2010,2017,8
Fodder,Haryana,Rohtak,2010,2017,8
Fodder,Himachal Pradesh,Bilashpur,2010,2017,8
Fodder,Himachal Pradesh,Chamba,2010,2017,8
Fodder,Himachal Pradesh,Kangra,2010,2017,8
Fodder,Himachal Pradesh,Kinnaur,2010,2017,8
Fodder,Himachal Pradesh,Kullu,2010,2017,8
Fodder,Himachal Pradesh,Lahul & Spiti,2010,2017,8
Fodder,Himachal Pradesh,Mandi,2010,2017,8
Fodder,Himachal Pradesh,Shimla,2010,2017,8
Fodder,Himachal Pradesh,Sirmaur,2010,2017,8
Fodder,Himachal Pradesh,Solan,2010,2017,8
Fodder,Jharkhand,Dhanbad,2010,2017,8
Fodder,Jharkhand,Hazaribagh,2010,2017,8
Fodder,Jharkhand,Palamau,2010,2017,8
Fodder,Jharkhand,Ranchi,2010,2017,8
Fodder,Jharkhand,Santhal Paragana / Dumka,2010,2017,8
Fodder,Jharkhand,Singhbhum,2010,2017,8
Fodder,Karnataka,Bangalore,2010,2017,8
Fodder,Karnataka,Belgaum,2010,2017,8
Fodder,Karnataka,Bellary,2010,2017,8
Fodder,Karnataka,Bidar,2010,2017,8
Fodder,Karnataka,Bijapur / Vijayapura,2010,2017,8
Fodder,Karnataka,Chickmagalur,2010,2017,8
Fodder,Karnataka,Chitradurga,2010,2017,8
Fodder,Karnataka,Dakshina Kannada,2010,2017,8
Fodder,Karnataka,Dharwad,2010,2017,8
Fodder,Karnataka,Gulbarga / Kalaburagi,2010,2017,8
Fodder,Karnataka,Hassan,2010,2017,8
Fodder,Karnataka,Kodagu / Coorg,2010,2017,8
Fodder,Karnataka,Kolar,2010,2017,8
Fodder,Karnataka,Mandya,2010,2017,8
Fodder,Karnataka,Mysore,2010,2017,8
Fodder,Karnataka,Raichur,2010,2017,8
Fodder,Karnataka,Shimoge,2010,2017,8
Fodder,Karnataka,Tumkur,2010,2017,8
Fodder,Karnataka,Uttara Kannada,2010,2017,8
Fodder,Kerala,Alappuzha,2010,2017,8
Fodder,Kerala,Eranakulam,2010,2017,8
Fodder,Kerala,Kannur,2010,2017,8
Fodder,Kerala,Kollam,2010,2017,8
Fodder,Kerala,Kottayam,2010,2017,8
Fodder,Kerala,Kozhikode,2010,2017,8
Fodder,Kerala,Malappuram,2010,2017,8
Fodder,Kerala,Palakkad,2010,2017,8
Fodder,Kerala,Thiruvananthapuram,2010,2017,8
Fodder,Kerala,Thrissur,2010,2017,8
Fodder,Madhya Pradesh,Balaghat,2010,2017,8
Fodder,Madhya Pradesh,Betul,2010,2017,8
Fodder,Madhya Pradesh,Bhind,2010,2017,8
Fodder,Madhya Pradesh,Chhatarpur,2010,2017,8
Fodder,Madhya Pradesh,Chhindwara,2010,2017,8
Fodder,Madhya Pradesh,Damoh,2010,2017,8
Fodder,Madhya Pradesh,Datia,2010,2017,8
Fodder,Madhya Pradesh,Dewas,2010,2017,8
Fodder,Madhya Pradesh,Dhar,2010,2017,8
Fodder,Madhya Pradesh,Guna,2010,2017,8
Fodder,Madhya Pradesh,Gwalior,2010,2017,8
Fodder,Madhya Pradesh,Hoshangabad,2010,2017,8
Fodder,Madhya Pradesh,Indore,2010,2017,8
Fodder,Madhya Pradesh,Jabalpur,2010,2017,8
Fodder,Madhya Pradesh,Jhabua,2010,2017,8
Fodder,Madhya Pradesh,Khandwa / East Nimar,2010,2017,8
Fodder,Madhya Pradesh,Khargone / West Nimar,2010,2017,8
Fodder,Madhya Pradesh,Mandla,2010,2017,8
Fodder,Madhya Pradesh,Mandsaur,2010,2017,8
Fodder,Madhya Pradesh,Morena,2010,2017,8
Fodder,Madhya Pradesh,Narsinghpur,2010,2017,8
Fodder,Madhya Pradesh,Panna,2010,2017,8
Fodder,Madhya Pradesh,Raisen,2010,2017,8
Fodder,Madhya Pradesh,Rajgarh,2010,2017,8
Fodder,Madhya Pradesh,Ratlam,2010,2017,8
Fodder,Madhya Pradesh,Rewa,2010,2016,7
Fodder,Madhya Pradesh,Sagar,2010,2017,8
Fodder,Madhya Pradesh,Satna,2010,2017,8
Fodder,Madhya Pradesh,Sehore,2010,2017,8
Fodder,Madhya Pradesh,Seoni / Shivani,2010,2017,8
Fodder,Madhya Pradesh,Shahdol,2010,2017,8
Fodder,Madhya Pradesh,Shajapur,2010,2017,8
Fodder,Madhya Pradesh,Shivpuri,2010,2017,8
Fodder,Madhya Pradesh,Sidhi,2010,2017,8
Fodder,Madhya Pradesh,Tikamgarh,2010,2017,8
Fodder,Madhya Pradesh,Ujjain,2010,2017,8
Fodder,Madhya Pradesh,Vidisha,2010,2017,8
Fodder,Maharashtra,Ahmednagar,2010,2017,8
Fodder,Maharashtra,Akola,2010,2017,8
Fodder,Maharashtra,Amarawati,2010,2017,8
Fodder,Maharashtra,Aurangabad,2010,2017,8
Fodder,Maharashtra,Beed,2010,2017,8
Fodder,Maharashtra,Bhandara,2010,2017,8
Fodder,Maharashtra,Bombay,2010,2016,4
Fodder,Maharashtra,Buldhana,2010,2017,8
Fodder,Maharashtra,Chandrapur,2010,2017,8
Fodder,Maharashtra,Dhule,2010,2017,8
Fodder,Maharashtra,Jalgaon,2010,2017,8
Fodder,Maharashtra,Kolhapur,2010,2017,8
Fodder,Maharashtra,Nagpur,2010,2017,8
Fodder,Maharashtra,Nanded,2010,2017,8
Fodder,Maharashtra,Nasik,2010,2017,8
Fodder,Maharashtra,Osmanabad,2010,2017,8
Fodder,Maharashtra,Parbhani,2010,2017,8
Fodder,Maharashtra,Pune,2010,2017,8
Fodder,Maharashtra,Raigad,2010,2017,8
Fodder,Maharashtra,Ratnagiri,2010,2017,8
Fodder,Maharashtra,Sangli,2010,2017,8
Fodder,Maharashtra,Satara,2010,2017,8
Fodder,Maharashtra,Solapur,2010,2017,8
Fodder,Maharashtra,Thane,2010,2017,8
Fodder,Maharashtra,Wardha,2010,2017,8
Fodder,Maharashtra,Yeotmal,2010,2017,8
Fodder,Orissa,Balasore,2010,2017,8
Fodder,Orissa,Bolangir,2010,2017,8
Fodder,Orissa,Cuttack,2010,2017,8
Fodder,Orissa,Dhenkanal,2010,2017,8
Fodder,Orissa,Ganjam,2010,2017,8
Fodder,Orissa,Kalahandi,2010,2017,8
Fodder,Orissa,Keonjhar,2010,2017,8
Fodder,Orissa,Koraput,2010,2017,8
Fodder,Orissa,Mayurbhanja,2010,2017,8
Fodder,Orissa,Phulbani ( Kandhamal ),2010,2017,8
Fodder,Orissa,Puri,2010,2017,8
Fodder,Orissa,Sambalpur,2010,2017,8
Fodder,Orissa,Sundargarh,2010,2017,8
Fodder,Punjab,Amritsar,2010,2017,8
Fodder,Punjab,Bhatinda,2010,2017,8
Fodder,Punjab,Ferozpur,2010,2017,8
Fodder,Punjab,Gurdaspur,2010,2017,8
Fodder,Punjab,Hoshiarpur,2010,2017,8
Fodder,Punjab,Jalandhar,2010,2017,8
Fodder,Punjab,Kapurthala,2010,2017,8
Fodder,Punjab,Ludhiana,2010,2017,8
Fodder,Punjab,Patiala,2010,2017,8
Fodder,Punjab,Roopnagar / Ropar,2010,2017,8
Fodder,Punjab,Sangrur,2010,2016,7
Fodder,Rajasthan,Ajmer,2010,2017,8
Fodder,Rajasthan,Alwar,2010,2017,8
Fodder,Rajasthan,Banswara,2010,2017,8
Fodder,Rajasthan,Barmer,2010,2017,8
Fodder,Rajasthan,Bharatpur,2010,2017,8
Fodder,Rajasthan,Bhilwara,2010,2017,8
Fodder,Rajasthan,Bikaner,2010,2017,8
Fodder,Rajasthan,Bundi,2010,2017,8
Fodder,Rajasthan,Chittorgarh,2010,2017,8
Fodder,Rajasthan,Churu,2010,2017,8
Fodder,Rajasthan,Dungarpur,2010,2017,8
Fodder,Rajasthan,Ganganagar,2010,2017,8
Fodder,Rajasthan,Jaipur,2010,2017,8
Fodder,Rajasthan,Jaisalmer,2010,2017,8
Fodder,Rajasthan,Jalore,2010,2017,8
Fodder,Rajasthan,Jhalawar,2010,2017,8
Fodder,Rajasthan,Jhunjhunu,2010,2017,8
Fodder,Rajasthan,Jodhpur,2010,2017,8
Fodder,Rajasthan,Kota,2010,2017,8
Fodder,Rajasthan,Nagaur,2010,2017,8
Fodder,Rajasthan,Pali,2010,2017,8
Fodder,Rajasthan,Sikar,2010,2017,8
Fodder,Rajasthan,Sirohi,2010,2017,8
Fodder,Rajasthan,Swami Madhopur,2010,2017,8
Fodder,Rajasthan,Tonk,2010,2017,8
Fodder,Rajasthan,Udaipur,2010,2017,8
Fodder,Tamil Nadu,Chengalpattu Mgr / Kanchipuram,2010,2017,8
Fodder,Tamil Nadu,Coimbatore,2010,2017,8
Fodder,Tamil Nadu,Kanyakumari,2010,2017,5
Fodder,Tamil Nadu,Madurai,2010,2017,7
Fodder,Tamil Nadu,North Arcot / Vellore,2010,2017,7
Fodder,Tamil Nadu,Ramananthapuram,2010,2017,8
Fodder,Tamil Nadu,Salem,2010,2016,5
Fodder,Tamil Nadu,South Arcot / Cuddalore,2010,2017,8
Fodder,Tamil Nadu,Thanjavur,2010,2017,8
Fodder,Tamil Nadu,The Nilgiris,2010,2017,7
Fodder,Tamil Nadu,Thirunelveli,2010,2017,6
Fodder,Tamil Nadu,Tiruchirapalli / Trichy,2010,2017,6
Fodder,Telangana,Adilabad,2010,2017,8
Fodder,Telangana,Hyderabad,2010,2017,8
Fodder,Telangana,Karimnagar,2010,2017,8
Fodder,Telangana,Khammam,2010,2017,8
Fodder,Telangana,Mahabubnagar,2010,2017,8
Fodder,Telangana,Medak,2010,2017,8
Fodder,Telangana,Nalgonda,2010,2017,8
Fodder,Telangana,Nizamabad,2010,2017,8
Fodder,Telangana,Warangal,2010,2017,8
Fodder,Uttar Pradesh,Agra,2010,2017,8
Fodder,Uttar Pradesh,Aligarh,2010,2017,8
Fodder,Uttar Pradesh,Allahabad,2010,2017,8
Fodder,Uttar Pradesh,Azamgarh,2010,2017,8
Fodder,Uttar Pradesh,Bahraich,2010,2017,8
Fodder,Uttar Pradesh,Ballia,2010,2017,8
Fodder,Uttar Pradesh,Banda,2010,2017,8
Fodder,Uttar Pradesh,Barabanki,2010,2017,8
Fodder,Uttar Pradesh,Bareilly,2010,2017,8
Fodder,Uttar Pradesh,Basti,2010,2017,8
Fodder,Uttar Pradesh,Bijnor,2010,2017,8
Fodder,Uttar Pradesh,Budaun,2010,2017,8
Fodder,Uttar Pradesh,Buland Shahar,2010,2017,8
Fodder,Uttar Pradesh,Deoria,2010,2017,8
Fodder,Uttar Pradesh,Etah,2010,2017,8
Fodder,Uttar Pradesh,Etawah,2010,2017,8
Fodder,Uttar Pradesh,Faizabad,2010,2017,8
Fodder,Uttar Pradesh,Farrukhabad,2010,2017,8
Fodder,Uttar Pradesh,Fatehpur,2010,2017,8
Fodder,Uttar Pradesh,Ghazipur,2010,2017,8
Fodder,Uttar Pradesh,Gonda,2010,2017,8
Fodder,Uttar Pradesh,Gorakhpur,2010,2017,8
Fodder,Uttar Pradesh,Hamirpur,2010,2017,8
Fodder,Uttar Pradesh,Hardoi,2010,2017,8
Fodder,Uttar Pradesh,Jalaun,2010,2017,8
Fodder,Uttar Pradesh,Jaunpur,2010,2017,8
Fodder,Uttar Pradesh,Jhansi,2010,2017,8
Fodder,Uttar Pradesh,Kanpur,2010,2017,8
Fodder,Uttar Pradesh,Kheri,2010,2017,8
Fodder,Uttar Pradesh,Lucknow,2010,2017,8
Fodder,Uttar Pradesh,Mainpuri,2010,2017,8
Fodder,Uttar Pradesh,Mathura,2010,2017,8
Fodder,Uttar Pradesh,Meerut,2010,2017,8
Fodder,Uttar Pradesh,Mirzpur,2010,2017,8
Fodder,Uttar Pradesh,Moradabad,2010,2017,8
Fodder,Uttar Pradesh,Muzaffarnagar,2010,2017,8
Fodder,Uttar Pradesh,Pilibhit,2010,2017,8
Fodder,Uttar Pradesh,Pratapgarh,2010,2017,8
Fodder,Uttar Pradesh,Rae-Bareily,2010,2017,8
Fodder,Uttar Pradesh,Rampur,2010,2017,8
Fodder,Uttar Pradesh,Saharanpur,2010,2017,8
Fodder,Uttar Pradesh,Shahjahanpur,2010,2017,8
Fodder,Uttar Pradesh,Sitapur,2010,2017,8
Fodder,Uttar Pradesh,Sultanpur,2010,2017,8
Fodder,Uttar Pradesh,Unnao,2010,2017,8
Fodder,Uttar Pradesh,Varanasi,2010,2017,8
Fodder,Uttarakhand,Almorah,2010,2017,8
Fodder,Uttarakhand,Chamoli,2010,2017,8
Fodder,Uttarakhand,Dehradun,2010,2017,8
Fodder,Uttarakhand,Garhwal,2010,2017,8
Fodder,Uttarakhand,Nainital,2010,2017,8
Fodder,Uttarakhand,Pithorgarh,2010,2017,8
Fodder,Uttarakhand,Tehri Garhwal,2010,2017,8
Fodder,Uttarakhand,Uttar Kashi,2010,2017,8
Fodder,West Bengal,24 Parganas,2010,2017,8
Fodder,West Bengal,Bankura,2010,2017,8
Fodder,West Bengal,Birbhum,2010,2017,8
Fodder,West Bengal,Burdwan,2010,2017,8
Fodder,West Bengal,Cooch Behar,2010,2017,8
Fodder,West Bengal,Darjeeling,2010,2017,8
Fodder,West Bengal,Hooghly,2010,2017,8
Fodder,West Bengal,Howrah,2010,2017,8
Fodder,West Bengal,Jalpaiguri,2010,2017,8
Fodder,West Bengal,Malda,2010,2017,8
Fodder,West Bengal,Midnapur,2010,2017,8
Fodder,West Bengal,Murshidabad,2010,2017,8
Fodder,West Bengal,Nadia,2010,2017,8
Fodder,West Bengal,Purulia,2010,2017,8
Fodder,West Bengal,West Dinajpur,2010,2017,8
Fruits,Andhra Pradesh,Ananthapur,2010,2017,8
Fruits,Andhra Pradesh,Chittoor,2010,2017,8
Fruits,Andhra Pradesh,East Godavari,2010,2017,8
Fruits,Andhra Pradesh,Guntur,2010,2017,8
Fruits,Andhra Pradesh,Kadapa Ysr,2010,2017,8
Fruits,Andhra Pradesh,Krishna,2010,2017,8
Fruits,Andhra Pradesh,Kurnool,2010,2017,8
Fruits,Andhra Pradesh,S.P.S. Nellore,2010,2017,8
Fruits,Andhra Pradesh,Srikakulam,2010,2017,8
Fruits,Andhra Pradesh,Visakhapatnam,2010,2017,8
Fruits,Andhra Pradesh,West Godavari,2010,2017,8
Fruits,Assam,Cachar,2010,2017,8
Fruits,Assam,Darrang,2010,2017,8
Fruits,Assam,Dibrugarh,2010,2017,8
Fruits,Assam,Goalpara,2010,2017,8
Fruits,Assam,Kamrup,2010,2017,8
Fruits,Assam,Karbi Anglong,2010,2017,8
Fruits,Assam,Lakhimpur,2010,2017,8
Fruits,Assam,Nagaon,2010,2017,8
Fruits,Assam,North Cachar Hil / Dima Hasao,2010,2017,8
Fruits,Assam,Sibsagar,2010,2017,8
Fruits,Bihar,Bhagalpur,2010,2017,8
Fruits,Bihar,Champaran,2010,2017,8
Fruits,Bihar,Darbhanga,2010,2017,8
Fruits,Bihar,Gaya,2010,2017,8
Fruits,Bihar,Mungair,2010,2017,8
Fruits,Bihar,Muzaffarpur,2010,2017,8
Fruits,Bihar,Patna,2010,2017,8
Fruits,Bihar,Purnea,2010,2017,8
Fruits,Bihar,Saharsa,2010,2017,8
Fruits,Bihar,Saran,2010,2017,8
Fruits,Bihar,Shahabad (Now Part Of Bhojpur District),2010,2017,8
Fruits,Chhattisgarh,Bastar,2010,2017,8
Fruits,Chhattisgarh,Bilaspur,2010,2017,8
Fruits,Chhattisgarh,Durg,2010,2017,8
Fruits,Chhattisgarh,Raigarh,2010,2017,8
Fruits,Chhattisgarh,Raipur,2010,2017,8
Fruits,Chhattisgarh,Surguja,2010,2017,8
Fruits,Gujarat,Ahmedabad,2010,2017,8
Fruits,Gujarat,Amreli,2010,2017,8
Fruits,Gujarat,Banaskantha,2010,2017,8
Fruits,Gujarat,Bharuch,2010,2017,8
Fruits,Gujarat,Bhavnagar,2010,2017,8
Fruits,Gujarat,Dangs,2010,2017,8
Fruits,Gujarat,Jamnagar,2010,2017,8
Fruits,Gujarat,Junagadh,2010,2017,8
Fruits,Gujarat,Kheda,2010,2017,8
Fruits,Gujarat,Kutch,2010,2017,8
Fruits,Gujarat,Mehsana,2010,2017,8
Fruits,Gujarat,Panchmahal,2010,2017,8
Fruits,Gujarat,Rajkot,2010,2017,8
Fruits,Gujarat,Sabarkantha,2010,2017,8
Fruits,Gujarat,Surat,2010,2017,8
Fruits,Gujarat,Surendranagar,2010,2017,8
Fruits,Gujarat,Vadodara / Baroda,2010,2017,8
Fruits,Gujarat,Valsad,2010,2017,8
Fruits,Haryana,Ambala,2010,2017,8
Fruits,Haryana,Gurgaon,2010,2017,8
Fruits,Haryana,Hissar,2010,2017,8
Fruits,Haryana,Jind,2010,2017,8
Fruits,Haryana,Karnal,2010,2017,8
Fruits,Haryana,Mahendragarh / Narnaul,2010,2017,8
Fruits,Haryana,Rohtak,2010,2017,8
Fruits,Himachal Pradesh,Bilashpur,2010,2017,8
Fruits,Himachal Pradesh,Chamba,2010,2017,8
Fruits,Himachal Pradesh,Kangra,2010,2017,8
Fruits,Himachal Pradesh,Kinnaur,2010,2017,8
Fruits,Himachal Pradesh,Kullu,2010,2017,8
Fruits,Himachal Pradesh,Lahul & Spiti,2010,2017,8
Fruits,Himachal Pradesh,Mandi,2010,2017,8
Fruits,Himachal Pradesh,Shimla,2010,2017,8
Fruits,Himachal Pradesh,Sirmaur,2010,2017,8
Fruits,Himachal Pradesh,Solan,2010,2017,8
Fruits,Jharkhand,Dhanbad,2010,2017,8
Fruits,Jharkhand,Hazaribagh,2010,2017,8
Fruits,Jharkhand,Palamau,2010,2017,8
Fruits,Jharkhand,Ranchi,2010,2017,8
Fruits,Jharkhand,Santhal Paragana / Dumka,2010,2017,8
Fruits,Jharkhand,Singhbhum,2010,2017,8
Fruits,Karnataka,Bangalore,2010,2017,8
Fruits,Karnataka,Belgaum,2010,2017,8
Fruits,Karnataka,Bellary,2010,2017,8
Fruits,Karnataka,Bidar,2010,2017,8
Fruits,Karnataka,Bijapur / Vijayapura,2010,2017,8
Fruits,Karnataka,Chickmagalur,2010,2017,8
Fruits,Karnataka,Chitradurga,2010,2017,8
Fruits,Karnataka,Dakshina Kannada,2010,2017,8
Fruits,Karnataka,Dharwad,2010,2017,8
Fruits,Karnataka,Gulbarga / Kalaburagi,2010,2017,8
Fruits,Karnataka,Hassan,2010,2017,8
Fruits,Karnataka,Kodagu / Coorg,2010,2017,8
Fruits,Karnataka,Kolar,2010,2017,8
Fruits,Karnataka,Mandya,2010,2017,8
Fruits,Karnataka,Mysore,2010,2017,8
Fruits,Karnataka,Raichur,2010,2017,8
Fruits,Karnataka,Shimoge,2010,2017,8
Fruits,Karnataka,Tumkur,2010,2017,8
Fruits,Karnataka,Uttara Kannada,2010,2017,8
Fruits,Kerala,Alappuzha,2010,2017,8
Fruits,Kerala,Eranakulam,2010,2017,8
Fruits,Kerala,Kannur,2010,2017,8
Fruits,Kerala,Kollam,2010,2017,8
Fruits,Kerala,Kottayam,2010,2017,8
Fruits,Kerala,Kozhikode,2010,2017,8
Fruits,Kerala,Malappuram,2010,2017,8
Fruits,Kerala,Palakkad,2010,2017,8
Fruits,Kerala,Thiruvananthapuram,2010,2017,8
Fruits,Kerala,Thrissur,2010,2017,8
Fruits,Madhya Pradesh,Balaghat,2010,2017,8
Fruits,Madhya Pradesh,Betul,2010,2017,8
Fruits,Madhya Pradesh,Bhind,2010,2017,8
Fruits,Madhya Pradesh,Chhatarpur,2010,2017,8
Fruits,Madhya Pradesh,Chhindwara,2010,2017,8
Fruits,Madhya Pradesh,Damoh,2010,2017,8
Fruits,Madhya Pradesh,Datia,2010,2017,8
Fruits,Madhya Pradesh,Dewas,2010,2017,8
Fruits,Madhya Pradesh,Dhar,2010,2017,8
Fruits,Madhya Pradesh,Guna,2010,2017,8
Fruits,Madhya Pradesh,Gwalior,2010,2017,8
Fruits,Madhya Pradesh,Hoshangabad,2010,2017,8
Fruits,Madhya Pradesh,Indore,2010,2017,8
Fruits,Madhya Pradesh,Jabalpur,2010,2017,8
Fruits,Madhya Pradesh,Jhabua,2010,2017,8
Fruits,Madhya Pradesh,Khandwa / East Nimar,2010,2017,8
Fruits,Madhya Pradesh,Khargone / West Nimar,2010,2017,8
Fruits,Madhya Pradesh,Mandla,2010,2017,8
Fruits,Madhya Pradesh,Mandsaur,2010,2017,8
Fruits,Madhya Pradesh,Morena,2010,2017,8
Fruits,Madhya Pradesh,Narsinghpur,2010,2017,8
Fruits,Madhya Pradesh,Panna,2010,2017,8
Fruits,Madhya Pradesh,Raisen,2010,2017,8
Fruits,Madhya Pradesh,Rajgarh,2010,2017,8
Fruits,Madhya Pradesh,Ratlam,2010,2017,8
Fruits,Madhya Pradesh,Rewa,2010,2016,7
Fruits,Madhya Pradesh,Sagar,2010,2017,8
Fruits,Madhya Pradesh,Satna,2010,2017,8
Fruits,Madhya Pradesh,Sehore,2010,2017,8
Fruits,Madhya Pradesh,Seoni / Shivani,2010,2017,8
Fruits,Madhya Pradesh,Shahdol,2010,2017,8
Fruits,Madhya Pradesh,Shajapur,2010,2017,8
Fruits,Madhya Pradesh,Shivpuri,2010,2017,8
Fruits,Madhya Pradesh,Sidhi,2010,2017,8
Fruits,Madhya Pradesh,Tikamgarh,2010,2017,8
Fruits,Madhya Pradesh,Ujjain,2010,2017,8
Fruits,Madhya Pradesh,Vidisha,2010,2017,8
Fruits,Maharashtra,Ahmednagar,2010,2017,8
Fruits,Maharashtra,Akola,2010,2017,8
Fruits,Maharashtra,Amarawati,2010,2017,8
Fruits,Maharashtra,Aurangabad,2010,2017,8
Fruits,Maharashtra,Beed,2010,2017,8
Fruits,Maharashtra,Bhandara,2010,2017,8
Fruits,Maharashtra,Bombay,2010,2016,4
Fruits,Maharashtra,Buldhana,2010,2017,8
Fruits,Maharashtra,Chandrapur,2010,2017,8
Fruits,Maharashtra,Dhule,2010,2017,8
Fruits,Maharashtra,Jalgaon,2010,2017,8
Fruits,Maharashtra,Kolhapur,2010,2017,8
Fruits,Maharashtra,Nagpur,2010,2017,8
Fruits,Maharashtra,Nanded,2010,2017,8
Fruits,Maharashtra,Nasik,2010,2017,8
Fruits,Maharashtra,Osmanabad,2010,2017,8
Fruits,Maharashtra,Parbhani,2010,2017,8
Fruits,Maharashtra,Pune,2010,2017,8
Fruits,Maharashtra,Raigad,2010,2017,8
Fruits,Maharashtra,Ratnagiri,2010,2017,8
Fruits,Maharashtra,Sangli,2010,2017,8
Fruits,Maharashtra,Satara,2010,2017,8
Fruits,Maharashtra,Solapur,2010,2017,8
Fruits,Maharashtra,Thane,2010,2017,8
Fruits,Maharashtra,Wardha,2010,2017,8
Fruits,Maharashtra,Yeotmal,2010,2017,8
Fruits,Orissa,Balasore,2010,2017,8
Fruits,Orissa,Bolangir,2010,2017,8
Fruits,Orissa,Cuttack,2010,2017,8
Fruits,Orissa,Dhenkanal,2010,2017,8
Fruits,Orissa,Ganjam,2010,2017,8
Fruits,Orissa,Kalahandi,2010,2017,8
Fruits,Orissa,Keonjhar,2010,2017,8
Fruits,Orissa,Koraput,2010,2017,8
Fruits,Orissa,Mayurbhanja,2010,2017,8
Fruits,Orissa,Phulbani ( Kandhamal ),2010,2017,8
Fruits,Orissa,Puri,2010,2017,8
Fruits,Orissa,Sambalpur,2010,2017,8
Fruits,Orissa,Sundargarh,2010,2017,8
Fruits,Punjab,Amritsar,2010,2017,8
Fruits,Punjab,Bhatinda,2010,2017,8
Fruits,Punjab,Ferozpur,2010,2017,8
Fruits,Punjab,Gurdaspur,2010,2017,8
Fruits,Punjab,Hoshiarpur,2010,2017,8
Fruits,Punjab,Jalandhar,2010,2017,8
Fruits,Punjab,Kapurthala,2010,2017,8
Fruits,Punjab,Ludhiana,2010,2017,8
Fruits,Punjab,Patiala,2010,2017,8
Fruits,Punjab,Roopnagar / Ropar,2010,2017,8
Fruits,Punjab,Sangrur,2010,2016,7
Fruits,Rajasthan,Ajmer,2010,2017,8
Fruits,Rajasthan,Alwar,2010,2017,8
Fruits,Rajasthan,Banswara,2010,2017,8
Fruits,Rajasthan,Barmer,2010,2017,8
Fruits,Rajasthan,Bharatpur,2010,2017,8
Fruits,Rajasthan,Bhilwara,2010,2017,8
Fruits,Rajasthan,Bikaner,2010,2017,8
Fruits,Rajasthan,Bundi,2010,2017,8
Fruits,Rajasthan,Chittorgarh,2010,2017,8
Fruits,Rajasthan,Churu,2010,2017,8
Fruits,Rajasthan,Dungarpur,2010,2017,8
Fruits,Rajasthan,Ganganagar,2010,2017,8
Fruits,Rajasthan,Jaipur,2010,2017,8
Fruits,Rajasthan,Jaisalmer,2010,2017,8
Fruits,Rajasthan,Jalore,2010,2017,8
Fruits,Rajasthan,Jhalawar,2010,2017,8
Fruits,Rajasthan,Jhunjhunu,2010,2017,8
Fruits,Rajasthan,Jodhpur,2010,2017,8
Fruits,Rajasthan,Kota,2010,2017,8
Fruits,Rajasthan,Nagaur,2010,2017,8
Fruits,Rajasthan,Pali,2010,2017,8
Fruits,Rajasthan,Sikar,2010,2017,8
Fruits,Rajasthan,Sirohi,2010,2017,8
Fruits,Rajasthan,Swami Madhopur,2010,2017,8
Fruits,Rajasthan,Tonk,2010,2017,8
Fruits,Rajasthan,Udaipur,2010,2017,8
Fruits,Tamil Nadu,Chengalpattu Mgr / Kanchipuram,2010,2017,8
Fruits,Tamil Nadu,Coimbatore,2010,2017,8
Fruits,Tamil Nadu,Kanyakumari,2010,2017,5
Fruits,Tamil Nadu,Madurai,2010,2017,7
Fruits,Tamil Nadu,North Arcot / Vellore,2010,2017,7
Fruits,Tamil Nadu,Ramananthapuram,2010,2017,8
Fruits,Tamil Nadu,Salem,2010,2016,5
Fruits,Tamil Nadu,South Arcot / Cuddalore,2010,2017,8
Fruits,Tamil Nadu,Thanjavur,2010,2017,8
Fruits,Tamil Nadu,The Nilgiris,2010,2017,7
Fruits,Tamil Nadu,Thirunelveli,2010,2017,6
Fruits,Tamil Nadu,Tiruchirapalli / Trichy,2010,2017,6
Fruits,Telangana,Adilabad,2010,2017,8
Fruits,Telangana,Hyderabad,2010,2017,8
Fruits,Telangana,Karimnagar,2010,2017,8
Fruits,Telangana,Khammam,2010,2017,8
Fruits,Telangana,Mahabubnagar,2010,2017,8
Fruits,Telangana,Medak,2010,2017,8
Fruits,Telangana,Nalgonda,2010,2017,8
Fruits,Telangana,Nizamabad,2010,2017,8
Fruits,Telangana,Warangal,2010,2017,8
Fruits,Uttar Pradesh,Agra,2010,2017,8
Fruits,Uttar Pradesh,Aligarh,2010,2017,8
Fruits,Uttar Pradesh,Allahabad,2010,2017,8
Fruits,Uttar Pradesh,Azamgarh,2010,2017,8
Fruits,Uttar Pradesh,Bahraich,2010,2017,8
Fruits,Uttar Pradesh,Ballia,2010,2017,8
Fruits,Uttar Pradesh,Banda,2010,2017,8
Fruits,Uttar Pradesh,Barabanki,2010,2017,8
Fruits,Uttar Pradesh,Bareilly,2010,2017,8
Fruits,Uttar Pradesh,Basti,2010,2017,8
Fruits,Uttar Pradesh,Bijnor,2010,2017,8
Fruits,Uttar Pradesh,Budaun,2010,2017,8
Fruits,Uttar Pradesh,Buland Shahar,2010,2017,8
Fruits,Uttar Pradesh,Deoria,2010,2017,8
Fruits,Uttar Pradesh,Etah,2010,2017,8
Fruits,Uttar Pradesh,Etawah,2010,2017,8
Fruits,Uttar Pradesh,Faizabad,2010,2017,8
Fruits,Uttar Pradesh,Farrukhabad,2010,2017,8
Fruits,Uttar Pradesh,Fatehpur,2010,2017,8
Fruits,Uttar Pradesh,Ghazipur,2010,2017,8
Fruits,Uttar Pradesh,Gonda,2010,2017,8
Fruits,Uttar Pradesh,Gorakhpur,2010,2017,8
Fruits,Uttar Pradesh,Hamirpur,2010,2017,8
Fruits,Uttar Pradesh,Hardoi,2010,2017,8
Fruits,Uttar Pradesh,Jalaun,2010,2017,8
Fruits,Uttar Pradesh,Jaunpur,2010,2017,8
Fruits,Uttar Pradesh,Jhansi,2010,2017,8
Fruits,Uttar Pradesh,Kanpur,2010,2017,8
Fruits,Uttar Pradesh,Kheri,2010,2017,8
Fruits,Uttar Pradesh,Lucknow,2010,2017,8
Fruits,Uttar Pradesh,Mainpuri,2010,2017,8
Fruits,Uttar Pradesh,Mathura,2010,2017,8
Fruits,Uttar Pradesh,Meerut,2010,2017,8
Fruits,Uttar Pradesh,Mirzpur,2010,2017,8
Fruits,Uttar Pradesh,Moradabad,2010,2017,8
Fruits,Uttar Pradesh,Muzaffarnagar,2010,2017,8
Fruits,Uttar Pradesh,Pilibhit,2010,2017,8
Fruits,Uttar Pradesh,Pratapgarh,2010,2017,8
Fruits,Uttar Pradesh,Rae-Bareily,2010,2017,8
Fruits,Uttar Pradesh,Rampur,2010,2017,8
Fruits,Uttar Pradesh,Saharanpur,2010,2017,8
Fruits,Uttar Pradesh,Shahjahanpur,2010,2017,8
Fruits,Uttar Pradesh,Sitapur,2010,2017,8
Fruits,Uttar Pradesh,Sultanpur,2010,2017,8
Fruits,Uttar Pradesh,Unnao,2010,2017,8
Fruits,Uttar Pradesh,Varanasi,2010,2017,8
Fruits,Uttarakhand,Almorah,2010,2017,8
Fruits,Uttarakhand,Chamoli,2010,2017,8
Fruits,Uttarakhand,Dehradun,2010,2017,8
Fruits,Uttarakhand,Garhwal,2010,2017,8
Fruits,Uttarakhand,Nainital,2010,2017,8
Fruits,Uttarakhand,Pithorgarh,2010,2017,8
Fruits,Uttarakhand,Tehri Garhwal,2010,2017,8
Fruits,Uttarakhand,Uttar Kashi,2010,2017,8
Fruits,West Bengal,24 Parganas,2010,2017,8
Fruits,West Bengal,Bankura,2010,2017,8
Fruits,West Bengal,Birbhum,2010,2017,8
Fruits,West Bengal,Burdwan,2010,2017,8
Fruits,West Bengal,Cooch Behar,2010,2017,8
Fruits,West Bengal,Darjeeling,2010,2017,8
Fruits,West Bengal,Hooghly,2010,2017,8
Fruits,West Bengal,Howrah,2010,2017,8
Fruits,West Bengal,Jalpaiguri,2010,2017,8
Fruits,West Bengal,Malda,2010,2017,8
Fruits,West Bengal,Midnapur,2010,2017,8
Fruits,West Bengal,Murshidabad,2010,2017,8
Fruits,West Bengal,Nadia,2010,2017,8
Fruits,West Bengal,Purulia,2010,2017,8
Fruits,West Bengal,West Dinajpur,2010,2017,8
Fruits and Vegetables,Andhra Pradesh,Ananthapur,2010,2017,8
Fruits and Vegetables,Andhra Pradesh,Chittoor,2010,2017,8
Fruits and Vegetables,Andhra Pradesh,East Godavari,2010,2017,8
Fruits and Vegetables,Andhra Pradesh,Guntur,2010,2017,8
Fruits and Vegetables,Andhra Pradesh,Kadapa Ysr,2010,2017,8
Fruits and Vegetables,Andhra Pradesh,Krishna,2010,2017,8
Fruits and Vegetables,Andhra Pradesh,Kurnool,2010,2017,8
Fruits and Vegetables,Andhra Pradesh,S.P.S. Nellore,2010,2017,8
Fruits and Vegetables,Andhra Pradesh,Srikakulam,2010,2017,8
Fruits and Vegetables,Andhra Pradesh,Visakhapatnam,2010,2017,8
Fruits and Vegetables,Andhra Pradesh,West Godavari,2010,2017,8
Fruits and Vegetables,Assam,Cachar,2010,2017,8
Fruits and Vegetables,Assam,Darrang,2010,2017,8
Fruits and Vegetables,Assam,Dibrugarh,2010,2017,8
Fruits and Vegetables,Assam,Goalpara,2010,2017,8
Fruits and Vegetables,Assam,Kamrup,2010,2017,8
Fruits and Vegetables,Assam,Karbi Anglong,2010,2017,8
Fruits and Vegetables,Assam,Lakhimpur,2010,2017,8
Fruits and Vegetables,Assam,Nagaon,2010,2017,8
Fruits and Vegetables,Assam,North Cachar Hil / Dima Hasao,2010,2017,8
Fruits and Vegetables,Assam,Sibsagar,2010,2017,8
Fruits and Vegetables,Bihar,Bhagalpur,2010,2017,8
Fruits and Vegetables,Bihar,Champaran,2010,2017,8
Fruits and Vegetables,Bihar,Darbhanga,2010,2017,8
Fruits and Vegetables,Bihar,Gaya,2010,2017,8
Fruits and Vegetables,Bihar,Mungair,2010,2017,8
Fruits and Vegetables,Bihar,Muzaffarpur,2010,2017,8
Fruits and Vegetables,Bihar,Patna,2010,2017,8
Fruits and Vegetables,Bihar,Purnea,2010,2017,8
Fruits and Vegetables,Bihar,Saharsa,2010,2017,8
Fruits and Vegetables,Bihar,Saran,2010,2017,8
Fruits and Vegetables,Bihar,Shahabad (Now Part Of Bhojpur District),2010,2017,8
Fruits and Vegetables,Chhattisgarh,Bastar,2010,2017,8
Fruits and Vegetables,Chhattisgarh,Bilaspur,2010,2017,8
Fruits and Vegetables,Chhattisgarh,Durg,2010,2017,8
Fruits and Vegetables,Chhattisgarh,Raigarh,2010,2017,8
Fruits and Vegetables,Chhattisgarh,Raipur,2010,2017,8
Fruits and Vegetables,Chhattisgarh,Surguja,2010,2017,8
Fruits and Vegetables,Gujarat,Ahmedabad,2010,2017,8
Fruits and Vegetables,Gujarat,Amreli,2010,2017,8
Fruits and Vegetables,Gujarat,Banaskantha,2010,2017,8
Fruits and Vegetables,Gujarat,Bharuch,2010,2017,8
Fruits and Vegetables,Gujarat,Bhavnagar,2010,2017,8
Fruits and Vegetables,Gujarat,Dangs,2010,2017,8
Fruits and Vegetables,Gujarat,Jamnagar,2010,2017,8
Fruits and Vegetables,Gujarat,Junagadh,2010,2017,8
Fruits and Vegetables,Gujarat,Kheda,2010,2017,8
Fruits and Vegetables,Gujarat,Kutch,2010,2017,8
Fruits and Vegetables,Gujarat,Mehsana,2010,2017,8
Fruits and Vegetables,Gujarat,Panchmahal,2010,2017,8
Fruits and Vegetables,Gujarat,Rajkot,2010,2017,8
Fruits and Vegetables,Gujarat,Sabarkantha,2010,2017,8
Fruits and Vegetables,Gujarat,Surat,2010,2017,8
Fruits and Vegetables,Gujarat,Surendranagar,2010,2017,8
Fruits and Vegetables,Gujarat,Vadodara / Baroda,2010,2017,8
Fruits and Vegetables,Gujarat,Valsad,2010,2017,8
Fruits and Vegetables,Haryana,Ambala,2010,2017,8
Fruits and Vegetables,Haryana,Gurgaon,2010,2017,8
Fruits and Vegetables,Haryana,Hissar,2010,2017,8
Fruits and Vegetables,Haryana,Jind,2010,2017,8
Fruits and Vegetables,Haryana,Karnal,2010,2017,8
Fruits and Vegetables,Haryana,Mahendragarh / Narnaul,2010,2017,8
Fruits and Vegetables,Haryana,Rohtak,2010,2017,8
Fruits and Vegetables,Himachal Pradesh,Bilashpur,2010,2017,8
Fruits and Vegetables,Himachal Pradesh,Chamba,2010,2017,8
Fruits and Vegetables,Himachal Pradesh,Kangra,2010,2017,8
Fruits and Vegetables,Himachal Pradesh,Kinnaur,2010,2017,8
Fruits and Vegetables,Himachal Pradesh,Kullu,2010,2017,8
Fruits and Vegetables,Himachal Pradesh,Lahul & Spiti,2010,2017,8
Fruits and Vegetables,Himachal Pradesh,Mandi,2010,2017,8
Fruits and Vegetables,Himachal Pradesh,Shimla,2010,2017,8
Fruits and Vegetables,Himachal Pradesh,Sirmaur,2010,2017,8
Fruits and Vegetables,Himachal Pradesh,Solan,2010,2017,8
Fruits and Vegetables,Jharkhand,Dhanbad,2010,2017,8
Fruits and Vegetables,Jharkhand,Hazaribagh,2010,2017,8
Fruits and Vegetables,Jharkhand,Palamau,2010,2017,8
Fruits and Vegetables,Jharkhand,Ranchi,2010,2017,8
Fruits and Vegetables,Jharkhand,Santhal Paragana / Dumka,2010,2017,8
Fruits and Vegetables,Jharkhand,Singhbhum,2010,2017,8
Fruits and Vegetables,Karnataka,Bangalore,2010,2017,8
Fruits and Vegetables,Karnataka,Belgaum,2010,2017,8
Fruits and Vegetables,Karnataka,Bellary,2010,2017,8
Fruits and Vegetables,Karnataka,Bidar,2010,2017,8
Fruits and Vegetables,Karnataka,Bijapur / Vijayapura,2010,2017,8
Fruits and Vegetables,Karnataka,Chickmagalur,2010,2017,8
Fruits and Vegetables,Karnataka,Chitradurga,2010,2017,8
Fruits and Vegetables,Karnataka,Dakshina Kannada,2010,2017,8
Fruits and Vegetables,Karnataka,Dharwad,2010,2017,8
Fruits and Vegetables,Karnataka,Gulbarga / Kalaburagi,2010,2017,8
Fruits and Vegetables,Karnataka,Hassan,2010,2017,8
Fruits and Vegetables,Karnataka,Kodagu / Coorg,2010,2017,8
Fruits and Vegetables,Karnataka,Kolar,2010,2017,8
Fruits and Vegetables,Karnataka,Mandya,2010,2017,8
Fruits and Vegetables,Karnataka,Mysore,2010,2017,8
Fruits and Vegetables,Karnataka,Raichur,2010,2017,8
Fruits and Vegetables,Karnataka,Shimoge,2010,2017,8
Fruits and Vegetables,Karnataka,Tumkur,2010,2017,8
Fruits and Vegetables,Karnataka,Uttara Kannada,2010,2017,8
Fruits and Vegetables,Kerala,Alappuzha,2010,2017,8
Fruits and Vegetables,Kerala,Eranakulam,2010,2017,8
Fruits and Vegetables,Kerala,Kannur,2010,2017,8
Fruits and Vegetables,Kerala,Kollam,2010,2017,8
Fruits and Vegetables,Kerala,Kottayam,2010,2017,8
Fruits and Vegetables,Kerala,Kozhikode,2010,2017,8
Fruits and Vegetables,Kerala,Malappuram,2010,2017,8
Fruits and Vegetables,Kerala,Palakkad,2010,2017,8
Fruits and Vegetables,Kerala,Thiruvananthapuram,2010,2017,8
Fruits and Vegetables,Kerala,Thrissur,2010,2017,8
Fruits and Vegetables,Madhya Pradesh,Balaghat,2010,2017,8
Fruits and Vegetables,Madhya Pradesh,Betul,2010,2017,8
Fruits and Vegetables,Madhya Pradesh,Bhind,2010,2017,8
Fruits and Vegetables,Madhya Pradesh,Chhatarpur,2010,2017,8
Fruits and Vegetables,Madhya Pradesh,Chhindwara,2010,2017,8
Fruits and Vegetables,Madhya Pradesh,Damoh,2010,2017,8
Fruits and Vegetables,Madhya Pradesh,Datia,2010,2017,8
Fruits and Vegetables,Madhya Pradesh,Dewas,2010,2017,8
Fruits and Vegetables,Madhya Pradesh,Dhar,2010,2017,8
Fruits and Vegetables,Madhya Pradesh,Guna,2010,2017,8
Fruits and Vegetables,Madhya Pradesh,Gwalior,2010,2017,8
Fruits and Vegetables,Madhya Pradesh,Hoshangabad,2010,2017,8
Fruits and Vegetables,Madhya Pradesh,Indore,2010,2017,8
Fruits and Vegetables,Madhya Pradesh,Jabalpur,2010,2017,8
Fruits and Vegetables,Madhya Pradesh,Jhabua,2010,2017,8
Fruits and Vegetables,Madhya Pradesh,Khandwa / East Nimar,2010,2017,8
Fruits and Vegetables,Madhya Pradesh,Khargone / West Nimar,2010,2017,8
Fruits and Vegetables,Madhya Pradesh,Mandla,2010,2017,8
Fruits and Vegetables,Madhya Pradesh,Mandsaur,2010,2017,8
Fruits and Vegetables,Madhya Pradesh,Morena,2010,2017,8
Fruits and Vegetables,Madhya Pradesh,Narsinghpur,2010,2017,8
Fruits and Vegetables,Madhya Pradesh,Panna,2010,2017,8
Fruits and Vegetables,Madhya Pradesh,Raisen,2010,2017,8
Fruits and Vegetables,Madhya Pradesh,Rajgarh,2010,2017,8
Fruits and Vegetables,Madhya Pradesh,Ratlam,2010,2017,8
Fruits and Vegetables,Madhya Pradesh,Rewa,2010,2016,7
Fruits and Vegetables,Madhya Pradesh,Sagar,2010,2017,8
Fruits and Vegetables,Madhya Pradesh,Satna,2010,2017,8
Fruits and Vegetables,Madhya Pradesh,Sehore,2010,2017,8
Fruits and Vegetables,Madhya Pradesh,Seoni / Shivani,2010,2017,8
Fruits and Vegetables,Madhya Pradesh,Shahdol,2010,2017,8
Fruits and Vegetables,Madhya Pradesh,Shajapur,2010,2017,8
Fruits and Vegetables,Madhya Pradesh,Shivpuri,2010,2017,8
Fruits and Vegetables,Madhya Pradesh,Sidhi,2010,2017,8
Fruits and Vegetables,Madhya Pradesh,Tikamgarh,2010,2017,8
Fruits and Vegetables,Madhya Pradesh,Ujjain,2010,2017,8
Fruits and Vegetables,Madhya Pradesh,Vidisha,2010,2017,8
Fruits and Vegetables,Maharashtra,Ahmednagar,2010,2017,8
Fruits and Vegetables,Maharashtra,Akola,2010,2017,8
Fruits and Vegetables,Maharashtra,Amarawati,2010,2017,8
Fruits and Vegetables,Maharashtra,Aurangabad,2010,2017,8
Fruits and Vegetables,Maharashtra,Beed,2010,2017,8
Fruits and Vegetables,Maharashtra,Bhandara,2010,2017,8
Fruits and Vegetables,Maharashtra,Bombay,2010,2016,4
Fruits and Vegetables,Maharashtra,Buldhana,2010,2017,8
Fruits and Vegetables,Maharashtra,Chandrapur,2010,2017,8
Fruits and Vegetables,Maharashtra,Dhule,2010,2017,8
Fruits and Vegetables,Maharashtra,Jalgaon,2010,2017,8
Fruits and Vegetables,Maharashtra,Kolhapur,2010,2017,8
Fruits and Vegetables,Maharashtra,Nagpur,2010,2017,8
Fruits and Vegetables,Maharashtra,Nanded,2010,2017,8
Fruits and Vegetables,Maharashtra,Nasik,2010,2017,8
Fruits and Vegetables,Maharashtra,Osmanabad,2010,2017,8
Fruits and Vegetables,Maharashtra,Parbhani,2010,2017,8
Fruits and Vegetables,Maharashtra,Pune,2010,2017,8
Fruits and Vegetables,Maharashtra,Raigad,2010,2017,8
Fruits and Vegetables,Maharashtra,Ratnagiri,2010,2017,8
Fruits and Vegetables,Maharashtra,Sangli,2010,2017,8
Fruits and Vegetables,Maharashtra,Satara,2010,2017,8
Fruits and Vegetables,Maharashtra,Solapur,2010,2017,8
Fruits and Vegetables,Maharashtra,Thane,2010,2017,8
Fruits and Vegetables,Maharashtra,Wardha,2010,2017,8
Fruits and Vegetables,Maharashtra,Yeotmal,2010,2017,8
Fruits and Vegetables,Orissa,Balasore,2010,2017,8
Fruits and Vegetables,Orissa,Bolangir,2010,2017,8
Fruits and Vegetables,Orissa,Cuttack,2010,2017,8
Fruits and Vegetables,Orissa,Dhenkanal,2010,2017,8
Fruits and Vegetables,Orissa,Ganjam,2010,2017,8
Fruits and Vegetables,Orissa,Kalahandi,2010,2017,8
Fruits and Vegetables,Orissa,Keonjhar,2010,2017,8
Fruits and Vegetables,Orissa,Koraput,2010,2017,8
Fruits and Vegetables,Orissa,Mayurbhanja,2010,2017,8
Fruits and Vegetables,Orissa,Phulbani ( Kandhamal ),2010,2017,8
Fruits and Vegetables,Orissa,Puri,2010,2017,8
Fruits and Vegetables,Orissa,Sambalpur,2010,2017,8
Fruits and Vegetables,Orissa,Sundargarh,2010,2017,8
Fruits and Vegetables,Punjab,Amritsar,2010,2017,8
Fruits and Vegetables,Punjab,Bhatinda,2010,2017,8
Fruits and Vegetables,Punjab,Ferozpur,2010,2017,8
Fruits and Vegetables,Punjab,Gurdaspur,2010,2017,8
Fruits and Vegetables,Punjab,Hoshiarpur,2010,2017,8
Fruits and Vegetables,Punjab,Jalandhar,2010,2017,8
Fruits and Vegetables,Punjab,Kapurthala,2010,2017,8
Fruits and Vegetables,Punjab,Ludhiana,2010,2017,8
Fruits and Vegetables,Punjab,Patiala,2010,2017,8
Fruits and Vegetables,Punjab,Roopnagar / Ropar,2010,2017,8
Fruits and Vegetables,Punjab,Sangrur,2010,2016,7
Fruits and Vegetables,Rajasthan,Ajmer,2010,2017,8
Fruits and Vegetables,Rajasthan,Alwar,2010,2017,8
Fruits and Vegetables,Rajasthan,Banswara,2010,2017,8
Fruits and Vegetables,Rajasthan,Barmer,2010,2017,8
Fruits and Vegetables,Rajasthan,Bharatpur,2010,2017,8
Fruits and Vegetables,Rajasthan,Bhilwara,2010,2017,8
Fruits and Vegetables,Rajasthan,Bikaner,2010,2017,8
Fruits and Vegetables,Rajasthan,Bundi,2010,2017,8
Fruits and Vegetables,Rajasthan,Chittorgarh,2010,2017,8
Fruits and Vegetables,Rajasthan,Churu,2010,2017,8
Fruits and Vegetables,Rajasthan,Dungarpur,2010,2017,8
Fruits and Vegetables,Rajasthan,Ganganagar,2010,2017,8
Fruits and Vegetables,Rajasthan,Jaipur,2010,2017,8
Fruits and Vegetables,Rajasthan,Jaisalmer,2010,2017,8
Fruits and Vegetables,Rajasthan,Jalore,2010,2017,8
Fruits and Vegetables,Rajasthan,Jhalawar,2010,2017,8
Fruits and Vegetables,Rajasthan,Jhunjhunu,2010,2017,8
Fruits and Vegetables,Rajasthan,Jodhpur,2010,2017,8
Fruits and Vegetables,Rajasthan,Kota,2010,2017,8
Fruits and Vegetables,Rajasthan,Nagaur,2010,2017,8
Fruits and Vegetables,Rajasthan,Pali,2010,2017,8
Fruits and Vegetables,Rajasthan,Sikar,2010,2017,8
Fruits and Vegetables,Rajasthan,Sirohi,2010,2017,8
Fruits and Vegetables,Rajasthan,Swami Madhopur,2010,2017,8
Fruits and Vegetables,Rajasthan,Tonk,2010,2017,8
Fruits and Vegetables,Rajasthan,Udaipur,2010,2017,8
Fruits and Vegetables,Tamil Nadu,Chengalpattu Mgr / Kanchipuram,2010,2017,8
Fruits and Vegetables,Tamil Nadu,Coimbatore,2010,2017,8
Fruits and Vegetables,Tamil Nadu,Kanyakumari,2010,2017,5
Fruits and Vegetables,Tamil Nadu,Madurai,2010,2017,7
Fruits and Vegetables,Tamil Nadu,North Arcot / Vellore,2010,2017,7
Fruits and Vegetables,Tamil Nadu,Ramananthapuram,2010,2017,8
Fruits and Vegetables,Tamil Nadu,Salem,2010,2016,5
Fruits and Vegetables,Tamil Nadu,South Arcot / Cuddalore,2010,2017,8
Fruits and Vegetables,Tamil Nadu,Thanjavur,2010,2017,8
Fruits and Vegetables,Tamil Nadu,The Nilgiris,2010,2017,7
Fruits and Vegetables,Tamil Nadu,Thirunelveli,2010,2017,6
Fruits and Vegetables,Tamil Nadu,Tiruchirapalli / Trichy,2010,2017,6
Fruits and Vegetables,Telangana,Adilabad,2010,2017,8
Fruits and Vegetables,Telangana,Hyderabad,2010,2017,8
Fruits and Vegetables,Telangana,Karimnagar,2010,2017,8
Fruits and Vegetables,Telangana,Khammam,2010,2017,8
Fruits and Vegetables,Telangana,Mahabubnagar,2010,2017,8
Fruits and Vegetables,Telangana,Medak,2010,2017,8
Fruits and Vegetables,Telangana,Nalgonda,2010,2017,8
Fruits and Vegetables,Telangana,Nizamabad,2010,2017,8
Fruits and Vegetables,Telangana,Warangal,2010,2017,8
Fruits and Vegetables,Uttar Pradesh,Agra,2010,2017,8
Fruits and Vegetables,Uttar Pradesh,Aligarh,2010,2017,8
Fruits and Vegetables,Uttar Pradesh,Allahabad,2010,2017,8
Fruits and Vegetables,Uttar Pradesh,Azamgarh,2010,2017,8
Fruits and Vegetables,Uttar Pradesh,Bahraich,2010,2017,8
Fruits and Vegetables,Uttar Pradesh,Ballia,2010,2017,8
Fruits and Vegetables,Uttar Pradesh,Banda,2010,2017,8
Fruits and Vegetables,Uttar Pradesh,Barabanki,2010,2017,8
Fruits and Vegetables,Uttar Pradesh,Bareilly,2010,2017,8
Fruits and Vegetables,Uttar Pradesh,Basti,2010,2017,8
Fruits and Vegetables,Uttar Pradesh,Bijnor,2010,2017,8
Fruits and Vegetables,Uttar Pradesh,Budaun,2010,2017,8
Fruits and Vegetables,Uttar Pradesh,Buland Shahar,2010,2017,8
Fruits and Vegetables,Uttar Pradesh,Deoria,2010,2017,8
Fruits and Vegetables,Uttar Pradesh,Etah,2010,2017,8
Fruits and Vegetables,Uttar Pradesh,Etawah,2010,2017,8
Fruits and Vegetables,Uttar Pradesh,Faizabad,2010,2017,8
Fruits and Vegetables,Uttar Pradesh,Farrukhabad,2010,2017,8
Fruits and Vegetables,Uttar Pradesh,Fatehpur,2010,2017,8
Fruits and Vegetables,Uttar Pradesh,Ghazipur,2010,2017,8
Fruits and Vegetables,Uttar Pradesh,Gonda,2010,2017,8
Fruits and Vegetables,Uttar Pradesh,Gorakhpur,2010,2017,8
Fruits and Vegetables,Uttar Pradesh,Hamirpur,2010,2017,8
Fruits and Vegetables,Uttar Pradesh,Hardoi,2010,2017,8
Fruits and Vegetables,Uttar Pradesh,Jalaun,2010,2017,8
Fruits and Vegetables,Uttar Pradesh,Jaunpur,2010,2017,8
Fruits and Vegetables,Uttar Pradesh,Jhansi,2010,2017,8
Fruits and Vegetables,Uttar Pradesh,Kanpur,2010,2017,8
Fruits and Vegetables,Uttar Pradesh,Kheri,2010,2017,8
Fruits and Vegetables,Uttar Pradesh,Lucknow,2010,2017,8
Fruits and Vegetables,Uttar Pradesh,Mainpuri,2010,2017,8
Fruits and Vegetables,Uttar Pradesh,Mathura,2010,2017,8
Fruits and Vegetables,Uttar Pradesh,Meerut,2010,2017,8
Fruits and Vegetables,Uttar Pradesh,Mirzpur,2010,2017,8
Fruits and Vegetables,Uttar Pradesh,Moradabad,2010,2017,8
Fruits and Vegetables,Uttar Pradesh,Muzaffarnagar,2010,2017,8
Fruits and Vegetables,Uttar Pradesh,Pilibhit,2010,2017,8
Fruits and Vegetables,Uttar Pradesh,Pratapgarh,2010,2017,8
Fruits and Vegetables,Uttar Pradesh,Rae-Bareily,2010,2017,8
Fruits and Vegetables,Uttar Pradesh,Rampur,2010,2017,8
Fruits and Vegetables,Uttar Pradesh,Saharanpur,2010,2017,8
Fruits and Vegetables,Uttar Pradesh,Shahjahanpur,2010,2017,8
Fruits and Vegetables,Uttar Pradesh,Sitapur,2010,2017,8
Fruits and Vegetables,Uttar Pradesh,Sultanpur,2010,2017,8
Fruits and Vegetables,Uttar Pradesh,Unnao,2010,2017,8
Fruits and Vegetables,Uttar Pradesh,Varanasi,2010,2017,8
Fruits and Vegetables,Uttarakhand,Almorah,2010,2017,8
Fruits and Vegetables,Uttarakhand,Chamoli,2010,2017,8
Fruits and Vegetables,Uttarakhand,Dehradun,2010,2017,8
Fruits and Vegetables,Uttarakhand,Garhwal,2010,2017,8
Fruits and Vegetables,Uttarakhand,Nainital,2010,2017,8
Fruits and Vegetables,Uttarakhand,Pithorgarh,2010,2017,8
Fruits and Vegetables,Uttarakhand,Tehri Garhwal,2010,2017,8
Fruits and Vegetables,Uttarakhand,Uttar Kashi,2010,2017,8
Fruits and Vegetables,West Bengal,24 Parganas,2010,2017,8
Fruits and Vegetables,West Bengal,Bankura,2010,2017,8
Fruits and Vegetables,West Bengal,Birbhum,2010,2017,8
Fruits and Vegetables,West Bengal,Burdwan,2010,2017,8
Fruits and Vegetables,West Bengal,Cooch Behar,2010,2017,8
Fruits and Vegetables,West Bengal,Darjeeling,2010,2017,8
Fruits and Vegetables,West Bengal,Hooghly,2010,2017,8
Fruits and Vegetables,West Bengal,Howrah,2010,2017,8
Fruits and Vegetables,West Bengal,Jalpaiguri,2010,2017,8
Fruits and Vegetables,West Bengal,Malda,2010,2017,8
Fruits and Vegetables,West Bengal,Midnapur,2010,2017,8
Fruits and Vegetables,West Bengal,Murshidabad,2010,2017,8
Fruits and Vegetables,West Bengal,Nadia,2010,2017,8
Fruits and Vegetables,West Bengal,Purulia,2010,2017,8
Fruits and Vegetables,West Bengal,West Dinajpur,2010,2017,8
Groundnut,Andhra Pradesh,Ananthapur,2010,2017,8
Groundnut,Andhra Pradesh,Chittoor,2010,2017,8
Groundnut,Andhra Pradesh,East Godavari,2010,2017,8
Groundnut,Andhra Pradesh,Guntur,2010,2017,8
Groundnut,Andhra Pradesh,Kadapa Ysr,2010,2017,8
Groundnut,Andhra Pradesh,Krishna,2010,2017,8
Groundnut,Andhra Pradesh,Kurnool,2010,2017,8
Groundnut,Andhra Pradesh,S.P.S. Nellore,2010,2017,8
Groundnut,Andhra Pradesh,Srikakulam,2010,2017,8
Groundnut,Andhra Pradesh,Visakhapatnam,2010,2017,8
Groundnut,Andhra Pradesh,West Godavari,2010,2017,8
Groundnut,Assam,Cachar,2010,2017,8
Groundnut,Assam,Darrang,2010,2017,8
Groundnut,Assam,Dibrugarh,2010,2017,8
Groundnut,Assam,Goalpara,2010,2017,8
Groundnut,Assam,Kamrup,2010,2017,8
Groundnut,Assam,Karbi Anglong,2010,2017,8
Groundnut,Assam,Lakhimpur,2010,2017,8
Groundnut,Assam,Nagaon,2010,2017,8
Groundnut,Assam,North Cachar Hil / Dima Hasao,2010,2017,8
Groundnut,Assam,Sibsagar,2010,2017,8
Groundnut,Bihar,Bhagalpur,2010,2017,8
Groundnut,Bihar,Champaran,2010,2017,8
Groundnut,Bihar,Darbhanga,2010,2017,8
Groundnut,Bihar,Gaya,2010,2017,8
Groundnut,Bihar,Mungair,2010,2017,8
Groundnut,Bihar,Muzaffarpur,2010,2017,8
Groundnut,Bihar,Patna,2010,2017,8
Groundnut,Bihar,Purnea,2010,2017,8
Groundnut,Bihar,Saharsa,2010,2017,8
Groundnut,Bihar,Saran,2010,2017,8
Groundnut,Bihar,Shahabad (Now Part Of Bhojpur District),2010,2017,8
Groundnut,Chhattisgarh,Bastar,2010,2017,8
Groundnut,Chhattisgarh,Bilaspur,2010,2017,8
Groundnut,Chhattisgarh,Durg,2010,2017,8
Groundnut,Chhattisgarh,Raigarh,2010,2017,8
Groundnut,Chhattisgarh,Raipur,2010,2017,8
Groundnut,Chhattisgarh,Surguja,2010,2017,8
Groundnut,Gujarat,Ahmedabad,2010,2017,8
Groundnut,Gujarat,Amreli,2010,2017,8
Groundnut,Gujarat,Banaskantha,2010,2017,8
Groundnut,Gujarat,Bharuch,2010,2017,8
Groundnut,Gujarat,Bhavnagar,2010,2017,8
Groundnut,Gujarat,Dangs,2010,2017,8
Groundnut,Gujarat,Jamnagar,2010,2017,8
Groundnut,Gujarat,Junagadh,2010,2017,8
Groundnut,Gujarat,Kheda,2010,2017,8
Groundnut,Gujarat,Kutch,2010,2017,8
Groundnut,Gujarat,Mehsana,2010,2017,8
Groundnut,Gujarat,Panchmahal,2010,2017,8
Groundnut,Gujarat,Rajkot,2010,2017,8
Groundnut,Gujarat,Sabarkantha,2010,2017,8
Groundnut,Gujarat,Surat,2010,2017,8
Groundnut,Gujarat,Surendranagar,2010,2017,8
Groundnut,Gujarat,Vadodara / Baroda,2010,2017,8
Groundnut,Gujarat,Valsad,2010,2017,8
Groundnut,Haryana,Ambala,2010,2017,8
Groundnut,Haryana,Gurgaon,2010,2017,8
Groundnut,Haryana,Hissar,2010,2017,8
Groundnut,Haryana,Jind,2010,2017,8
Groundnut,Haryana,Karnal,2010,2017,8
Groundnut,Haryana,Mahendragarh / Narnaul,2010,2017,8
Groundnut,Haryana,Rohtak,2010,2017,8
Groundnut,Himachal Pradesh,Bilashpur,2010,2017,8
Groundnut,Himachal Pradesh,Chamba,2010,2017,8
Groundnut,Himachal Pradesh,Kangra,2010,2017,8
Groundnut,Himachal Pradesh,Kinnaur,2010,2017,8
Groundnut,Himachal Pradesh,Kullu,2010,2017,8
Groundnut,Himachal Pradesh,Lahul & Spiti,2010,2017,8
Groundnut,Himachal Pradesh,Mandi,2010,2017,8
Groundnut,Himachal Pradesh,Shimla,2010,2017,8
Groundnut,Himachal Pradesh,Sirmaur,2010,2017,8
Groundnut,Himachal Pradesh,Solan,2010,2017,8
Groundnut,Jharkhand,Dhanbad,2010,2017,8
Groundnut,Jharkhand,Hazaribagh,2010,2017,8
Groundnut,Jharkhand,Palamau,2010,2017,8
Groundnut,Jharkhand,Ranchi,2010,2017,8
Groundnut,Jharkhand,Santhal Paragana / Dumka,2010,2017,8
Groundnut,Jharkhand,Singhbhum,2010,2017,8
Groundnut,Karnataka,Bangalore,2010,2017,8
Groundnut,Karnataka,Belgaum,2010,2017,8
Groundnut,Karnataka,Bellary,2010,2017,8
Groundnut,Karnataka,Bidar,2010,2017,8
Groundnut,Karnataka,Bijapur / Vijayapura,2010,2017,8
Groundnut,Karnataka,Chickmagalur,2010,2017,8
Groundnut,Karnataka,Chitradurga,2010,2017,8
Groundnut,Karnataka,Dakshina Kannada,2010,2017,8
Groundnut,Karnataka,Dharwad,2010,2017,8
Groundnut,Karnataka,Gulbarga / Kalaburagi,2010,2017,8
Groundnut,Karnataka,Hassan,2010,2017,8
Groundnut,Karnataka,Kodagu / Coorg,2010,2017,8
Groundnut,Karnataka,Kolar,2010,2017,8
Groundnut,Karnataka,Mandya,2010,2017,8
Groundnut,Karnataka,Mysore,2010,2017,8
Groundnut,Karnataka,Raichur,2010,2017,8
Groundnut,Karnataka,Shimoge,2010,2017,8
Groundnut,Karnataka,Tumkur,2010,2017,8
Groundnut,Karnataka,Uttara Kannada,2010,2017,8
Groundnut,Kerala,Alappuzha,2010,2017,8
Groundnut,Kerala,Eranakulam,2010,2017,8
Groundnut,Kerala,Kannur,2010,2017,8
Groundnut,Kerala,Kollam,2010,2017,8
Groundnut,Kerala,Kottayam,2010,2017,8
Groundnut,Kerala,Kozhikode,2010,2017,8
Groundnut,Kerala,Malappuram,2010,2017,8
Groundnut,Kerala,Palakkad,2010,2017,8
Groundnut,Kerala,Thiruvananthapuram,2010,2017,8
Groundnut,Kerala,Thrissur,2010,2017,8
Groundnut,Madhya Pradesh,Balaghat,2010,2017,8
Groundnut,Madhya Pradesh,Betul,2010,2017,8
Groundnut,Madhya Pradesh,Bhind,2010,2017,8
Groundnut,Madhya Pradesh,Chhatarpur,2010,2017,8
Groundnut,Madhya Pradesh,Chhindwara,2010,2017,8
Groundnut,Madhya Pradesh,Damoh,2010,2017,8
Groundnut,Madhya Pradesh,Datia,2010,2017,8
Groundnut,Madhya Pradesh,Dewas,2010,2017,8
Groundnut,Madhya Pradesh,Dhar,2010,2017,8
Groundnut,Madhya Pradesh,Guna,2010,2017,8
Groundnut,Madhya Pradesh,Gwalior,2010,2017,8
Groundnut,Madhya Pradesh,Hoshangabad,2010,2017,8
Groundnut,Madhya Pradesh,Indore,2010,2017,8
Groundnut,Madhya Pradesh,Jabalpur,2010,2017,8
Groundnut,Madhya Pradesh,Jhabua,2010,2017,8
Groundnut,Madhya Pradesh,Khandwa / East Nimar,2010,2017,8
Groundnut,Madhya Pradesh,Khargone / West Nimar,2010,2017,8
Groundnut,Madhya Pradesh,Mandla,2010,2017,8
Groundnut,Madhya Pradesh,Mandsaur,2010,2017,8
Groundnut,Madhya Pradesh,Morena,2010,2017,8
Groundnut,Madhya Pradesh,Narsinghpur,2010,2017,8
Groundnut,Madhya Pradesh,Panna,2010,2017,8
Groundnut,Madhya Pradesh,Raisen,2010,2017,8
Groundnut,Madhya Pradesh,Rajgarh,2010,2017,8
Groundnut,Madhya Pradesh,Ratlam,2010,2017,8
Groundnut,Madhya Pradesh,Rewa,2010,2016,7
Groundnut,Madhya Pradesh,Sagar,2010,2017,8
Groundnut,Madhya Pradesh,Satna,2010,2017,8
Groundnut,Madhya Pradesh,Sehore,2010,2017,8
Groundnut,Madhya Pradesh,Seoni / Shivani,2010,2017,8
Groundnut,Madhya Pradesh,Shahdol,2010,2017,8
Groundnut,Madhya Pradesh,Shajapur,2010,2017,8
Groundnut,Madhya Pradesh,Shivpuri,2010,2017,8
Groundnut,Madhya Pradesh,Sidhi,2010,2017,8
Groundnut,Madhya Pradesh,Tikamgarh,2010,2017,8
Groundnut,Madhya Pradesh,Ujjain,2010,2017,8
Groundnut,Madhya Pradesh,Vidisha,2010,2017,8
Groundnut,Maharashtra,Ahmednagar,2010,2017,8
Groundnut,Maharashtra,Akola,2010,2017,8
Groundnut,Maharashtra,Amarawati,2010,2017,8
Groundnut,Maharashtra,Aurangabad,2010,2017,8
Groundnut,Maharashtra,Beed,2010,2017,8
Groundnut,Maharashtra,Bhandara,2010,2017,8
Groundnut,Maharashtra,Bombay,2010,2016,4
Groundnut,Maharashtra,Buldhana,2010,2017,8
Groundnut,Maharashtra,Chandrapur,2010,2017,8
Groundnut,Maharashtra,Dhule,2010,2017,8
Groundnut,Maharashtra,Jalgaon,2010,2017,8
Groundnut,Maharashtra,Kolhapur,2010,2017,8
Groundnut,Maharashtra,Nagpur,2010,2017,8
Groundnut,Maharashtra,Nanded,2010,2017,8
Groundnut,Maharashtra,Nasik,2010,2017,8
Groundnut,Maharashtra,Osmanabad,2010,2017,8
Groundnut,Maharashtra,Parbhani,2010,2017,8
Groundnut,Maharashtra,Pune,2010,2017,8
Groundnut,Maharashtra,Raigad,2010,2017,8
Groundnut,Maharashtra,Ratnagiri,2010,2017,8
Groundnut,Maharashtra,Sangli,2010,2017,8
Groundnut,Maharashtra,Satara,2010,2017,8
Groundnut,Maharashtra,Solapur,2010,2017,8
Groundnut,Maharashtra,Thane,2010,2017,8
Groundnut,Maharashtra,Wardha,2010,2017,8
Groundnut,Maharashtra,Yeotmal,2010,2017,8
Groundnut,Orissa,Balasore,2010,2017,8
Groundnut,Orissa,Bolangir,2010,2017,8
Groundnut,Orissa,Cuttack,2010,2017,8
Groundnut,Orissa,Dhenkanal,2010,2017,8
Groundnut,Orissa,Ganjam,2010,2017,8
Groundnut,Orissa,Kalahandi,2010,2017,8
Groundnut,Orissa,Keonjhar,2010,2017,8
Groundnut,Orissa,Koraput,2010,2017,8
Groundnut,Orissa,Mayurbhanja,2010,2017,8
Groundnut,Orissa,Phulbani ( Kandhamal ),2010,2017,8
Groundnut,Orissa,Puri,2010,2017,8
Groundnut,Orissa,Sambalpur,2010,2017,8
Groundnut,Orissa,Sundargarh,2010,2017,8
Groundnut,Punjab,Amritsar,2010,2017,8
Groundnut,Punjab,Bhatinda,2010,2017,8
Groundnut,Punjab,Ferozpur,2010,2017,8
Groundnut,Punjab,Gurdaspur,2010,2017,8
Groundnut,Punjab,Hoshiarpur,2010,2017,8
Groundnut,Punjab,Jalandhar,2010,2017,8
Groundnut,Punjab,Kapurthala,2010,2017,8
Groundnut,Punjab,Ludhiana,2010,2017,8
Groundnut,Punjab,Patiala,2010,2017,8
Groundnut,Punjab,Roopnagar / Ropar,2010,2017,8
Groundnut,Punjab,Sangrur,2010,2016,7
Groundnut,Rajasthan,Ajmer,2010,2017,8
Groundnut,Rajasthan,Alwar,2010,2017,8
Groundnut,Rajasthan,Banswara,2010,2017,8
Groundnut,Rajasthan,Barmer,2010,2017,8
Groundnut,Rajasthan,Bharatpur,2010,2017,8
Groundnut,Rajasthan,Bhilwara,2010,2017,8
Groundnut,Rajasthan,Bikaner,2010,2017,8
Groundnut,Rajasthan,Bundi,2010,2017,8
Groundnut,Rajasthan,Chittorgarh,2010,2017,8
Groundnut,Rajasthan,Churu,2010,2017,8
Groundnut,Rajasthan,Dungarpur,2010,2017,8
Groundnut,Rajasthan,Ganganagar,2010,2017,8
Groundnut,Rajasthan,Jaipur,2010,2017,8
Groundnut,Rajasthan,Jaisalmer,2010,2017,8
Groundnut,Rajasthan,Jalore,2010,2017,8
Groundnut,Rajasthan,Jhalawar,2010,2017,8
Groundnut,Rajasthan,Jhunjhunu,2010,2017,8
Groundnut,Rajasthan,Jodhpur,2010,2017,8
Groundnut,Rajasthan,Kota,2010,2017,8
Groundnut,Rajasthan,Nagaur,2010,2017,8
Groundnut,Rajasthan,Pali,2010,2017,8
Groundnut,Rajasthan,Sikar,2010,2017,8
Groundnut,Rajasthan,Sirohi,2010,2017,8
Groundnut,Rajasthan,Swami Madhopur,2010,2017,8
Groundnut,Rajasthan,Tonk,2010,2017,8
Groundnut,Rajasthan,Udaipur,2010,2017,8
Groundnut,Tamil Nadu,Chengalpattu Mgr / Kanchipuram,2010,2017,8
Groundnut,Tamil Nadu,Coimbatore,2010,2017,8
Groundnut,Tamil Nadu,Kanyakumari,2010,2017,5
Groundnut,Tamil Nadu,Madurai,2010,2017,7
Groundnut,Tamil Nadu,North Arcot / Vellore,2010,2017,7
Groundnut,Tamil Nadu,Ramananthapuram,2010,2017,8
Groundnut,Tamil Nadu,Salem,2010,2016,5
Groundnut,Tamil Nadu,South Arcot / Cuddalore,2010,2017,8
Groundnut,Tamil Nadu,Thanjavur,2010,2017,8
Groundnut,Tamil Nadu,The Nilgiris,2010,2017,7
Groundnut,Tamil Nadu,Thirunelveli,2010,2017,6
Groundnut,Tamil Nadu,Tiruchirapalli / Trichy,2010,2017,6
Groundnut,Telangana,Adilabad,2010,2017,8
Groundnut,Telangana,Hyderabad,2010,2017,8
Groundnut,Telangana,Karimnagar,2010,2017,8
Groundnut,Telangana,Khammam,2010,2017,8
Groundnut,Telangana,Mahabubnagar,2010,2017,8
Groundnut,Telangana,Medak,2010,2017,8
Groundnut,Telangana,Nalgonda,2010,2017,8
Groundnut,Telangana,Nizamabad,2010,2017,8
Groundnut,Telangana,Warangal,2010,2017,8
Groundnut,Uttar Pradesh,Agra,2010,2017,8
Groundnut,Uttar Pradesh,Aligarh,2010,2017,8
Groundnut,Uttar Pradesh,Allahabad,2010,2017,8
Groundnut,Uttar Pradesh,Azamgarh,2010,2017,8
Groundnut,Uttar Pradesh,Bahraich,2010,2017,8
Groundnut,Uttar Pradesh,Ballia,2010,2017,8
Groundnut,Uttar Pradesh,Banda,2010,2017,8
Groundnut,Uttar Pradesh,Barabanki,2010,2017,8
Groundnut,Uttar Pradesh,Bareilly,2010,2017,8
Groundnut,Uttar Pradesh,Basti,2010,2017,8
Groundnut,Uttar Pradesh,Bijnor,2010,2017,8
Groundnut,Uttar Pradesh,Budaun,2010,2017,8
Groundnut,Uttar Pradesh,Buland Shahar,2010,2017,8
Groundnut,Uttar Pradesh,Deoria,2010,2017,8
Groundnut,Uttar Pradesh,Etah,2010,2017,8
Groundnut,Uttar Pradesh,Etawah,2010,2017,8
Groundnut,Uttar Pradesh,Faizabad,2010,2017,8
Groundnut,Uttar Pradesh,Farrukhabad,2010,2017,8
Groundnut,Uttar Pradesh,Fatehpur,2010,2017,8
Groundnut,Uttar Pradesh,Ghazipur,2010,2017,8
Groundnut,Uttar Pradesh,Gonda,2010,2017,8
Groundnut,Uttar Pradesh,Gorakhpur,2010,2017,8
Groundnut,Uttar Pradesh,Hamirpur,2010,2017,8
Groundnut,Uttar Pradesh,Hardoi,2010,2017,8
Groundnut,Uttar Pradesh,Jalaun,2010,2017,8
Groundnut,Uttar Pradesh,Jaunpur,2010,2017,8
Groundnut,Uttar Pradesh,Jhansi,2010,2017,8
Groundnut,Uttar Pradesh,Kanpur,2010,2017,8
Groundnut,Uttar Pradesh,Kheri,2010,2017,8
Groundnut,Uttar Pradesh,Lucknow,2010,2017,8
Groundnut,Uttar Pradesh,Mainpuri,2010,2017,8
Groundnut,Uttar Pradesh,Mathura,2010,2017,8
Groundnut,Uttar Pradesh,Meerut,2010,2017,8
Groundnut,Uttar Pradesh,Mirzpur,2010,2017,8
Groundnut,Uttar Pradesh,Moradabad,2010,2017,8
Groundnut,Uttar Pradesh,Muzaffarnagar,2010,2017,8
Groundnut,Uttar Pradesh,Pilibhit,2010,2017,8
Groundnut,Uttar Pradesh,Pratapgarh,2010,2017,8
Groundnut,Uttar Pradesh,Rae-Bareily,2010,2017,8
Groundnut,Uttar Pradesh,Rampur,2010,2017,8
Groundnut,Uttar Pradesh,Saharanpur,2010,2017,8
Groundnut,Uttar Pradesh,Shahjahanpur,2010,2017,8
Groundnut,Uttar Pradesh,Sitapur,2010,2017,8
Groundnut,Uttar Pradesh,Sultanpur,2010,2017,8
Groundnut,Uttar Pradesh,Unnao,2010,2017,8
Groundnut,Uttar Pradesh,Varanasi,2010,2017,8
Groundnut,Uttarakhand,Almorah,2010,2017,8
Groundnut,Uttarakhand,Chamoli,2010,2017,8
Groundnut,Uttarakhand,Dehradun,2010,2017,8
Groundnut,Uttarakhand,Garhwal,2010,2017,8
Groundnut,Uttarakhand,Nainital,2010,2017,8
Groundnut,Uttarakhand,Pithorgarh,2010,2017,8
Groundnut,Uttarakhand,Tehri Garhwal,2010,2017,8
Groundnut,Uttarakhand,Uttar Kashi,2010,2017,8
Groundnut,West Bengal,24 Parganas,2010,2017,8
Groundnut,West Bengal,Bankura,2010,2017,8
Groundnut,West Bengal,Birbhum,2010,2017,8
Groundnut,West Bengal,Burdwan,2010,2017,8
Groundnut,West Bengal,Cooch Behar,2010,2017,8
Groundnut,West Bengal,Darjeeling,2010,2017,8
Groundnut,West Bengal,Hooghly,2010,2017,8
Groundnut,West Bengal,Howrah,2010,2017,8
Groundnut,West Bengal,Jalpaiguri,2010,2017,8
Groundnut,West Bengal,Malda,2010,2017,8
Groundnut,West Bengal,Midnapur,2010,2017,8
Groundnut,West Bengal,Murshidabad,2010,2017,8
Groundnut,West Bengal,Nadia,2010,2017,8
Groundnut,West Bengal,Purulia,2010,2017,8
Groundnut,West Bengal,West Dinajpur,2010,2017,8
Kharif Sorghum,Andhra Pradesh,Ananthapur,2010,2017,8
Kharif Sorghum,Andhra Pradesh,Chittoor,2010,2017,8
Kharif Sorghum,Andhra Pradesh,East Godavari,2010,2017,8
Kharif Sorghum,Andhra Pradesh,Guntur,2010,2017,8
Kharif Sorghum,Andhra Pradesh,Kadapa Ysr,2010,2017,8
Kharif Sorghum,Andhra Pradesh,Krishna,2010,2017,8
Kharif Sorghum,Andhra Pradesh,Kurnool,2010,2017,8
Kharif Sorghum,Andhra Pradesh,S.P.S. Nellore,2010,2017,8
Kharif Sorghum,Andhra Pradesh,Srikakulam,2010,2017,8
Kharif Sorghum,Andhra Pradesh,Visakhapatnam,2010,2017,8
Kharif Sorghum,Andhra Pradesh,West Godavari,2010,2017,8
Kharif Sorghum,Assam,Cachar,2010,2017,8
Kharif Sorghum,Assam,Darrang,2010,2017,8
Kharif Sorghum,Assam,Dibrugarh,2010,2017,8
Kharif Sorghum,Assam,Goalpara,2010,2017,8
Kharif Sorghum,Assam,Kamrup,2010,2017,8
Kharif Sorghum,Assam,Karbi Anglong,2010,2017,8
Kharif Sorghum,Assam,Lakhimpur,2010,2017,8
Kharif Sorghum,Assam,Nagaon,2010,2017,8
Kharif Sorghum,Assam,North Cachar Hil / Dima Hasao,2010,2017,8
Kharif Sorghum,Assam,Sibsagar,2010,2017,8
Kharif Sorghum,Bihar,Bhagalpur,2010,2017,8
Kharif Sorghum,Bihar,Champaran,2010,2017,8
Kharif Sorghum,Bihar,Darbhanga,2010,2017,8
Kharif Sorghum,Bihar,Gaya,2010,2017,8
Kharif Sorghum,Bihar,Mungair,2010,2017,8
Kharif Sorghum,Bihar,Muzaffarpur,2010,2017,8
Kharif Sorghum,Bihar,Patna,2010,2017,8
Kharif Sorghum,Bihar,Purnea,2010,2017,8
Kharif Sorghum,Bihar,Saharsa,2010,2017,8
Kharif Sorghum,Bihar,Saran,2010,2017,8
Kharif Sorghum,Bihar,Shahabad (Now Part Of Bhojpur District),2010,2017,8
Kharif Sorghum,Chhattisgarh,Bastar,2010,2017,8
Kharif Sorghum,Chhattisgarh,Bilaspur,2010,2017,8
Kharif Sorghum,Chhattisgarh,Durg,2010,2017,8
Kharif Sorghum,Chhattisgarh,Raigarh,2010,2017,8
Kharif Sorghum,Chhattisgarh,Raipur,2010,2017,8
Kharif Sorghum,Chhattisgarh,Surguja,2010,2017,8
Kharif Sorghum,Gujarat,Ahmedabad,2010,2017,8
Kharif Sorghum,Gujarat,Amreli,2010,2017,8
Kharif Sorghum,Gujarat,Banaskantha,2010,2017,8
Kharif Sorghum,Gujarat,Bharuch,2010,2017,8
Kharif Sorghum,Gujarat,Bhavnagar,2010,2017,8
Kharif Sorghum,Gujarat,Dangs,2010,2017,8
Kharif Sorghum,Gujarat,Jamnagar,2010,2017,8
Kharif Sorghum,Gujarat,Junagadh,2010,2017,8
Kharif Sorghum,Gujarat,Kheda,2010,2017,8
Kharif Sorghum,Gujarat,Kutch,2010,2017,8
Kharif Sorghum,Gujarat,Mehsana,2010,2017,8
Kharif Sorghum,Gujarat,Panchmahal,2010,2017,8
Kharif Sorghum,Gujarat,Rajkot,2010,2017,8
Kharif Sorghum,Gujarat,Sabarkantha,2010,2017,8
Kharif Sorghum,Gujarat,Surat,2010,2017,8
Kharif Sorghum,Gujarat,Surendranagar,2010,2017,8
Kharif Sorghum,Gujarat,Vadodara / Baroda,2010,2017,8
Kharif Sorghum,Gujarat,Valsad,2010,2017,8
Kharif Sorghum,Haryana,Ambala,2010,2017,8
Kharif Sorghum,Haryana,Gurgaon,2010,2017,8
Kharif Sorghum,Haryana,Hissar,2010,2017,8
Kharif Sorghum,Haryana,Jind,2010,2017,8
Kharif Sorghum,Haryana,Karnal,2010,2017,8
Kharif Sorghum,Haryana,Mahendragarh / Narnaul,2010,2017,8
Kharif Sorghum,Haryana,Rohtak,2010,2017,8
Kharif Sorghum,Himachal Pradesh,Bilashpur,2010,2017,8
Kharif Sorghum,Himachal Pradesh,Chamba,2010,2017,8
Kharif Sorghum,Himachal Pradesh,Kangra,2010,2017,8
Kharif Sorghum,Himachal Pradesh,Kinnaur,2010,2017,8
Kharif Sorghum,Himachal Pradesh,Kullu,2010,2017,8
Kharif Sorghum,Himachal Pradesh,Lahul & Spiti,2010,2017,8
Kharif Sorghum,Himachal Pradesh,Mandi,2010,2017,8
Kharif Sorghum,Himachal Pradesh,Shimla,2010,2017,8
Kharif Sorghum,Himachal Pradesh,Sirmaur,2010,2017,8
Kharif Sorghum,Himachal Pradesh,Solan,2010,2017,8
Kharif Sorghum,Jharkhand,Dhanbad,2010,2017,8
Kharif Sorghum,Jharkhand,Hazaribagh,2010,2017,8
Kharif Sorghum,Jharkhand,Palamau,2010,2017,8
Kharif Sorghum,Jharkhand,Ranchi,2010,2017,8
Kharif Sorghum,Jharkhand,Santhal Paragana / Dumka,2010,2017,8
Kharif Sorghum,Jharkhand,Singhbhum,2010,2017,8
Kharif Sorghum,Karnataka,Bangalore,2010,2017,8
Kharif Sorghum,Karnataka,Belgaum,2010,2017,8
Kharif Sorghum,Karnataka,Bellary,2010,2017,8
Kharif Sorghum,Karnataka,Bidar,2010,2017,8
Kharif Sorghum,Karnataka,Bijapur / Vijayapura,2010,2017,8
Kharif Sorghum,Karnataka,Chickmagalur,2010,2017,8
Kharif Sorghum,Karnataka,Chitradurga,2010,2017,8
Kharif Sorghum,Karnataka,Dakshina Kannada,2010,2017,8
Kharif Sorghum,Karnataka,Dharwad,2010,2017,8
Kharif Sorghum,Karnataka,Gulbarga / Kalaburagi,2010,2017,8
Kharif Sorghum,Karnataka,Hassan,2010,2017,8
Kharif Sorghum,Karnataka,Kodagu / Coorg,2010,2017,8
Kharif Sorghum,Karnataka,Kolar,2010,2017,8
Kharif Sorghum,Karnataka,Mandya,2010,2017,8
Kharif Sorghum,Karnataka,Mysore,2010,2017,8
Kharif Sorghum,Karnataka,Raichur,2010,2017,8
Kharif Sorghum,Karnataka,Shimoge,2010,2017,8
Kharif Sorghum,Karnataka,Tumkur,2010,2017,8
Kharif Sorghum,Karnataka,Uttara Kannada,2010,2017,8
Kharif Sorghum,Kerala,Alappuzha,2010,2017,8
Kharif Sorghum,Kerala,Eranakulam,2010,2017,8
Kharif Sorghum,Kerala,Kannur,2010,2017,8
Kharif Sorghum,Kerala,Kollam,2010,2017,8
Kharif Sorghum,Kerala,Kottayam,2010,2017,8
Kharif Sorghum,Kerala,Kozhikode,2010,2017,8
Kharif Sorghum,Kerala,Malappuram,2010,2017,8
Kharif Sorghum,Kerala,Palakkad,2010,2017,8
Kharif Sorghum,Kerala,Thiruvananthapuram,2010,2017,8
Kharif Sorghum,Kerala,Thrissur,2010,2017,8
Kharif Sorghum,Madhya Pradesh,Balaghat,2010,2017,8
Kharif Sorghum,Madhya Pradesh,Betul,2010,2017,8
Kharif Sorghum,Madhya Pradesh,Bhind,2010,2017,8
Kharif Sorghum,Madhya Pradesh,Chhatarpur,2010,2017,8
Kharif Sorghum,Madhya Pradesh,Chhindwara,2010,2017,8
Kharif Sorghum,Madhya Pradesh,Damoh,2010,2017,8
Kharif Sorghum,Madhya Pradesh,Datia,2010,2017,8
Kharif Sorghum,Madhya Pradesh,Dewas,2010,2017,8
Kharif Sorghum,Madhya Pradesh,Dhar,2010,2017,8
Kharif Sorghum,Madhya Pradesh,Guna,2010,2017,8
Kharif Sorghum,Madhya Pradesh,Gwalior,2010,2017,8
Kharif Sorghum,Madhya Pradesh,Hoshangabad,2010,2017,8
Kharif Sorghum,Madhya Pradesh,Indore,2010,2017,8
Kharif Sorghum,Madhya Pradesh,Jabalpur,2010,2017,8
Kharif Sorghum,Madhya Pradesh,Jhabua,2010,2017,8
Kharif Sorghum,Madhya Pradesh,Khandwa / East Nimar,2010,2017,8
Kharif Sorghum,Madhya Pradesh,Khargone / West Nimar,2010,2017,8
Kharif Sorghum,Madhya Pradesh,Mandla,2010,2017,8
Kharif Sorghum,Madhya Pradesh,Mandsaur,2010,2017,8
Kharif Sorghum,Madhya Pradesh,Morena,2010,2017,8
Kharif Sorghum,Madhya Pradesh,Narsinghpur,2010,2017,8
Kharif Sorghum,Madhya Pradesh,Panna,2010,2017,8
Kharif Sorghum,Madhya Pradesh,Raisen,2010,2017,8
Kharif Sorghum,Madhya Pradesh,Rajgarh,2010,2017,8
Kharif Sorghum,Madhya Pradesh,Ratlam,2010,2017,8
Kharif Sorghum,Madhya Pradesh,Rewa,2010,2016,7
Kharif Sorghum,Madhya Pradesh,Sagar,2010,2017,8
Kharif Sorghum,Madhya Pradesh,Satna,2010,2017,8
Kharif Sorghum,Madhya Pradesh,Sehore,2010,2017,8
Kharif Sorghum,Madhya Pradesh,Seoni / Shivani,2010,2017,8
Kharif Sorghum,Madhya Pradesh,Shahdol,2010,2017,8
Kharif Sorghum,Madhya Pradesh,Shajapur,2010,2017,8
Kharif Sorghum,Madhya Pradesh,Shivpuri,2010,2017,8
Kharif Sorghum,Madhya Pradesh,Sidhi,2010,2017,8
Kharif Sorghum,Madhya Pradesh,Tikamgarh,2010,2017,8
Kharif Sorghum,Madhya Pradesh,Ujjain,2010,2017,8
Kharif Sorghum,Madhya Pradesh,Vidisha,2010,2017,8
Kharif Sorghum,Maharashtra,Ahmednagar,2010,2017,8
Kharif Sorghum,Maharashtra,Akola,2010,2017,8
Kharif Sorghum,Maharashtra,Amarawati,2010,2017,8
Kharif Sorghum,Maharashtra,Aurangabad,2010,2017,8
Kharif Sorghum,Maharashtra,Beed,2010,2017,8
Kharif Sorghum,Maharashtra,Bhandara,2010,2017,8
Kharif Sorghum,Maharashtra,Bombay,2010,2016,4
Kharif Sorghum,Maharashtra,Buldhana,2010,2017,8
Kharif Sorghum,Maharashtra,Chandrapur,2010,2017,8
Kharif Sorghum,Maharashtra,Dhule,2010,2017,8
Kharif Sorghum,Maharashtra,Jalgaon,2010,2017,8
Kharif Sorghum,Maharashtra,Kolhapur,2010,2017,8
Kharif Sorghum,Maharashtra,Nagpur,2010,2017,8
Kharif Sorghum,Maharashtra,Nanded,2010,2017,8
Kharif Sorghum,Maharashtra,Nasik,2010,2017,8
Kharif Sorghum,Maharashtra,Osmanabad,2010,2017,8
Kharif Sorghum,Maharashtra,Parbhani,2010,2017,8
Kharif Sorghum,Maharashtra,Pune,2010,2017,8
Kharif Sorghum,Maharashtra,Raigad,2010,2017,8
Kharif Sorghum,Maharashtra,Ratnagiri,2010,2017,8
Kharif Sorghum,Maharashtra,Sangli,2010,2017,8
Kharif Sorghum,Maharashtra,Satara,2010,2017,8
Kharif Sorghum,Maharashtra,Solapur,2010,2017,8
Kharif Sorghum,Maharashtra,Thane,2010,2017,8
Kharif Sorghum,Maharashtra,Wardha,2010,2017,8
Kharif Sorghum,Maharashtra,Yeotmal,2010,2017,8
Kharif Sorghum,Orissa,Balasore,2010,2017,8
Kharif Sorghum,Orissa,Bolangir,2010,2017,8
Kharif Sorghum,Orissa,Cuttack,2010,2017,8
Kharif Sorghum,Orissa,Dhenkanal,2010,2017,8
Kharif Sorghum,Orissa,Ganjam,2010,2017,8
Kharif Sorghum,Orissa,Kalahandi,2010,2017,8
Kharif Sorghum,Orissa,Keonjhar,2010,2017,8
Kharif Sorghum,Orissa,Koraput,2010,2017,8
Kharif Sorghum,Orissa,Mayurbhanja,2010,2017,8
Kharif Sorghum,Orissa,Phulbani ( Kandhamal ),2010,2017,8
Kharif Sorghum,Orissa,Puri,2010,2017,8
Kharif Sorghum,Orissa,Sambalpur,2010,2017,8
Kharif Sorghum,Orissa,Sundargarh,2010,2017,8
Kharif Sorghum,Punjab,Amritsar,2010,2017,8
Kharif Sorghum,Punjab,Bhatinda,2010,2017,8
Kharif Sorghum,Punjab,Ferozpur,2010,2017,8
Kharif Sorghum,Punjab,Gurdaspur,2010,2017,8
Kharif Sorghum,Punjab,Hoshiarpur,2010,2017,8
Kharif Sorghum,Punjab,Jalandhar,2010,2017,8
Kharif Sorghum,Punjab,Kapurthala,2010,2017,8
Kharif Sorghum,Punjab,Ludhiana,2010,2017,8
Kharif Sorghum,Punjab,Patiala,2010,2017,8
Kharif Sorghum,Punjab,Roopnagar / Ropar,2010,2017,8
Kharif Sorghum,Punjab,Sangrur,2010,2016,7
Kharif Sorghum,Rajasthan,Ajmer,2010,2017,8
Kharif Sorghum,Rajasthan,Alwar,2010,2017,8
Kharif Sorghum,Rajasthan,Banswara,2010,2017,8
Kharif Sorghum,Rajasthan,Barmer,2010,2017,8
Kharif Sorghum,Rajasthan,Bharatpur,2010,2017,8
Kharif Sorghum,Rajasthan,Bhilwara,2010,2017,8
Kharif Sorghum,Rajasthan,Bikaner,2010,2017,8
Kharif Sorghum,Rajasthan,Bundi,2010,2017,8
Kharif Sorghum,Rajasthan,Chittorgarh,2010,2017,8
Kharif Sorghum,Rajasthan,Churu,2010,2017,8
Kharif Sorghum,Rajasthan,Dungarpur,2010,2017,8
Kharif Sorghum,Rajasthan,Ganganagar,2010,2017,8
Kharif Sorghum,Rajasthan,Jaipur,2010,2017,8
Kharif Sorghum,Rajasthan,Jaisalmer,2010,2017,8
Kharif Sorghum,Rajasthan,Jalore,2010,2017,8
Kharif Sorghum,Rajasthan,Jhalawar,2010,2017,8
Kharif Sorghum,Rajasthan,Jhunjhunu,2010,2017,8
Kharif Sorghum,Rajasthan,Jodhpur,2010,2017,8
Kharif Sorghum,Rajasthan,Kota,2010,2017,8
Kharif Sorghum,Rajasthan,Nagaur,2010,2017,8
Kharif Sorghum,Rajasthan,Pali,2010,2017,8
Kharif Sorghum,Rajasthan,Sikar,2010,2017,8
Kharif Sorghum,Rajasthan,Sirohi,2010,2017,8
Kharif Sorghum,Rajasthan,Swami Madhopur,2010,2017,8
Kharif Sorghum,Rajasthan,Tonk,2010,2017,8
Kharif Sorghum,Rajasthan,Udaipur,2010,2017,8
Kharif Sorghum,Tamil Nadu,Chengalpattu Mgr / Kanchipuram,2010,2017,8
Kharif Sorghum,Tamil Nadu,Coimbatore,2010,2017,8
Kharif Sorghum,Tamil Nadu,Kanyakumari,2010,2017,5
Kharif Sorghum,Tamil Nadu,Madurai,2010,2017,7
Kharif Sorghum,Tamil Nadu,North Arcot / Vellore,2010,2017,7
Kharif Sorghum,Tamil Nadu,Ramananthapuram,2010,2017,8
Kharif Sorghum,Tamil Nadu,Salem,2010,2016,5
Kharif Sorghum,Tamil Nadu,South Arcot / Cuddalore,2010,2017,8
Kharif Sorghum,Tamil Nadu,Thanjavur,2010,2017,8
Kharif Sorghum,Tamil Nadu,The Nilgiris,2010,2017,7
Kharif Sorghum,Tamil Nadu,Thirunelveli,2010,2017,6
Kharif Sorghum,Tamil Nadu,Tiruchirapalli / Trichy,2010,2017,6
Kharif Sorghum,Telangana,Adilabad,2010,2017,8
Kharif Sorghum,Telangana,Hyderabad,2010,2017,8
Kharif Sorghum,Telangana,Karimnagar,2010,2017,8
Kharif Sorghum,Telangana,Khammam,2010,2017,8
Kharif Sorghum,Telangana,Mahabubnagar,2010,2017,8
Kharif Sorghum,Telangana,Medak,2010,2017,8
Kharif Sorghum,Telangana,Nalgonda,2010,2017,8
Kharif Sorghum,Telangana,Nizamabad,2010,2017,8
Kharif Sorghum,Telangana,Warangal,2010,2017,8
Kharif Sorghum,Uttar Pradesh,Agra,2010,2017,8
Kharif Sorghum,Uttar Pradesh,Aligarh,2010,2017,8
Kharif Sorghum,Uttar Pradesh,Allahabad,2010,2017,8
Kharif Sorghum,Uttar Pradesh,Azamgarh,2010,2017,8
Kharif Sorghum,Uttar Pradesh,Bahraich,2010,2017,8
Kharif Sorghum,Uttar Pradesh,Ballia,2010,2017,8
Kharif Sorghum,Uttar Pradesh,Banda,2010,2017,8
Kharif Sorghum,Uttar Pradesh,Barabanki,2010,2017,8
Kharif Sorghum,Uttar Pradesh,Bareilly,2010,2017,8
Kharif Sorghum,Uttar Pradesh,Basti,2010,2017,8
Kharif Sorghum,Uttar Pradesh,Bijnor,2010,2017,8
Kharif Sorghum,Uttar Pradesh,Budaun,2010,2017,8
Kharif Sorghum,Uttar Pradesh,Buland Shahar,2010,2017,8
Kharif Sorghum,Uttar Pradesh,Deoria,2010,2017,8
Kharif Sorghum,Uttar Pradesh,Etah,2010,2017,8
Kharif Sorghum,Uttar Pradesh,Etawah,2010,2017,8
Kharif Sorghum,Uttar Pradesh,Faizabad,2010,2017,8
Kharif Sorghum,Uttar Pradesh,Farrukhabad,2010,2017,8
Kharif Sorghum,Uttar Pradesh,Fatehpur,2010,2017,8
Kharif Sorghum,Uttar Pradesh,Ghazipur,2010,2017,8
Kharif Sorghum,Uttar Pradesh,Gonda,2010,2017,8
Kharif Sorghum,Uttar Pradesh,Gorakhpur,2010,2017,8
Kharif Sorghum,Uttar Pradesh,Hamirpur,2010,2017,8
Kharif Sorghum,Uttar Pradesh,Hardoi,2010,2017,8
Kharif Sorghum,Uttar Pradesh,Jalaun,2010,2017,8
Kharif Sorghum,Uttar Pradesh,Jaunpur,2010,2017,8
Kharif Sorghum,Uttar Pradesh,Jhansi,2010,2017,8
Kharif Sorghum,Uttar Pradesh,Kanpur,2010,2017,8
Kharif Sorghum,Uttar Pradesh,Kheri,2010,2017,8
Kharif Sorghum,Uttar Pradesh,Lucknow,2010,2017,8
Kharif Sorghum,Uttar Pradesh,Mainpuri,2010,2017,8
Kharif Sorghum,Uttar Pradesh,Mathura,2010,2017,8
Kharif Sorghum,Uttar Pradesh,Meerut,2010,2017,8
Kharif Sorghum,Uttar Pradesh,Mirzpur,2010,2017,8
Kharif Sorghum,Uttar Pradesh,Moradabad,2010,2017,8
Kharif Sorghum,Uttar Pradesh,Muzaffarnagar,2010,2017,8
Kharif Sorghum,Uttar Pradesh,Pilibhit,2010,2017,8
Kharif Sorghum,Uttar Pradesh,Pratapgarh,2010,2017,8
Kharif Sorghum,Uttar Pradesh,Rae-Bareily,2010,2017,8
Kharif Sorghum,Uttar Pradesh,Rampur,2010,2017,8
Kharif Sorghum,Uttar Pradesh,Saharanpur,2010,2017,8
Kharif Sorghum,Uttar Pradesh,Shahjahanpur,2010,2017,8
Kharif Sorghum,Uttar Pradesh,Sitapur,2010,2017,8
Kharif Sorghum,Uttar Pradesh,Sultanpur,2010,2017,8
Kharif Sorghum,Uttar Pradesh,Unnao,2010,2017,8
Kharif Sorghum,Uttar Pradesh,Varanasi,2010,2017,8
Kharif Sorghum,Uttarakhand,Almorah,2010,2017,8
Kharif Sorghum,Uttarakhand,Chamoli,2010,2017,8
Kharif Sorghum,Uttarakhand,Dehradun,2010,2017,8
Kharif Sorghum,Uttarakhand,Garhwal,2010,2017,8
Kharif Sorghum,Uttarakhand,Nainital,2010,2017,8
Kharif Sorghum,Uttarakhand,Pithorgarh,2010,2017,8
Kharif Sorghum,Uttarakhand,Tehri Garhwal,2010,2017,8
Kharif Sorghum,Uttarakhand,Uttar Kashi,2010,2017,8
Kharif Sorghum,West Bengal,24 Parganas,2010,2017,8
Kharif Sorghum,West Bengal,Bankura,2010,2017,8
Kharif Sorghum,West Bengal,Birbhum,2010,2017,8
Kharif Sorghum,West Bengal,Burdwan,2010,2017,8
Kharif Sorghum,West Bengal,Cooch Behar,2010,2017,8
Kharif Sorghum,West Bengal,Darjeeling,2010,2017,8
Kharif Sorghum,West Bengal,Hooghly,2010,2017,8
Kharif Sorghum,West Bengal,Howrah,2010,2017,8
Kharif Sorghum,West Bengal,Jalpaiguri,2010,2017,8
Kharif Sorghum,West Bengal,Malda,2010,2017,8
Kharif Sorghum,West Bengal,Midnapur,2010,2017,8
Kharif Sorghum,West Bengal,Murshidabad,2010,2017,8
Kharif Sorghum,West Bengal,Nadia,2010,2017,8
Kharif Sorghum,West Bengal,Purulia,2010,2017,8
Kharif Sorghum,West Bengal,West Dinajpur,2010,2017,8
Linseed,Andhra Pradesh,Ananthapur,2010,2017,8
Linseed,Andhra Pradesh,Chittoor,2010,2017,8
Linseed,Andhra Pradesh,East Godavari,2010,2017,8
Linseed,Andhra Pradesh,Guntur,2010,2017,8
Linseed,Andhra Pradesh,Kadapa Ysr,2010,2017,8
Linseed,Andhra Pradesh,Krishna,2010,2017,8
Linseed,Andhra Pradesh,Kurnool,2010,2017,8
Linseed,Andhra Pradesh,S.P.S. Nellore,2010,2017,8
Linseed,Andhra Pradesh,Srikakulam,2010,2017,8
Linseed,Andhra Pradesh,Visakhapatnam,2010,2017,8
Linseed,Andhra Pradesh,West Godavari,2010,2017,8
Linseed,Assam,Cachar,2010,2017,8
Linseed,Assam,Darrang,2010,2017,8
Linseed,Assam,Dibrugarh,2010,2017,8
Linseed,Assam,Goalpara,2010,2017,8
Linseed,Assam,Kamrup,2010,2017,8
Linseed,Assam,Karbi Anglong,2010,2017,8
Linseed,Assam,Lakhimpur,2010,2017,8
Linseed,Assam,Nagaon,2010,2017,8
Linseed,Assam,North Cachar Hil / Dima Hasao,2010,2017,8
Linseed,Assam,Sibsagar,2010,2017,8
Linseed,Bihar,Bhagalpur,2010,2017,8
Linseed,Bihar,Champaran,2010,2017,8
Linseed,Bihar,Darbhanga,2010,2017,8
Linseed,Bihar,Gaya,2010,2017,8
Linseed,Bihar,Mungair,2010,2017,8
Linseed,Bihar,Muzaffarpur,2010,2017,8
Linseed,Bihar,Patna,2010,2017,8
Linseed,Bihar,Purnea,2010,2017,8
Linseed,Bihar,Saharsa,2010,2017,8
Linseed,Bihar,Saran,2010,2017,8
Linseed,Bihar,Shahabad (Now Part Of Bhojpur District),2010,2017,8
Linseed,Chhattisgarh,Bastar,2010,2017,8
Linseed,Chhattisgarh,Bilaspur,2010,2017,8
Linseed,Chhattisgarh,Durg,2010,2017,8
Linseed,Chhattisgarh,Raigarh,2010,2017,8
Linseed,Chhattisgarh,Raipur,2010,2017,8
Linseed,Chhattisgarh,Surguja,2010,2017,8
Linseed,Gujarat,Ahmedabad,2010,2017,8
Linseed,Gujarat,Amreli,2010,2017,8
Linseed,Gujarat,Banaskantha,2010,2017,8
Linseed,Gujarat,Bharuch,2010,2017,8
Linseed,Gujarat,Bhavnagar,2010,2017,8
Linseed,Gujarat,Dangs,2010,2017,8
Linseed,Gujarat,Jamnagar,2010,2017,8
Linseed,Gujarat,Junagadh,2010,2017,8
Linseed,Gujarat,Kheda,2010,2017,8
Linseed,Gujarat,Kutch,2010,2017,8
Linseed,Gujarat,Mehsana,2010,2017,8
Linseed,Gujarat,Panchmahal,2010,2017,8
Linseed,Gujarat,Rajkot,2010,2017,8
Linseed,Gujarat,Sabarkantha,2010,2017,8
Linseed,Gujarat,Surat,2010,2017,8
Linseed,Gujarat,Surendranagar,2010,2017,8
Linseed,Gujarat,Vadodara / Baroda,2010,2017,8
Linseed,Gujarat,Valsad,2010,2017,8
Linseed,Haryana,Ambala,2010,2017,8
Linseed,Haryana,Gurgaon,2010,2017,8
Linseed,Haryana,Hissar,2010,2017,8
Linseed,Haryana,Jind,2010,2017,8
Linseed,Haryana,Karnal,2010,2017,8
Linseed,Haryana,Mahendragarh / Narnaul,2010,2017,8
Linseed,Haryana,Rohtak,2010,2017,8
Linseed,Himachal Pradesh,Bilashpur,2010,2017,8
Linseed,Himachal Pradesh,Chamba,2010,2017,8
Linseed,Himachal Pradesh,Kangra,2010,2017,8
Linseed,Himachal Pradesh,Kinnaur,2010,2017,8
Linseed,Himachal Pradesh,Kullu,2010,2017,8
Linseed,Himachal Pradesh,Lahul & Spiti,2010,2017,8
Linseed,Himachal Pradesh,Mandi,2010,2017,8
Linseed,Himachal Pradesh,Shimla,2010,2017,8
Linseed,Himachal Pradesh,Sirmaur,2010,2017,8
Linseed,Himachal Pradesh,Solan,2010,2017,8
Linseed,Jharkhand,Dhanbad,2010,2017,8
Linseed,Jharkhand,Hazaribagh,2010,2017,8
Linseed,Jharkhand,Palamau,2010,2017,8
Linseed,Jharkhand,Ranchi,2010,2017,8
Linseed,Jharkhand,Santhal Paragana / Dumka,2010,2017,8
Linseed,Jharkhand,Singhbhum,2010,2017,8
Linseed,Karnataka,Bangalore,2010,2017,8
Linseed,Karnataka,Belgaum,2010,2017,8
Linseed,Karnataka,Bellary,2010,2017,8
Linseed,Karnataka,Bidar,2010,2017,8
Linseed,Karnataka,Bijapur / Vijayapura,2010,2017,8
Linseed,Karnataka,Chickmagalur,2010,2017,8
Linseed,Karnataka,Chitradurga,2010,2017,8
Linseed,Karnataka,Dakshina Kannada,2010,2017,8
Linseed,Karnataka,Dharwad,2010,2017,8
Linseed,Karnataka,Gulbarga / Kalaburagi,2010,2017,8
Linseed,Karnataka,Hassan,2010,2017,8
Linseed,Karnataka,Kodagu / Coorg,2010,2017,8
Linseed,Karnataka,Kolar,2010,2017,8
Linseed,Karnataka,Mandya,2010,2017,8
Linseed,Karnataka,Mysore,2010,2017,8
Linseed,Karnataka,Raichur,2010,2017,8
Linseed,Karnataka,Shimoge,2010,2017,8
Linseed,Karnataka,Tumkur,2010,2017,8
Linseed,Karnataka,Uttara Kannada,2010,2017,8
Linseed,Kerala,Alappuzha,2010,2017,8
Linseed,Kerala,Eranakulam,2010,2017,8
Linseed,Kerala,Kannur,2010,2017,8
Linseed,Kerala,Kollam,2010,2017,8
Linseed,Kerala,Kottayam,2010,2017,8
Linseed,Kerala,Kozhikode,2010,2017,8
Linseed,Kerala,Malappuram,2010,2017,8
Linseed,Kerala,Palakkad,2010,2017,8
Linseed,Kerala,Thiruvananthapuram,2010,2017,8
Linseed,Kerala,Thrissur,2010,2017,8
Linseed,Madhya Pradesh,Balaghat,2010,2017,8
Linseed,Madhya Pradesh,Betul,2010,2017,8
Linseed,Madhya Pradesh,Bhind,2010,2017,8
Linseed,Madhya Pradesh,Chhatarpur,2010,2017,8
Linseed,Madhya Pradesh,Chhindwara,2010,2017,8
Linseed,Madhya Pradesh,Damoh,2010,2017,8
Linseed,Madhya Pradesh,Datia,2010,2017,8
Linseed,Madhya Pradesh,Dewas,2010,2017,8
Linseed,Madhya Pradesh,Dhar,2010,2017,8
Linseed,Madhya Pradesh,Guna,2010,2017,8
Linseed,Madhya Pradesh,Gwalior,2010,2017,8
Linseed,Madhya Pradesh,Hoshangabad,2010,2017,8
Linseed,Madhya Pradesh,Indore,2010,2017,8
Linseed,Madhya Pradesh,Jabalpur,2010,2017,8
Linseed,Madhya Pradesh,Jhabua,2010,2017,8
Linseed,Madhya Pradesh,Khandwa / East Nimar,2010,2017,8
Linseed,Madhya Pradesh,Khargone / West Nimar,2010,2017,8
Linseed,Madhya Pradesh,Mandla,2010,2017,8
Linseed,Madhya Pradesh,Mandsaur,2010,2017,8
Linseed,Madhya Pradesh,Morena,2010,2017,8
Linseed,Madhya Pradesh,Narsinghpur,2010,2017,8
Linseed,Madhya Pradesh,Panna,2010,2017,8
Linseed,Madhya Pradesh,Raisen,2010,2017,8
Linseed,Madhya Pradesh,Rajgarh,2010,2017,8
Linseed,Madhya Pradesh,Ratlam,2010,2017,8
Linseed,Madhya Pradesh,Rewa,2010,2016,7
Linseed,Madhya Pradesh,Sagar,2010,2017,8
Linseed,Madhya Pradesh,Satna,2010,2017,8
Linseed,Madhya Pradesh,Sehore,2010,2017,8
Linseed,Madhya Pradesh,Seoni / Shivani,2010,2017,8
Linseed,Madhya Pradesh,Shahdol,2010,2017,8
Linseed,Madhya Pradesh,Shajapur,2010,2017,8
Linseed,Madhya Pradesh,Shivpuri,2010,2017,8
Linseed,Madhya Pradesh,Sidhi,2010,2017,8
Linseed,Madhya Pradesh,Tikamgarh,2010,2017,8
Linseed,Madhya Pradesh,Ujjain,2010,2017,8
Linseed,Madhya Pradesh,Vidisha,2010,2017,8
Linseed,Maharashtra,Ahmednagar,2010,2017,8
Linseed,Maharashtra,Akola,2010,2017,8
Linseed,Maharashtra,Amarawati,2010,2017,8
Linseed,Maharashtra,Aurangabad,2010,2017,8
Linseed,Maharashtra,Beed,2010,2017,8
Linseed,Maharashtra,Bhandara,2010,2017,8
Linseed,Maharashtra,Bombay,2010,2016,4
Linseed,Maharashtra,Buldhana,2010,2017,8
Linseed,Maharashtra,Chandrapur,2010,2017,8
Linseed,Maharashtra,Dhule,2010,2017,8
Linseed,Maharashtra,Jalgaon,2010,2017,8
Linseed,Maharashtra,Kolhapur,2010,2017,8
Linseed,Maharashtra,Nagpur,2010,2017,8
Linseed,Maharashtra,Nanded,2010,2017,8
Linseed,Maharashtra,Nasik,2010,2017,8
Linseed,Maharashtra,Osmanabad,2010,2017,8
Linseed,Maharashtra,Parbhani,2010,2017,8
Linseed,Maharashtra,Pune,2010,2017,8
Linseed,Maharashtra,Raigad,2010,2017,8
Linseed,Maharashtra,Ratnagiri,2010,2017,8
Linseed,Maharashtra,Sangli,2010,2017,8
Linseed,Maharashtra,Satara,2010,2017,8
Linseed,Maharashtra,Solapur,2010,2017,8
Linseed,Maharashtra,Thane,2010,2017,8
Linseed,Maharashtra,Wardha,2010,2017,8
Linseed,Maharashtra,Yeotmal,2010,2017,8
Linseed,Orissa,Balasore,2010,2017,8
Linseed,Orissa,Bolangir,2010,2017,8
Linseed,Orissa,Cuttack,2010,2017,8
Linseed,Orissa,Dhenkanal,2010,2017,8
Linseed,Orissa,Ganjam,2010,2017,8
Linseed,Orissa,Kalahandi,2010,2017,8
Linseed,Orissa,Keonjhar,2010,2017,8
Linseed,Orissa,Koraput,2010,2017,8
Linseed,Orissa,Mayurbhanja,2010,2017,8
Linseed,Orissa,Phulbani ( Kandhamal ),2010,2017,8
Linseed,Orissa,Puri,2010,2017,8
Linseed,Orissa,Sambalpur,2010,2017,8
Linseed,Orissa,Sundargarh,2010,2017,8
Linseed,Punjab,Amritsar,2010,2017,8
Linseed,Punjab,Bhatinda,2010,2017,8
Linseed,Punjab,Ferozpur,2010,2017,8
Linseed,Punjab,Gurdaspur,2010,2017,8
Linseed,Punjab,Hoshiarpur,2010,2017,8
Linseed,Punjab,Jalandhar,2010,2017,8
Linseed,Punjab,Kapurthala,2010,2017,8
Linseed,Punjab,Ludhiana,2010,2017,8
Linseed,Punjab,Patiala,2010,2017,8
Linseed,Punjab,Roopnagar / Ropar,2010,2017,8
Linseed,Punjab,Sangrur,2010,2016,7
Linseed,Rajasthan,Ajmer,2010,2017,8
Linseed,Rajasthan,Alwar,2010,2017,8
Linseed,Rajasthan,Banswara,2010,2017,8
Linseed,Rajasthan,Barmer,2010,2017,8
Linseed,Rajasthan,Bharatpur,2010,2017,8
Linseed,Rajasthan,Bhilwara,2010,2017,8
Linseed,Rajasthan,Bikaner,2010,2017,8
Linseed,Rajasthan,Bundi,2010,2017,8
Linseed,Rajasthan,Chittorgarh,2010,2017,8
Linseed,Rajasthan,Churu,2010,2017,8
Linseed,Rajasthan,Dungarpur,2010,2017,8
Linseed,Rajasthan,Ganganagar,2010,2017,8
Linseed,Rajasthan,Jaipur,2010,2017,8
Linseed,Rajasthan,Jaisalmer,2010,2017,8
Linseed,Rajasthan,Jalore,2010,2017,8
Linseed,Rajasthan,Jhalawar,2010,2017,8
Linseed,Rajasthan,Jhunjhunu,2010,2017,8
Linseed,Rajasthan,Jodhpur,2010,2017,8
Linseed,Rajasthan,Kota,2010,2017,8
Linseed,Rajasthan,Nagaur,2010,2017,8
Linseed,Rajasthan,Pali,2010,2017,8
Linseed,Rajasthan,Sikar,2010,2017,8
Linseed,Rajasthan,Sirohi,2010,2017,8
Linseed,Rajasthan,Swami Madhopur,2010,2017,8
Linseed,Rajasthan,Tonk,2010,2017,8
Linseed,Rajasthan,Udaipur,2010,2017,8
Linseed,Tamil Nadu,Chengalpattu Mgr / Kanchipuram,2010,2017,8
Linseed,Tamil Nadu,Coimbatore,2010,2017,8
Linseed,Tamil Nadu,Kanyakumari,2010,2017,5
Linseed,Tamil Nadu,Madurai,2010,2017,7
Linseed,Tamil Nadu,North Arcot / Vellore,2010,2017,7
Linseed,Tamil Nadu,Ramananthapuram,2010,2017,8
Linseed,Tamil Nadu,Salem,2010,2016,5
Linseed,Tamil Nadu,South Arcot / Cuddalore,2010,2017,8
Linseed,Tamil Nadu,Thanjavur,2010,2017,8
Linseed,Tamil Nadu,The Nilgiris,2010,2017,7
Linseed,Tamil Nadu,Thirunelveli,2010,2017,6
Linseed,Tamil Nadu,Tiruchirapalli / Trichy,2010,2017,6
Linseed,Telangana,Adilabad,2010,2017,8
Linseed,Telangana,Hyderabad,2010,2017,8
Linseed,Telangana,Karimnagar,2010,2017,8
Linseed,Telangana,Khammam,2010,2017,8
Linseed,Telangana,Mahabubnagar,2010,2017,8
Linseed,Telangana,Medak,2010,2017,8
Linseed,Telangana,Nalgonda,2010,2017,8
Linseed,Telangana,Nizamabad,2010,2017,8
Linseed,Telangana,Warangal,2010,2017,8
Linseed,Uttar Pradesh,Agra,2010,2017,8
Linseed,Uttar Pradesh,Aligarh,2010,2017,8
Linseed,Uttar Pradesh,Allahabad,2010,2017,8
Linseed,Uttar Pradesh,Azamgarh,2010,2017,8
Linseed,Uttar Pradesh,Bahraich,2010,2017,8
Linseed,Uttar Pradesh,Ballia,2010,2017,8
Linseed,Uttar Pradesh,Banda,2010,2017,8
Linseed,Uttar Pradesh,Barabanki,2010,2017,8
Linseed,Uttar Pradesh,Bareilly,2010,2017,8
Linseed,Uttar Pradesh,Basti,2010,2017,8
Linseed,Uttar Pradesh,Bijnor,2010,2017,8
Linseed,Uttar Pradesh,Budaun,2010,2017,8
Linseed,Uttar Pradesh,Buland Shahar,2010,2017,8
Linseed,Uttar Pradesh,Deoria,2010,2017,8
Linseed,Uttar Pradesh,Etah,2010,2017,8
Linseed,Uttar Pradesh,Etawah,2010,2017,8
Linseed,Uttar Pradesh,Faizabad,2010,2017,8
Linseed,Uttar Pradesh,Farrukhabad,2010,2017,8
Linseed,Uttar Pradesh,Fatehpur,2010,2017,8
Linseed,Uttar Pradesh,Ghazipur,2010,2017,8
Linseed,Uttar Pradesh,Gonda,2010,2017,8
Linseed,Uttar Pradesh,Gorakhpur,2010,2017,8
Linseed,Uttar Pradesh,Hamirpur,2010,2017,8
Linseed,Uttar Pradesh,Hardoi,2010,2017,8
Linseed,Uttar Pradesh,Jalaun,2010,2017,8
Linseed,Uttar Pradesh,Jaunpur,2010,2017,8
Linseed,Uttar Pradesh,Jhansi,2010,2017,8
Linseed,Uttar Pradesh,Kanpur,2010,2017,8
Linseed,Uttar Pradesh,Kheri,2010,2017,8
Linseed,Uttar Pradesh,Lucknow,2010,2017,8
Linseed,Uttar Pradesh,Mainpuri,2010,2017,8
Linseed,Uttar Pradesh,Mathura,2010,2017,8
Linseed,Uttar Pradesh,Meerut,2010,2017,8
Linseed,Uttar Pradesh,Mirzpur,2010,2017,8
Linseed,Uttar Pradesh,Moradabad,2010,2017,8
Linseed,Uttar Pradesh,Muzaffarnagar,2010,2017,8
Linseed,Uttar Pradesh,Pilibhit,2010,2017,8
Linseed,Uttar Pradesh,Pratapgarh,2010,2017,8
Linseed,Uttar Pradesh,Rae-Bareily,2010,2017,8
Linseed,Uttar Pradesh,Rampur,2010,2017,8
Linseed,Uttar Pradesh,Saharanpur,2010,2017,8
Linseed,Uttar Pradesh,Shahjahanpur,2010,2017,8
Linseed,Uttar Pradesh,Sitapur,2010,2017,8
Linseed,Uttar Pradesh,Sultanpur,2010,2017,8
Linseed,Uttar Pradesh,Unnao,2010,2017,8
Linseed,Uttar Pradesh,Varanasi,2010,2017,8
Linseed,Uttarakhand,Almorah,2010,2017,8
Linseed,Uttarakhand,Chamoli,2010,2017,8
Linseed,Uttarakhand,Dehradun,2010,2017,8
Linseed,Uttarakhand,Garhwal,2010,2017,8
Linseed,Uttarakhand,Nainital,2010,2017,8
Linseed,Uttarakhand,Pithorgarh,2010,2017,8
Linseed,Uttarakhand,Tehri Garhwal,2010,2017,8
Linseed,Uttarakhand,Uttar Kashi,2010,2017,8
Linseed,West Bengal,24 Parganas,2010,2017,8
Linseed,West Bengal,Bankura,2010,2017,8
Linseed,West Bengal,Birbhum,2010,2017,8
Linseed,West Bengal,Burdwan,2010,2017,8
Linseed,West Bengal,Cooch Behar,2010,2017,8
Linseed,West Bengal,Darjeeling,2010,2017,8
Linseed,West Bengal,Hooghly,2010,2017,8
Linseed,West Bengal,Howrah,2010,2017,8
Linseed,West Bengal,Jalpaiguri,2010,2017,8
Linseed,West Bengal,Malda,2010,2017,8
Linseed,West Bengal,Midnapur,2010,2017,8
Linseed,West Bengal,Murshidabad,2010,2017,8
Linseed,West Bengal,Nadia,2010,2017,8
Linseed,West Bengal,Purulia,2010,2017,8
Linseed,West Bengal,West Dinajpur,2010,2017,8
Maize,Andhra Pradesh,Ananthapur,2010,2017,8
Maize,Andhra Pradesh,Chittoor,2010,2017,8
Maize,Andhra Pradesh,East Godavari,2010,2017,8
Maize,Andhra Pradesh,Guntur,2010,2017,8
Maize,Andhra Pradesh,Kadapa Ysr,2010,2017,8
Maize,Andhra Pradesh,Krishna,2010,2017,8
Maize,Andhra Pradesh,Kurnool,2010,2017,8
Maize,Andhra Pradesh,S.P.S. Nellore,2010,2017,8
Maize,Andhra Pradesh,Srikakulam,2010,2017,8
Maize,Andhra Pradesh,Visakhapatnam,2010,2017,8
Maize,Andhra Pradesh,West Godavari,2010,2017,8
Maize,Assam,Cachar,2010,2017,8
Maize,Assam,Darrang,2010,2017,8
Maize,Assam,Dibrugarh,2010,2017,8
Maize,Assam,Goalpara,2010,2017,8
Maize,Assam,Kamrup,2010,2017,8
Maize,Assam,Karbi Anglong,2010,2017,8
Maize,Assam,Lakhimpur,2010,2017,8
Maize,Assam,Nagaon,2010,2017,8
Maize,Assam,North Cachar Hil / Dima Hasao,2010,2017,8
Maize,Assam,Sibsagar,2010,2017,8
Maize,Bihar,Bhagalpur,2010,2017,8
Maize,Bihar,Champaran,2010,2017,8
Maize,Bihar,Darbhanga,2010,2017,8
Maize,Bihar,Gaya,2010,2017,8
Maize,Bihar,Mungair,2010,2017,8
Maize,Bihar,Muzaffarpur,2010,2017,8
Maize,Bihar,Patna,2010,2017,8
Maize,Bihar,Purnea,2010,2017,8
Maize,Bihar,Saharsa,2010,2017,8
Maize,Bihar,Saran,2010,2017,8
Maize,Bihar,Shahabad (Now Part Of Bhojpur District),2010,2017,8
Maize,Chhattisgarh,Bastar,2010,2017,8
Maize,Chhattisgarh,Bilaspur,2010,2017,8
Maize,Chhattisgarh,Durg,2010,2017,8
Maize,Chhattisgarh,Raigarh,2010,2017,8
Maize,Chhattisgarh,Raipur,2010,2017,8
Maize,Chhattisgarh,Surguja,2010,2017,8
Maize,Gujarat,Ahmedabad,2010,2017,8
Maize,Gujarat,Amreli,2010,2017,8
Maize,Gujarat,Banaskantha,2010,2017,8
Maize,Gujarat,Bharuch,2010,2017,8
Maize,Gujarat,Bhavnagar,2010,2017,8
Maize,Gujarat,Dangs,2010,2017,8
Maize,Gujarat,Jamnagar,2010,2017,8
Maize,Gujarat,Junagadh,2010,2017,8
Maize,Gujarat,Kheda,2010,2017,8
Maize,Gujarat,Kutch,2010,2017,8
Maize,Gujarat,Mehsana,2010,2017,8
Maize,Gujarat,Panchmahal,2010,2017,8
Maize,Gujarat,Rajkot,2010,2017,8
Maize,Gujarat,Sabarkantha,2010,2017,8
Maize,Gujarat,Surat,2010,2017,8
Maize,Gujarat,Surendranagar,2010,2017,8
Maize,Gujarat,Vadodara / Baroda,2010,2017,8
Maize,Gujarat,Valsad,2010,2017,8
Maize,Haryana,Ambala,2010,2017,8
Maize,Haryana,Gurgaon,2010,2017,8
Maize,Haryana,Hissar,2010,2017,8
Maize,Haryana,Jind,2010,2017,8
Maize,Haryana,Karnal,2010,2017,8
Maize,Haryana,Mahendragarh / Narnaul,2010,2017,8
Maize,Haryana,Rohtak,2010,2017,8
Maize,Himachal Pradesh,Bilashpur,2010,2017,8
Maize,Himachal Pradesh,Chamba,2010,2017,8
Maize,Himachal Pradesh,Kangra,2010,2017,8
Maize,Himachal Pradesh,Kinnaur,2010,2017,8
Maize,Himachal Pradesh,Kullu,2010,2017,8
Maize,Himachal Pradesh,Lahul & Spiti,2010,2017,8
Maize,Himachal Pradesh,Mandi,2010,2017,8
Maize,Himachal Pradesh,Shimla,2010,2017,8
Maize,Himachal Pradesh,Sirmaur,2010,2017,8
Maize,Himachal Pradesh,Solan,2010,2017,8
Maize,Jharkhand,Dhanbad,2010,2017,8
Maize,Jharkhand,Hazaribagh,2010,2017,8
Maize,Jharkhand,Palamau,2010,2017,8
Maize,Jharkhand,Ranchi,2010,2017,8
Maize,Jharkhand,Santhal Paragana / Dumka,2010,2017,8
Maize,Jharkhand,Singhbhum,2010,2017,8
Maize,Karnataka,Bangalore,2010,2017,8
Maize,Karnataka,Belgaum,2010,2017,8
Maize,Karnataka,Bellary,2010,2017,8
Maize,Karnataka,Bidar,2010,2017,8
Maize,Karnataka,Bijapur / Vijayapura,2010,2017,8
Maize,Karnataka,Chickmagalur,2010,2017,8
Maize,Karnataka,Chitradurga,2010,2017,8
Maize,Karnataka,Dakshina Kannada,2010,2017,8
Maize,Karnataka,Dharwad,2010,2017,8
Maize,Karnataka,Gulbarga / Kalaburagi,2010,2017,8
Maize,Karnataka,Hassan,2010,2017,8
Maize,Karnataka,Kodagu / Coorg,2010,2017,8
Maize,Karnataka,Kolar,2010,2017,8
Maize,Karnataka,Mandya,2010,2017,8
Maize,Karnataka,Mysore,2010,2017,8
Maize,Karnataka,Raichur,2010,2017,8
Maize,Karnataka,Shimoge,2010,2017,8
Maize,Karnataka,Tumkur,2010,2017,8
Maize,Karnataka,Uttara Kannada,2010,2017,8
Maize,Kerala,Alappuzha,2010,2017,8
Maize,Kerala,Eranakulam,2010,2017,8
Maize,Kerala,Kannur,2010,2017,8
Maize,Kerala,Kollam,2010,2017,8
Maize,Kerala,Kottayam,2010,2017,8
Maize,Kerala,Kozhikode,2010,2017,8
Maize,Kerala,Malappuram,2010,2017,8
Maize,Kerala,Palakkad,2010,2017,8
Maize,Kerala,Thiruvananthapuram,2010,2017,8
Maize,Kerala,Thrissur,2010,2017,8
Maize,Madhya Pradesh,Balaghat,2010,2017,8
Maize,Madhya Pradesh,Betul,2010,2017,8
Maize,Madhya Pradesh,Bhind,2010,2017,8
Maize,Madhya Pradesh,Chhatarpur,2010,2017,8
Maize,Madhya Pradesh,Chhindwara,2010,2017,8
Maize,Madhya Pradesh,Damoh,2010,2017,8
Maize,Madhya Pradesh,Datia,2010,2017,8
Maize,Madhya Pradesh,Dewas,2010,2017,8
Maize,Madhya Pradesh,Dhar,2010,2017,8
Maize,Madhya Pradesh,Guna,2010,2017,8
Maize,Madhya Pradesh,Gwalior,2010,2017,8
Maize,Madhya Pradesh,Hoshangabad,2010,2017,8
Maize,Madhya Pradesh,Indore,2010,2017,8
Maize,Madhya Pradesh,Jabalpur,2010,2017,8
Maize,Madhya Pradesh,Jhabua,2010,2017,8
Maize,Madhya Pradesh,Khandwa / East Nimar,2010,2017,8
Maize,Madhya Pradesh,Khargone / West Nimar,2010,2017,8
Maize,Madhya Pradesh,Mandla,2010,2017,8
Maize,Madhya Pradesh,Mandsaur,2010,2017,8
Maize,Madhya Pradesh,Morena,2010,2017,8
Maize,Madhya Pradesh,Narsinghpur,2010,2017,8
Maize,Madhya Pradesh,Panna,2010,2017,8
Maize,Madhya Pradesh,Raisen,2010,2017,8
Maize,Madhya Pradesh,Rajgarh,2010,2017,8
Maize,Madhya Pradesh,Ratlam,2010,2017,8
Maize,Madhya Pradesh,Rewa,2010,2016,7
Maize,Madhya Pradesh,Sagar,2010,2017,8
Maize,Madhya Pradesh,Satna,2010,2017,8
Maize,Madhya Pradesh,Sehore,2010,2017,8
Maize,Madhya Pradesh,Seoni / Shivani,2010,2017,8
Maize,Madhya Pradesh,Shahdol,2010,2017,8
Maize,Madhya Pradesh,Shajapur,2010,2017,8
Maize,Madhya Pradesh,Shivpuri,2010,2017,8
Maize,Madhya Pradesh,Sidhi,2010,2017,8
Maize,Madhya Pradesh,Tikamgarh,2010,2017,8
Maize,Madhya Pradesh,Ujjain,2010,2017,8
Maize,Madhya Pradesh,Vidisha,2010,2017,8
Maize,Maharashtra,Ahmednagar,2010,2017,8
Maize,Maharashtra,Akola,2010,2017,8
Maize,Maharashtra,Amarawati,2010,2017,8
Maize,Maharashtra,Aurangabad,2010,2017,8
Maize,Maharashtra,Beed,2010,2017,8
Maize,Maharashtra,Bhandara,2010,2017,8
Maize,Maharashtra,Bombay,2010,2016,4
Maize,Maharashtra,Buldhana,2010,2017,8
Maize,Maharashtra,Chandrapur,2010,2017,8
Maize,Maharashtra,Dhule,2010,2017,8
Maize,Maharashtra,Jalgaon,2010,2017,8
Maize,Maharashtra,Kolhapur,2010,2017,8
Maize,Maharashtra,Nagpur,2010,2017,8
Maize,Maharashtra,Nanded,2010,2017,8
Maize,Maharashtra,Nasik,2010,2017,8
Maize,Maharashtra,Osmanabad,2010,2017,8
Maize,Maharashtra,Parbhani,2010,2017,8
Maize,Maharashtra,Pune,2010,2017,8
Maize,Maharashtra,Raigad,2010,2017,8
Maize,Maharashtra,Ratnagiri,2010,2017,8
Maize,Maharashtra,Sangli,2010,2017,8
Maize,Maharashtra,Satara,2010,2017,8
Maize,Maharashtra,Solapur,2010,2017,8
Maize,Maharashtra,Thane,2010,2017,8
Maize,Maharashtra,Wardha,2010,2017,8
Maize,Maharashtra,Yeotmal,2010,2017,8
Maize,Orissa,Balasore,2010,2017,8
Maize,Orissa,Bolangir,2010,2017,8
Maize,Orissa,Cuttack,2010,2017,8
Maize,Orissa,Dhenkanal,2010,2017,8
Maize,Orissa,Ganjam,2010,2017,8
Maize,Orissa,Kalahandi,2010,2017,8
Maize,Orissa,Keonjhar,2010,2017,8
Maize,Orissa,Koraput,2010,2017,8
Maize,Orissa,Mayurbhanja,2010,2017,8
Maize,Orissa,Phulbani ( Kandhamal ),2010,2017,8
Maize,Orissa,Puri,2010,2017,8
Maize,Orissa,Sambalpur,2010,2017,8
Maize,Orissa,Sundargarh,2010,2017,8
Maize,Punjab,Amritsar,2010,2017,8
Maize,Punjab,Bhatinda,2010,2017,8
Maize,Punjab,Ferozpur,2010,2017,8
Maize,Punjab,Gurdaspur,2010,2017,8
Maize,Punjab,Hoshiarpur,2010,2017,8
Maize,Punjab,Jalandhar,2010,2017,8
Maize,Punjab,Kapurthala,2010,2017,8
Maize,Punjab,Ludhiana,2010,2017,8
Maize,Punjab,Patiala,2010,2017,8
Maize,Punjab,Roopnagar / Ropar,2010,2017,8
Maize,Punjab,Sangrur,2010,2016,7
Maize,Rajasthan,Ajmer,2010,2017,8
Maize,Rajasthan,Alwar,2010,2017,8
Maize,Rajasthan,Banswara,2010,2017,8
Maize,Rajasthan,Barmer,2010,2017,8
Maize,Rajasthan,Bharatpur,2010,2017,8
Maize,Rajasthan,Bhilwara,2010,2017,8
Maize,Rajasthan,Bikaner,2010,2017,8
Maize,Rajasthan,Bundi,2010,2017,8
Maize,Rajasthan,Chittorgarh,2010,2017,8
Maize,Rajasthan,Churu,2010,2017,8
Maize,Rajasthan,Dungarpur,2010,2017,8
Maize,Rajasthan,Ganganagar,2010,2017,8
Maize,Rajasthan,Jaipur,2010,2017,8
Maize,Rajasthan,Jaisalmer,2010,2017,8
Maize,Rajasthan,Jalore,2010,2017,8
Maize,Rajasthan,Jhalawar,2010,2017,8
Maize,Rajasthan,Jhunjhunu,2010,2017,8
Maize,Rajasthan,Jodhpur,2010,2017,8
Maize,Rajasthan,Kota,2010,2017,8
Maize,Rajasthan,Nagaur,2010,2017,8
Maize,Rajasthan,Pali,2010,2017,8
Maize,Rajasthan,Sikar,2010,2017,8
Maize,Rajasthan,Sirohi,2010,2017,8
Maize,Rajasthan,Swami Madhopur,2010,2017,8
Maize,Rajasthan,Tonk,2010,2017,8
Maize,Rajasthan,Udaipur,2010,2017,8
Maize,Tamil Nadu,Chengalpattu Mgr / Kanchipuram,2010,2017,8
Maize,Tamil Nadu,Coimbatore,2010,2017,8
Maize,Tamil Nadu,Kanyakumari,2010,2017,5
Maize,Tamil Nadu,Madurai,2010,2017,7
Maize,Tamil Nadu,North Arcot / Vellore,2010,2017,7
Maize,Tamil Nadu,Ramananthapuram,2010,2017,8
Maize,Tamil Nadu,Salem,2010,2016,5
Maize,Tamil Nadu,South Arcot / Cuddalore,2010,2017,8
Maize,Tamil Nadu,Thanjavur,2010,2017,8
Maize,Tamil Nadu,The Nilgiris,2010,2017,7
Maize,Tamil Nadu,Thirunelveli,2010,2017,6
Maize,Tamil Nadu,Tiruchirapalli / Trichy,2010,2017,6
Maize,Telangana,Adilabad,2010,2017,8
Maize,Telangana,Hyderabad,2010,2017,8
Maize,Telangana,Karimnagar,2010,2017,8
Maize,Telangana,Khammam,2010,2017,8
Maize,Telangana,Mahabubnagar,2010,2017,8
Maize,Telangana,Medak,2010,2017,8
Maize,Telangana,Nalgonda,2010,2017,8
Maize,Telangana,Nizamabad,2010,2017,8
Maize,Telangana,Warangal,2010,2017,8
Maize,Uttar Pradesh,Agra,2010,2017,8
Maize,Uttar Pradesh,Aligarh,2010,2017,8
Maize,Uttar Pradesh,Allahabad,2010,2017,8
Maize,Uttar Pradesh,Azamgarh,2010,2017,8
Maize,Uttar Pradesh,Bahraich,2010,2017,8
Maize,Uttar Pradesh,Ballia,2010,2017,8
Maize,Uttar Pradesh,Banda,2010,2017,8
Maize,Uttar Pradesh,Barabanki,2010,2017,8
Maize,Uttar Pradesh,Bareilly,2010,2017,8
Maize,Uttar Pradesh,Basti,2010,2017,8
Maize,Uttar Pradesh,Bijnor,2010,2017,8
Maize,Uttar Pradesh,Budaun,2010,2017,8
Maize,Uttar Pradesh,Buland Shahar,2010,2017,8
Maize,Uttar Pradesh,Deoria,2010,2017,8
Maize,Uttar Pradesh,Etah,2010,2017,8
Maize,Uttar Pradesh,Etawah,2010,2017,8
Maize,Uttar Pradesh,Faizabad,2010,2017,8
Maize,Uttar Pradesh,Farrukhabad,2010,2017,8
Maize,Uttar Pradesh,Fatehpur,2010,2017,8
Maize,Uttar Pradesh,Ghazipur,2010,2017,8
Maize,Uttar Pradesh,Gonda,2010,2017,8
Maize,Uttar Pradesh,Gorakhpur,2010,2017,8
Maize,Uttar Pradesh,Hamirpur,2010,2017,8
Maize,Uttar Pradesh,Hardoi,2010,2017,8
Maize,Uttar Pradesh,Jalaun,2010,2017,8
Maize,Uttar Pradesh,Jaunpur,2010,2017,8
Maize,Uttar Pradesh,Jhansi,2010,2017,8
Maize,Uttar Pradesh,Kanpur,2010,2017,8
Maize,Uttar Pradesh,Kheri,2010,2017,8
Maize,Uttar Pradesh,Lucknow,2010,2017,8
Maize,Uttar Pradesh,Mainpuri,2010,2017,8
Maize,Uttar Pradesh,Mathura,2010,2017,8
Maize,Uttar Pradesh,Meerut,2010,2017,8
Maize,Uttar Pradesh,Mirzpur,2010,2017,8
Maize,Uttar Pradesh,Moradabad,2010,2017,8
Maize,Uttar Pradesh,Muzaffarnagar,2010,2017,8
Maize,Uttar Pradesh,Pilibhit,2010,2017,8
Maize,Uttar Pradesh,Pratapgarh,2010,2017,8
Maize,Uttar Pradesh,Rae-Bareily,2010,2017,8
Maize,Uttar Pradesh,Rampur,2010,2017,8
Maize,Uttar Pradesh,Saharanpur,2010,2017,8
Maize,Uttar Pradesh,Shahjahanpur,2010,2017,8
Maize,Uttar Pradesh,Sitapur,2010,2017,8
Maize,Uttar Pradesh,Sultanpur,2010,2017,8
Maize,Uttar Pradesh,Unnao,2010,2017,8
Maize,Uttar Pradesh,Varanasi,2010,2017,8
Maize,Uttarakhand,Almorah,2010,2017,8
Maize,Uttarakhand,Chamoli,2010,2017,8
Maize,Uttarakhand,Dehradun,2010,2017,8
Maize,Uttarakhand,Garhwal,2010,2017,8
Maize,Uttarakhand,Nainital,2010,2017,8
Maize,Uttarakhand,Pithorgarh,2010,2017,8
Maize,Uttarakhand,Tehri Garhwal,2010,2017,8
Maize,Uttarakhand,Uttar Kashi,2010,2017,8
Maize,West Bengal,24 Parganas,2010,2017,8
Maize,West Bengal,Bankura,2010,2017,8
Maize,West Bengal,Birbhum,2010,2017,8
Maize,West Bengal,Burdwan,2010,2017,8
Maize,West Bengal,Cooch Behar,2010,2017,8
Maize,West Bengal,Darjeeling,2010,2017,8
Maize,West Bengal,Hooghly,2010,2017,8
Maize,West Bengal,Howrah,2010,2017,8
Maize,West Bengal,Jalpaiguri,2010,2017,8
Maize,West Bengal,Malda,2010,2017,8
Maize,West Bengal,Midnapur,2010,2017,8
Maize,West Bengal,Murshidabad,2010,2017,8
Maize,West Bengal,Nadia,2010,2017,8
Maize,West Bengal,Purulia,2010,2017,8
Maize,West Bengal,West Dinajpur,2010,2017,8
Minor Pulses,Andhra Pradesh,Ananthapur,2010,2017,8
Minor Pulses,Andhra Pradesh,Chittoor,2010,2017,8
Minor Pulses,Andhra Pradesh,East Godavari,2010,2017,8
Minor Pulses,Andhra Pradesh,Guntur,2010,2017,8
Minor Pulses,Andhra Pradesh,Kadapa Ysr,2010,2017,8
Minor Pulses,Andhra Pradesh,Krishna,2010,2017,8
Minor Pulses,Andhra Pradesh,Kurnool,2010,2017,8
Minor Pulses,Andhra Pradesh,S.P.S. Nellore,2010,2017,8
Minor Pulses,Andhra Pradesh,Srikakulam,2010,2017,8
Minor Pulses,Andhra Pradesh,Visakhapatnam,2010,2017,8
Minor Pulses,Andhra Pradesh,West Godavari,2010,2017,8
Minor Pulses,Assam,Cachar,2010,2017,8
Minor Pulses,Assam,Darrang,2010,2017,8
Minor Pulses,Assam,Dibrugarh,2010,2017,8
Minor Pulses,Assam,Goalpara,2010,2017,8
Minor Pulses,Assam,Kamrup,2010,2017,8
Minor Pulses,Assam,Karbi Anglong,2010,2017,8
Minor Pulses,Assam,Lakhimpur,2010,2017,8
Minor Pulses,Assam,Nagaon,2010,2017,8
Minor Pulses,Assam,North Cachar Hil / Dima Hasao,2010,2017,8
Minor Pulses,Assam,Sibsagar,2010,2017,8
Minor Pulses,Bihar,Bhagalpur,2010,2017,8
Minor Pulses,Bihar,Champaran,2010,2017,8
Minor Pulses,Bihar,Darbhanga,2010,2017,8
Minor Pulses,Bihar,Gaya,2010,2017,8
Minor Pulses,Bihar,Mungair,2010,2017,8
Minor Pulses,Bihar,Muzaffarpur,2010,2017,8
Minor Pulses,Bihar,Patna,2010,2017,8
Minor Pulses,Bihar,Purnea,2010,2017,8
Minor Pulses,Bihar,Saharsa,2010,2017,8
Minor Pulses,Bihar,Saran,2010,2017,8
Minor Pulses,Bihar,Shahabad (Now Part Of Bhojpur District),2010,2017,8
Minor Pulses,Chhattisgarh,Bastar,2010,2017,8
Minor Pulses,Chhattisgarh,Bilaspur,2010,2017,8
Minor Pulses,Chhattisgarh,Durg,2010,2017,8
Minor Pulses,Chhattisgarh,Raigarh,2010,2017,8
Minor Pulses,Chhattisgarh,Raipur,2010,2017,8
Minor Pulses,Chhattisgarh,Surguja,2010,2017,8
Minor Pulses,Gujarat,Ahmedabad,2010,2017,8
Minor Pulses,Gujarat,Amreli,2010,2017,8
Minor Pulses,Gujarat,Banaskantha,2010,2017,8
Minor Pulses,Gujarat,Bharuch,2010,2017,8
Minor Pulses,Gujarat,Bhavnagar,2010,2017,8
Minor Pulses,Gujarat,Dangs,2010,2017,8
Minor Pulses,Gujarat,Jamnagar,2010,2017,8
Minor Pulses,Gujarat,Junagadh,2010,2017,8
Minor Pulses,Gujarat,Kheda,2010,2017,8
Minor Pulses,Gujarat,Kutch,2010,2017,8
Minor Pulses,Gujarat,Mehsana,2010,2017,8
Minor Pulses,Gujarat,Panchmahal,2010,2017,8
Minor Pulses,Gujarat,Rajkot,2010,2017,8
Minor Pulses,Gujarat,Sabarkantha,2010,2017,8
Minor Pulses,Gujarat,Surat,2010,2017,8
Minor Pulses,Gujarat,Surendranagar,2010,2017,8
Minor Pulses,Gujarat,Vadodara / Baroda,2010,2017,8
Minor Pulses,Gujarat,Valsad,2010,2017,8
Minor Pulses,Haryana,Ambala,2010,2017,8
Minor Pulses,Haryana,Gurgaon,2010,2017,8
Minor Pulses,Haryana,Hissar,2010,2017,8
Minor Pulses,Haryana,Jind,2010,2017,8
Minor Pulses,Haryana,Karnal,2010,2017,8
Minor Pulses,Haryana,Mahendragarh / Narnaul,2010,2017,8
Minor Pulses,Haryana,Rohtak,2010,2017,8
Minor Pulses,Himachal Pradesh,Bilashpur,2010,2017,8
Minor Pulses,Himachal Pradesh,Chamba,2010,2017,8
Minor Pulses,Himachal Pradesh,Kangra,2010,2017,8
Minor Pulses,Himachal Pradesh,Kinnaur,2010,2017,8
Minor Pulses,Himachal Pradesh,Kullu,2010,2017,8
Minor Pulses,Himachal Pradesh,Lahul & Spiti,2010,2017,8
Minor Pulses,Himachal Pradesh,Mandi,2010,2017,8
Minor Pulses,Himachal Pradesh,Shimla,2010,2017,8
Minor Pulses,Himachal Pradesh,Sirmaur,2010,2017,8
Minor Pulses,Himachal Pradesh,Solan,2010,2017,8
Minor Pulses,Jharkhand,Dhanbad,2010,2017,8
Minor Pulses,Jharkhand,Hazaribagh,2010,2017,8
Minor Pulses,Jharkhand,Palamau,2010,2017,8
Minor Pulses,Jharkhand,Ranchi,2010,2017,8
Minor Pulses,Jharkhand,Santhal Paragana / Dumka,2010,2017,8
Minor Pulses,Jharkhand,Singhbhum,2010,2017,8
Minor Pulses,Karnataka,Bangalore,2010,2017,8
Minor Pulses,Karnataka,Belgaum,2010,2017,8
Minor Pulses,Karnataka,Bellary,2010,2017,8
Minor Pulses,Karnataka,Bidar,2010,2017,8
Minor Pulses,Karnataka,Bijapur / Vijayapura,2010,2017,8
Minor Pulses,Karnataka,Chickmagalur,2010,2017,8
Minor Pulses,Karnataka,Chitradurga,2010,2017,8
Minor Pulses,Karnataka,Dakshina Kannada,2010,2017,8
Minor Pulses,Karnataka,Dharwad,2010,2017,8
Minor Pulses,Karnataka,Gulbarga / Kalaburagi,2010,2017,8
Minor Pulses,Karnataka,Hassan,2010,2017,8
Minor Pulses,Karnataka,Kodagu / Coorg,2010,2017,8
Minor Pulses,Karnataka,Kolar,2010,2017,8
Minor Pulses,Karnataka,Mandya,2010,2017,8
Minor Pulses,Karnataka,Mysore,2010,2017,8
Minor Pulses,Karnataka,Raichur,2010,2017,8
Minor Pulses,Karnataka,Shimoge,2010,2017,8
Minor Pulses,Karnataka,Tumkur,2010,2017,8
Minor Pulses,Karnataka,Uttara Kannada,2010,2017,8
Minor Pulses,Kerala,Alappuzha,2010,2017,8
Minor Pulses,Kerala,Eranakulam,2010,2017,8
Minor Pulses,Kerala,Kannur,2010,2017,8
Minor Pulses,Kerala,Kollam,2010,2017,8
Minor Pulses,Kerala,Kottayam,2010,2017,8
Minor Pulses,Kerala,Kozhikode,2010,2017,8
Minor Pulses,Kerala,Malappuram,2010,2017,8
Minor Pulses,Kerala,Palakkad,2010,2017,8
Minor Pulses,Kerala,Thiruvananthapuram,2010,2017,8
Minor Pulses,Kerala,Thrissur,2010,2017,8
Minor Pulses,Madhya Pradesh,Balaghat,2010,2017,8
Minor Pulses,Madhya Pradesh,Betul,2010,2017,8
Minor Pulses,Madhya Pradesh,Bhind,2010,2017,8
Minor Pulses,Madhya Pradesh,Chhatarpur,2010,2017,8
Minor Pulses,Madhya Pradesh,Chhindwara,2010,2017,8
Minor Pulses,Madhya Pradesh,Damoh,2010,2017,8
Minor Pulses,Madhya Pradesh,Datia,2010,2017,8
Minor Pulses,Madhya Pradesh,Dewas,2010,2017,8
Minor Pulses,Madhya Pradesh,Dhar,2010,2017,8
Minor Pulses,Madhya Pradesh,Guna,2010,2017,8
Minor Pulses,Madhya Pradesh,Gwalior,2010,2017,8
Minor Pulses,Madhya Pradesh,Hoshangabad,2010,2017,8
Minor Pulses,Madhya Pradesh,Indore,2010,2017,8
Minor Pulses,Madhya Pradesh,Jabalpur,2010,2017,8
Minor Pulses,Madhya Pradesh,Jhabua,2010,2017,8
Minor Pulses,Madhya Pradesh,Khandwa / East Nimar,2010,2017,8
Minor Pulses,Madhya Pradesh,Khargone / West Nimar,2010,2017,8
Minor Pulses,Madhya Pradesh,Mandla,2010,2017,8
Minor Pulses,Madhya Pradesh,Mandsaur,2010,2017,8
Minor Pulses,Madhya Pradesh,Morena,2010,2017,8
Minor Pulses,Madhya Pradesh,Narsinghpur,2010,2017,8
Minor Pulses,Madhya Pradesh,Panna,2010,2017,8
Minor Pulses,Madhya Pradesh,Raisen,2010,2017,8
Minor Pulses,Madhya Pradesh,Rajgarh,2010,2017,8
Minor Pulses,Madhya Pradesh,Ratlam,2010,2017,8
Minor Pulses,Madhya Pradesh,Rewa,2010,2016,7
Minor Pulses,Madhya Pradesh,Sagar,2010,2017,8
Minor Pulses,Madhya Pradesh,Satna,2010,2017,8
Minor Pulses,Madhya Pradesh,Sehore,2010,2017,8
Minor Pulses,Madhya Pradesh,Seoni / Shivani,2010,2017,8
Minor Pulses,Madhya Pradesh,Shahdol,2010,2017,8
Minor Pulses,Madhya Pradesh,Shajapur,2010,2017,8
Minor Pulses,Madhya Pradesh,Shivpuri,2010,2017,8
Minor Pulses,Madhya Pradesh,Sidhi,2010,2017,8
Minor Pulses,Madhya Pradesh,Tikamgarh,2010,2017,8
Minor Pulses,Madhya Pradesh,Ujjain,2010,2017,8
Minor Pulses,Madhya Pradesh,Vidisha,2010,2017,8
Minor Pulses,Maharashtra,Ahmednagar,2010,2017,8
Minor Pulses,Maharashtra,Akola,2010,2017,8
Minor Pulses,Maharashtra,Amarawati,2010,2017,8
Minor Pulses,Maharashtra,Aurangabad,2010,2017,8
Minor Pulses,Maharashtra,Beed,2010,2017,8
Minor Pulses,Maharashtra,Bhandara,2010,2017,8
Minor Pulses,Maharashtra,Bombay,2010,2016,4
Minor Pulses,Maharashtra,Buldhana,2010,2017,8
Minor Pulses,Maharashtra,Chandrapur,2010,2017,8
Minor Pulses,Maharashtra,Dhule,2010,2017,8
Minor Pulses,Maharashtra,Jalgaon,2010,2017,8
Minor Pulses,Maharashtra,Kolhapur,2010,2017,8
Minor Pulses,Maharashtra,Nagpur,2010,2017,8
Minor Pulses,Maharashtra,Nanded,2010,2017,8
Minor Pulses,Maharashtra,Nasik,2010,2017,8
Minor Pulses,Maharashtra,Osmanabad,2010,2017,8
Minor Pulses,Maharashtra,Parbhani,2010,2017,8
Minor Pulses,Maharashtra,Pune,2010,2017,8
Minor Pulses,Maharashtra,Raigad,2010,2017,8
Minor Pulses,Maharashtra,Ratnagiri,2010,2017,8
Minor Pulses,Maharashtra,Sangli,2010,2017,8
Minor Pulses,Maharashtra,Satara,2010,2017,8
Minor Pulses,Maharashtra,Solapur,2010,2017,8
Minor Pulses,Maharashtra,Thane,2010,2017,8
Minor Pulses,Maharashtra,Wardha,2010,2017,8
Minor Pulses,Maharashtra,Yeotmal,2010,2017,8
Minor Pulses,Orissa,Balasore,2010,2017,8
Minor Pulses,Orissa,Bolangir,2010,2017,8
Minor Pulses,Orissa,Cuttack,2010,2017,8
Minor Pulses,Orissa,Dhenkanal,2010,2017,8
Minor Pulses,Orissa,Ganjam,2010,2017,8
Minor Pulses,Orissa,Kalahandi,2010,2017,8
Minor Pulses,Orissa,Keonjhar,2010,2017,8
Minor Pulses,Orissa,Koraput,2010,2017,8
Minor Pulses,Orissa,Mayurbhanja,2010,2017,8
Minor Pulses,Orissa,Phulbani ( Kandhamal ),2010,2017,8
Minor Pulses,Orissa,Puri,2010,2017,8
Minor Pulses,Orissa,Sambalpur,2010,2017,8
Minor Pulses,Orissa,Sundargarh,2010,2017,8
Minor Pulses,Punjab,Amritsar,2010,2017,8
Minor Pulses,Punjab,Bhatinda,2010,2017,8
Minor Pulses,Punjab,Ferozpur,2010,2017,8
Minor Pulses,Punjab,Gurdaspur,2010,2017,8
Minor Pulses,Punjab,Hoshiarpur,2010,2017,8
Minor Pulses,Punjab,Jalandhar,2010,2017,8
Minor Pulses,Punjab,Kapurthala,2010,2017,8
Minor Pulses,Punjab,Ludhiana,2010,2017,8
Minor Pulses,Punjab,Patiala,2010,2017,8
Minor Pulses,Punjab,Roopnagar / Ropar,2010,2017,8
Minor Pulses,Punjab,Sangrur,2010,2016,7
Minor Pulses,Rajasthan,Ajmer,2010,2017,8
Minor Pulses,Rajasthan,Alwar,2010,2017,8
Minor Pulses,Rajasthan,Banswara,2010,2017,8
Minor Pulses,Rajasthan,Barmer,2010,2017,8
Minor Pulses,Rajasthan,Bharatpur,2010,2017,8
Minor Pulses,Rajasthan,Bhilwara,2010,2017,8
Minor Pulses,Rajasthan,Bikaner,2010,2017,8
Minor Pulses,Rajasthan,Bundi,2010,2017,8
Minor Pulses,Rajasthan,Chittorgarh,2010,2017,8
Minor Pulses,Rajasthan,Churu,2010,2017,8
Minor Pulses,Rajasthan,Dungarpur,2010,2017,8
Minor Pulses,Rajasthan,Ganganagar,2010,2017,8
Minor Pulses,Rajasthan,Jaipur,2010,2017,8
Minor Pulses,Rajasthan,Jaisalmer,2010,2017,8
Minor Pulses,Rajasthan,Jalore,2010,2017,8
Minor Pulses,Rajasthan,Jhalawar,2010,2017,8
Minor Pulses,Rajasthan,Jhunjhunu,2010,2017,8
Minor Pulses,Rajasthan,Jodhpur,2010,2017,8
Minor Pulses,Rajasthan,Kota,2010,2017,8
Minor Pulses,Rajasthan,Nagaur,2010,2017,8
Minor Pulses,Rajasthan,Pali,2010,2017,8
Minor Pulses,Rajasthan,Sikar,2010,2017,8
Minor Pulses,Rajasthan,Sirohi,2010,2017,8
Minor Pulses,Rajasthan,Swami Madhopur,2010,2017,8
Minor Pulses,Rajasthan,Tonk,2010,2017,8
Minor Pulses,Rajasthan,Udaipur,2010,2017,8
Minor Pulses,Tamil Nadu,Chengalpattu Mgr / Kanchipuram,2010,2017,8
Minor Pulses,Tamil Nadu,Coimbatore,2010,2017,8
Minor Pulses,Tamil Nadu,Kanyakumari,2010,2017,5
Minor Pulses,Tamil Nadu,Madurai,2010,2017,7
Minor Pulses,Tamil Nadu,North Arcot / Vellore,2010,2017,7
Minor Pulses,Tamil Nadu,Ramananthapuram,2010,2017,8
Minor Pulses,Tamil Nadu,Salem,2010,2016,5
Minor Pulses,Tamil Nadu,South Arcot / Cuddalore,2010,2017,8
Minor Pulses,Tamil Nadu,Thanjavur,2010,2017,8
Minor Pulses,Tamil Nadu,The Nilgiris,2010,2017,7
Minor Pulses,Tamil Nadu,Thirunelveli,2010,2017,6
Minor Pulses,Tamil Nadu,Tiruchirapalli / Trichy,2010,2017,6
Minor Pulses,Telangana,Adilabad,2010,2017,8
Minor Pulses,Telangana,Hyderabad,2010,2017,8
Minor Pulses,Telangana,Karimnagar,2010,2017,8
Minor Pulses,Telangana,Khammam,2010,2017,8
Minor Pulses,Telangana,Mahabubnagar,2010,2017,8
Minor Pulses,Telangana,Medak,2010,2017,8
Minor Pulses,Telangana,Nalgonda,2010,2017,8
Minor Pulses,Telangana,Nizamabad,2010,2017,8
Minor Pulses,Telangana,Warangal,2010,2017,8
Minor Pulses,Uttar Pradesh,Agra,2010,2017,8
Minor Pulses,Uttar Pradesh,Aligarh,2010,2017,8
Minor Pulses,Uttar Pradesh,Allahabad,2010,2017,8
Minor Pulses,Uttar Pradesh,Azamgarh,2010,2017,8
Minor Pulses,Uttar Pradesh,Bahraich,2010,2017,8
Minor Pulses,Uttar Pradesh,Ballia,2010,2017,8
Minor Pulses,Uttar Pradesh,Banda,2010,2017,8
Minor Pulses,Uttar Pradesh,Barabanki,2010,2017,8
Minor Pulses,Uttar Pradesh,Bareilly,2010,2017,8
Minor Pulses,Uttar Pradesh,Basti,2010,2017,8
Minor Pulses,Uttar Pradesh,Bijnor,2010,2017,8
Minor Pulses,Uttar Pradesh,Budaun,2010,2017,8
Minor Pulses,Uttar Pradesh,Buland Shahar,2010,2017,8
Minor Pulses,Uttar Pradesh,Deoria,2010,2017,8
Minor Pulses,Uttar Pradesh,Etah,2010,2017,8
Minor Pulses,Uttar Pradesh,Etawah,2010,2017,8
Minor Pulses,Uttar Pradesh,Faizabad,2010,2017,8
Minor Pulses,Uttar Pradesh,Farrukhabad,2010,2017,8
Minor Pulses,Uttar Pradesh,Fatehpur,2010,2017,8
Minor Pulses,Uttar Pradesh,Ghazipur,2010,2017,8
Minor Pulses,Uttar Pradesh,Gonda,2010,2017,8
Minor Pulses,Uttar Pradesh,Gorakhpur,2010,2017,8
Minor Pulses,Uttar Pradesh,Hamirpur,2010,2017,8
Minor Pulses,Uttar Pradesh,Hardoi,2010,2017,8
Minor Pulses,Uttar Pradesh,Jalaun,2010,2017,8
Minor Pulses,Uttar Pradesh,Jaunpur,2010,2017,8
Minor Pulses,Uttar Pradesh,Jhansi,2010,2017,8
Minor Pulses,Uttar Pradesh,Kanpur,2010,2017,8
Minor Pulses,Uttar Pradesh,Kheri,2010,2017,8
Minor Pulses,Uttar Pradesh,Lucknow,2010,2017,8
Minor Pulses,Uttar Pradesh,Mainpuri,2010,2017,8
Minor Pulses,Uttar Pradesh,Mathura,2010,2017,8
Minor Pulses,Uttar Pradesh,Meerut,2010,2017,8
Minor Pulses,Uttar Pradesh,Mirzpur,2010,2017,8
Minor Pulses,Uttar Pradesh,Moradabad,2010,2017,8
Minor Pulses,Uttar Pradesh,Muzaffarnagar,2010,2017,8
Minor Pulses,Uttar Pradesh,Pilibhit,2010,2017,8
Minor Pulses,Uttar Pradesh,Pratapgarh,2010,2017,8
Minor Pulses,Uttar Pradesh,Rae-Bareily,2010,2017,8
Minor Pulses,Uttar Pradesh,Rampur,2010,2017,8
Minor Pulses,Uttar Pradesh,Saharanpur,2010,2017,8
Minor Pulses,Uttar Pradesh,Shahjahanpur,2010,2017,8
Minor Pulses,Uttar Pradesh,Sitapur,2010,2017,8
Minor Pulses,Uttar Pradesh,Sultanpur,2010,2017,8
Minor Pulses,Uttar Pradesh,Unnao,2010,2017,8
Minor Pulses,Uttar Pradesh,Varanasi,2010,2017,8
Minor Pulses,Uttarakhand,Almorah,2010,2017,8
Minor Pulses,Uttarakhand,Chamoli,2010,2017,8
Minor Pulses,Uttarakhand,Dehradun,2010,2017,8
Minor Pulses,Uttarakhand,Garhwal,2010,2017,8
Minor Pulses,Uttarakhand,Nainital,2010,2017,8
Minor Pulses,Uttarakhand,Pithorgarh,2010,2017,8
Minor Pulses,Uttarakhand,Tehri Garhwal,2010,2017,8
Minor Pulses,Uttarakhand,Uttar Kashi,2010,2017,8
Minor Pulses,West Bengal,24 Parganas,2010,2017,8
Minor Pulses,West Bengal,Bankura,2010,2017,8
Minor Pulses,West Bengal,Birbhum,2010,2017,8
Minor Pulses,West Bengal,Burdwan,2010,2017,8
Minor Pulses,West Bengal,Cooch Behar,2010,2017,8
Minor Pulses,West Bengal,Darjeeling,2010,2017,8
Minor Pulses,West Bengal,Hooghly,2010,2017,8
Minor Pulses,West Bengal,Howrah,2010,2017,8
Minor Pulses,West Bengal,Jalpaiguri,2010,2017,8
Minor Pulses,West Bengal,Malda,2010,2017,8
Minor Pulses,West Bengal,Midnapur,2010,2017,8
Minor Pulses,West Bengal,Murshidabad,2010,2017,8
Minor Pulses,West Bengal,Nadia,2010,2017,8
Minor Pulses,West Bengal,Purulia,2010,2017,8
Minor Pulses,West Bengal,West Dinajpur,2010,2017,8
Oilseeds,Andhra Pradesh,Ananthapur,2010,2017,8
Oilseeds,Andhra Pradesh,Chittoor,2010,2017,8
Oilseeds,Andhra Pradesh,East Godavari,2010,2017,8
Oilseeds,Andhra Pradesh,Guntur,2010,2017,8
Oilseeds,Andhra Pradesh,Kadapa Ysr,2010,2017,8
Oilseeds,Andhra Pradesh,Krishna,2010,2017,8
Oilseeds,Andhra Pradesh,Kurnool,2010,2017,8
Oilseeds,Andhra Pradesh,S.P.S. Nellore,2010,2017,8
Oilseeds,Andhra Pradesh,Srikakulam,2010,2017,8
Oilseeds,Andhra Pradesh,Visakhapatnam,2010,2017,8
Oilseeds,Andhra Pradesh,West Godavari,2010,2017,8
Oilseeds,Assam,Cachar,2010,2017,8
Oilseeds,Assam,Darrang,2010,2017,8
Oilseeds,Assam,Dibrugarh,2010,2017,8
Oilseeds,Assam,Goalpara,2010,2017,8
Oilseeds,Assam,Kamrup,2010,2017,8
Oilseeds,Assam,Karbi Anglong,2010,2017,8
Oilseeds,Assam,Lakhimpur,2010,2017,8
Oilseeds,Assam,Nagaon,2010,2017,8
Oilseeds,Assam,North Cachar Hil / Dima Hasao,2010,2017,8
Oilseeds,Assam,Sibsagar,2010,2017,8
Oilseeds,Bihar,Bhagalpur,2010,2017,8
Oilseeds,Bihar,Champaran,2010,2017,8
Oilseeds,Bihar,Darbhanga,2010,2017,8
Oilseeds,Bihar,Gaya,2010,2017,8
Oilseeds,Bihar,Mungair,2010,2017,8
Oilseeds,Bihar,Muzaffarpur,2010,2017,8
Oilseeds,Bihar,Patna,2010,2017,8
Oilseeds,Bihar,Purnea,2010,2017,8
Oilseeds,Bihar,Saharsa,2010,2017,8
Oilseeds,Bihar,Saran,2010,2017,8
Oilseeds,Bihar,Shahabad (Now Part Of Bhojpur District),2010,2017,8
Oilseeds,Chhattisgarh,Bastar,2010,2017,8
Oilseeds,Chhattisgarh,Bilaspur,2010,2017,8
Oilseeds,Chhattisgarh,Durg,2010,2017,8
Oilseeds,Chhattisgarh,Raigarh,2010,2017,8
Oilseeds,Chhattisgarh,Raipur,2010,2017,8
Oilseeds,Chhattisgarh,Surguja,2010,2017,8
Oilseeds,Gujarat,Ahmedabad,2010,2017,8
Oilseeds,Gujarat,Amreli,2010,2017,8
Oilseeds,Gujarat,Banaskantha,2010,2017,8
Oilseeds,Gujarat,Bharuch,2010,2017,8
Oilseeds,Gujarat,Bhavnagar,2010,2017,8
Oilseeds,Gujarat,Dangs,2010,2017,8
Oilseeds,Gujarat,Jamnagar,2010,2017,8
Oilseeds,Gujarat,Junagadh,2010,2017,8
Oilseeds,Gujarat,Kheda,2010,2017,8
Oilseeds,Gujarat,Kutch,2010,2017,8
Oilseeds,Gujarat,Mehsana,2010,2017,8
Oilseeds,Gujarat,Panchmahal,2010,2017,8
Oilseeds,Gujarat,Rajkot,2010,2017,8
Oilseeds,Gujarat,Sabarkantha,2010,2017,8
Oilseeds,Gujarat,Surat,2010,2017,8
Oilseeds,Gujarat,Surendranagar,2010,2017,8
Oilseeds,Gujarat,Vadodara / Baroda,2010,2017,8
Oilseeds,Gujarat,Valsad,2010,2017,8
Oilseeds,Haryana,Ambala,2010,2017,8
Oilseeds,Haryana,Gurgaon,2010,2017,8
Oilseeds,Haryana,Hissar,2010,2017,8
Oilseeds,Haryana,Jind,2010,2017,8
Oilseeds,Haryana,Karnal,2010,2017,8
Oilseeds,Haryana,Mahendragarh / Narnaul,2010,2017,8
Oilseeds,Haryana,Rohtak,2010,2017,8
Oilseeds,Himachal Pradesh,Bilashpur,2010,2017,8
Oilseeds,Himachal Pradesh,Chamba,2010,2017,8
Oilseeds,Himachal Pradesh,Kangra,2010,2017,8
Oilseeds,Himachal Pradesh,Kinnaur,2010,2017,8
Oilseeds,Himachal Pradesh,Kullu,2010,2017,8
Oilseeds,Himachal Pradesh,Lahul & Spiti,2010,2017,8
Oilseeds,Himachal Pradesh,Mandi,2010,2017,8
Oilseeds,Himachal Pradesh,Shimla,2010,2017,8
Oilseeds,Himachal Pradesh,Sirmaur,2010,2017,8
Oilseeds,Himachal Pradesh,Solan,2010,2017,8
Oilseeds,Jharkhand,Dhanbad,2010,2017,8
Oilseeds,Jharkhand,Hazaribagh,2010,2017,8
Oilseeds,Jharkhand,Palamau,2010,2017,8
Oilseeds,Jharkhand,Ranchi,2010,2017,8
Oilseeds,Jharkhand,Santhal Paragana / Dumka,2010,2017,8
Oilseeds,Jharkhand,Singhbhum,2010,2017,8
Oilseeds,Karnataka,Bangalore,2010,2017,8
Oilseeds,Karnataka,Belgaum,2010,2017,8
Oilseeds,Karnataka,Bellary,2010,2017,8
Oilseeds,Karnataka,Bidar,2010,2017,8
Oilseeds,Karnataka,Bijapur / Vijayapura,2010,2017,8
Oilseeds,Karnataka,Chickmagalur,2010,2017,8
Oilseeds,Karnataka,Chitradurga,2010,2017,8
Oilseeds,Karnataka,Dakshina Kannada,2010,2017,8
Oilseeds,Karnataka,Dharwad,2010,2017,8
Oilseeds,Karnataka,Gulbarga / Kalaburagi,2010,2017,8
Oilseeds,Karnataka,Hassan,2010,2017,8
Oilseeds,Karnataka,Kodagu / Coorg,2010,2017,8
Oilseeds,Karnataka,Kolar,2010,2017,8
Oilseeds,Karnataka,Mandya,2010,2017,8
Oilseeds,Karnataka,Mysore,2010,2017,8
Oilseeds,Karnataka,Raichur,2010,2017,8
Oilseeds,Karnataka,Shimoge,2010,2017,8
Oilseeds,Karnataka,Tumkur,2010,2017,8
Oilseeds,Karnataka,Uttara Kannada,2010,2017,8
Oilseeds,Kerala,Alappuzha,2010,2017,8
Oilseeds,Kerala,Eranakulam,2010,2017,8
Oilseeds,Kerala,Kannur,2010,2017,8
Oilseeds,Kerala,Kollam,2010,2017,8
Oilseeds,Kerala,Kottayam,2010,2017,8
Oilseeds,Kerala,Kozhikode,2010,2017,8
Oilseeds,Kerala,Malappuram,2010,2017,8
Oilseeds,Kerala,Palakkad,2010,2017,8
Oilseeds,Kerala,Thiruvananthapuram,2010,2017,8
Oilseeds,Kerala,Thrissur,2010,2017,8
Oilseeds,Madhya Pradesh,Balaghat,2010,2017,8
Oilseeds,Madhya Pradesh,Betul,2010,2017,8
Oilseeds,Madhya Pradesh,Bhind,2010,2017,8
Oilseeds,Madhya Pradesh,Chhatarpur,2010,2017,8
Oilseeds,Madhya Pradesh,Chhindwara,2010,2017,8
Oilseeds,Madhya Pradesh,Damoh,2010,2017,8
Oilseeds,Madhya Pradesh,Datia,2010,2017,8
Oilseeds,Madhya Pradesh,Dewas,2010,2017,8
Oilseeds,Madhya Pradesh,Dhar,2010,2017,8
Oilseeds,Madhya Pradesh,Guna,2010,2017,8
Oilseeds,Madhya Pradesh,Gwalior,2010,2017,8
Oilseeds,Madhya Pradesh,Hoshangabad,2010,2017,8
Oilseeds,Madhya Pradesh,Indore,2010,2017,8
Oilseeds,Madhya Pradesh,Jabalpur,2010,2017,8
Oilseeds,Madhya Pradesh,Jhabua,2010,2017,8
Oilseeds,Madhya Pradesh,Khandwa / East Nimar,2010,2017,8
Oilseeds,Madhya Pradesh,Khargone / West Nimar,2010,2017,8
Oilseeds,Madhya Pradesh,Mandla,2010,2017,8
Oilseeds,Madhya Pradesh,Mandsaur,2010,2017,8
Oilseeds,Madhya Pradesh,Morena,2010,2017,8
Oilseeds,Madhya Pradesh,Narsinghpur,2010,2017,8
Oilseeds,Madhya Pradesh,Panna,2010,2017,8
Oilseeds,Madhya Pradesh,Raisen,2010,2017,8
Oilseeds,Madhya Pradesh,Rajgarh,2010,2017,8
Oilseeds,Madhya Pradesh,Ratlam,2010,2017,8
Oilseeds,Madhya Pradesh,Rewa,2010,2016,7
Oilseeds,Madhya Pradesh,Sagar,2010,2017,8
Oilseeds,Madhya Pradesh,Satna,2010,2017,8
Oilseeds,Madhya Pradesh,Sehore,2010,2017,8
Oilseeds,Madhya Pradesh,Seoni / Shivani,2010,2017,8
Oilseeds,Madhya Pradesh,Shahdol,2010,2017,8
Oilseeds,Madhya Pradesh,Shajapur,2010,2017,8
Oilseeds,Madhya Pradesh,Shivpuri,2010,2017,8
Oilseeds,Madhya Pradesh,Sidhi,2010,2017,8
Oilseeds,Madhya Pradesh,Tikamgarh,2010,2017,8
Oilseeds,Madhya Pradesh,Ujjain,2010,2017,8
Oilseeds,Madhya Pradesh,Vidisha,2010,2017,8
Oilseeds,Maharashtra,Ahmednagar,2010,2017,8
Oilseeds,Maharashtra,Akola,2010,2017,8
Oilseeds,Maharashtra,Amarawati,2010,2017,8
Oilseeds,Maharashtra,Aurangabad,2010,2017,8
Oilseeds,Maharashtra,Beed,2010,2017,8
Oilseeds,Maharashtra,Bhandara,2010,2017,8
Oilseeds,Maharashtra,Bombay,2010,2016,4
Oilseeds,Maharashtra,Buldhana,2010,2017,8
Oilseeds,Maharashtra,Chandrapur,2010,2017,8
Oilseeds,Maharashtra,Dhule,2010,2017,8
Oilseeds,Maharashtra,Jalgaon,2010,2017,8
Oilseeds,Maharashtra,Kolhapur,2010,2017,8
Oilseeds,Maharashtra,Nagpur,2010,2017,8
Oilseeds,Maharashtra,Nanded,2010,2017,8
Oilseeds,Maharashtra,Nasik,2010,2017,8
Oilseeds,Maharashtra,Osmanabad,2010,2017,8
Oilseeds,Maharashtra,Parbhani,2010,2017,8
Oilseeds,Maharashtra,Pune,2010,2017,8
Oilseeds,Maharashtra,Raigad,2010,2017,8
Oilseeds,Maharashtra,Ratnagiri,2010,2017,8
Oilseeds,Maharashtra,Sangli,2010,2017,8
Oilseeds,Maharashtra,Satara,2010,2017,8
Oilseeds,Maharashtra,Solapur,2010,2017,8
Oilseeds,Maharashtra,Thane,2010,2017,8
Oilseeds,Maharashtra,Wardha,2010,2017,8
Oilseeds,Maharashtra,Yeotmal,2010,2017,8
Oilseeds,Orissa,Balasore,2010,2017,8
Oilseeds,Orissa,Bolangir,2010,2017,8
Oilseeds,Orissa,Cuttack,2010,2017,8
Oilseeds,Orissa,Dhenkanal,2010,2017,8
Oilseeds,Orissa,Ganjam,2010,2017,8
Oilseeds,Orissa,Kalahandi,2010,2017,8
Oilseeds,Orissa,Keonjhar,2010,2017,8
Oilseeds,Orissa,Koraput,2010,2017,8
Oilseeds,Orissa,Mayurbhanja,2010,2017,8
Oilseeds,Orissa,Phulbani ( Kandhamal ),2010,2017,8
Oilseeds,Orissa,Puri,2010,2017,8
Oilseeds,Orissa,Sambalpur,2010,2017,8
Oilseeds,Orissa,Sundargarh,2010,2017,8
Oilseeds,Punjab,Amritsar,2010,2017,8
Oilseeds,Punjab,Bhatinda,2010,2017,8
Oilseeds,Punjab,Ferozpur,2010,2017,8
Oilseeds,Punjab,Gurdaspur,2010,2017,8
Oilseeds,Punjab,Hoshiarpur,2010,2017,8
Oilseeds,Punjab,Jalandhar,2010,2017,8
Oilseeds,Punjab,Kapurthala,2010,2017,8
Oilseeds,Punjab,Ludhiana,2010,2017,8
Oilseeds,Punjab,Patiala,2010,2017,8
Oilseeds,Punjab,Roopnagar / Ropar,2010,2017,8
Oilseeds,Punjab,Sangrur,2010,2016,7
Oilseeds,Rajasthan,Ajmer,2010,2017,8
Oilseeds,Rajasthan,Alwar,2010,2017,8
Oilseeds,Rajasthan,Banswara,2010,2017,8
Oilseeds,Rajasthan,Barmer,2010,2017,8
Oilseeds,Rajasthan,Bharatpur,2010,2017,8
Oilseeds,Rajasthan,Bhilwara,2010,2017,8
Oilseeds,Rajasthan,Bikaner,2010,2017,8
Oilseeds,Rajasthan,Bundi,2010,2017,8
Oilseeds,Rajasthan,Chittorgarh,2010,2017,8
Oilseeds,Rajasthan,Churu,2010,2017,8
Oilseeds,Rajasthan,Dungarpur,2010,2017,8
Oilseeds,Rajasthan,Ganganagar,2010,2017,8
Oilseeds,Rajasthan,Jaipur,2010,2017,8
Oilseeds,Rajasthan,Jaisalmer,2010,2017,8
Oilseeds,Rajasthan,Jalore,2010,2017,8
Oilseeds,Rajasthan,Jhalawar,2010,2017,8
Oilseeds,Rajasthan,Jhunjhunu,2010,2017,8
Oilseeds,Rajasthan,Jodhpur,2010,2017,8
Oilseeds,Rajasthan,Kota,2010,2017,8
Oilseeds,Rajasthan,Nagaur,2010,2017,8
Oilseeds,Rajasthan,Pali,2010,2017,8
Oilseeds,Rajasthan,Sikar,2010,2017,8
Oilseeds,Rajasthan,Sirohi,2010,2017,8
Oilseeds,Rajasthan,Swami Madhopur,2010,2017,8
Oilseeds,Rajasthan,Tonk,2010,2017,8
Oilseeds,Rajasthan,Udaipur,2010,2017,8
Oilseeds,Tamil Nadu,Chengalpattu Mgr / Kanchipuram,2010,2017,8
Oilseeds,Tamil Nadu,Coimbatore,2010,2017,8
Oilseeds,Tamil Nadu,Kanyakumari,2010,2017,5
Oilseeds,Tamil Nadu,Madurai,2010,2017,7
Oilseeds,Tamil Nadu,North Arcot / Vellore,2010,2017,7
Oilseeds,Tamil Nadu,Ramananthapuram,2010,2017,8
Oilseeds,Tamil Nadu,Salem,2010,2016,5
Oilseeds,Tamil Nadu,South Arcot / Cuddalore,2010,2017,8
Oilseeds,Tamil Nadu,Thanjavur,2010,2017,8
Oilseeds,Tamil Nadu,The Nilgiris,2010,2017,7
Oilseeds,Tamil Nadu,Thirunelveli,2010,2017,6
Oilseeds,Tamil Nadu,Tiruchirapalli / Trichy,2010,2017,6
Oilseeds,Telangana,Adilabad,2010,2017,8
Oilseeds,Telangana,Hyderabad,2010,2017,8
Oilseeds,Telangana,Karimnagar,2010,2017,8
Oilseeds,Telangana,Khammam,2010,2017,8
Oilseeds,Telangana,Mahabubnagar,2010,2017,8
Oilseeds,Telangana,Medak,2010,2017,8
Oilseeds,Telangana,Nalgonda,2010,2017,8
Oilseeds,Telangana,Nizamabad,2010,2017,8
Oilseeds,Telangana,Warangal,2010,2017,8
Oilseeds,Uttar Pradesh,Agra,2010,2017,8
Oilseeds,Uttar Pradesh,Aligarh,2010,2017,8
Oilseeds,Uttar Pradesh,Allahabad,2010,2017,8
Oilseeds,Uttar Pradesh,Azamgarh,2010,2017,8
Oilseeds,Uttar Pradesh,Bahraich,2010,2017,8
Oilseeds,Uttar Pradesh,Ballia,2010,2017,8
Oilseeds,Uttar Pradesh,Banda,2010,2017,8
Oilseeds,Uttar Pradesh,Barabanki,2010,2017,8
Oilseeds,Uttar Pradesh,Bareilly,2010,2017,8
Oilseeds,Uttar Pradesh,Basti,2010,2017,8
Oilseeds,Uttar Pradesh,Bijnor,2010,2017,8
Oilseeds,Uttar Pradesh,Budaun,2010,2017,8
Oilseeds,Uttar Pradesh,Buland Shahar,2010,2017,8
Oilseeds,Uttar Pradesh,Deoria,2010,2017,8
Oilseeds,Uttar Pradesh,Etah,2010,2017,8
Oilseeds,Uttar Pradesh,Etawah,2010,2017,8
Oilseeds,Uttar Pradesh,Faizabad,2010,2017,8
Oilseeds,Uttar Pradesh,Farrukhabad,2010,2017,8
Oilseeds,Uttar Pradesh,Fatehpur,2010,2017,8
Oilseeds,Uttar Pradesh,Ghazipur,2010,2017,8
Oilseeds,Uttar Pradesh,Gonda,2010,2017,8
Oilseeds,Uttar Pradesh,Gorakhpur,2010,2017,8
Oilseeds,Uttar Pradesh,Hamirpur,2010,2017,8
Oilseeds,Uttar Pradesh,Hardoi,2010,2017,8
Oilseeds,Uttar Pradesh,Jalaun,2010,2017,8
Oilseeds,Uttar Pradesh,Jaunpur,2010,2017,8
Oilseeds,Uttar Pradesh,Jhansi,2010,2017,8
Oilseeds,Uttar Pradesh,Kanpur,2010,2017,8
Oilseeds,Uttar Pradesh,Kheri,2010,2017,8
Oilseeds,Uttar Pradesh,Lucknow,2010,2017,8
Oilseeds,Uttar Pradesh,Mainpuri,2010,2017,8
Oilseeds,Uttar Pradesh,Mathura,2010,2017,8
Oilseeds,Uttar Pradesh,Meerut,2010,2017,8
Oilseeds,Uttar Pradesh,Mirzpur,2010,2017,8
Oilseeds,Uttar Pradesh,Moradabad,2010,2017,8
Oilseeds,Uttar Pradesh,Muzaffarnagar,2010,2017,8
Oilseeds,Uttar Pradesh,Pilibhit,2010,2017,8
Oilseeds,Uttar Pradesh,Pratapgarh,2010,2017,8
Oilseeds,Uttar Pradesh,Rae-Bareily,2010,2017,8
Oilseeds,Uttar Pradesh,Rampur,2010,2017,8
Oilseeds,Uttar Pradesh,Saharanpur,2010,2017,8
Oilseeds,Uttar Pradesh,Shahjahanpur,2010,2017,8
Oilseeds,Uttar Pradesh,Sitapur,2010,2017,8
Oilseeds,Uttar Pradesh,Sultanpur,2010,2017,8
Oilseeds,Uttar Pradesh,Unnao,2010,2017,8
Oilseeds,Uttar Pradesh,Varanasi,2010,2017,8
Oilseeds,Uttarakhand,Almorah,2010,2017,8
Oilseeds,Uttarakhand,Chamoli,2010,2017,8
Oilseeds,Uttarakhand,Dehradun,2010,2017,8
Oilseeds,Uttarakhand,Garhwal,2010,2017,8
Oilseeds,Uttarakhand,Nainital,2010,2017,8
Oilseeds,Uttarakhand,Pithorgarh,2010,2017,8
Oilseeds,Uttarakhand,Tehri Garhwal,2010,2017,8
Oilseeds,Uttarakhand,Uttar Kashi,2010,2017,8
Oilseeds,West Bengal,24 Parganas,2010,2017,8
Oilseeds,West Bengal,Bankura,2010,2017,8
Oilseeds,West Bengal,Birbhum,2010,2017,8
Oilseeds,West Bengal,Burdwan,2010,2017,8
Oilseeds,West Bengal,Cooch Behar,2010,2017,8
Oilseeds,West Bengal,Darjeeling,2010,2017,8
Oilseeds,West Bengal,Hooghly,2010,2017,8
Oilseeds,West Bengal,Howrah,2010,2017,8
Oilseeds,West Bengal,Jalpaiguri,2010,2017,8
Oilseeds,West Bengal,Malda,2010,2017,8
Oilseeds,West Bengal,Midnapur,2010,2017,8
Oilseeds,West Bengal,Murshidabad,2010,2017,8
Oilseeds,West Bengal,Nadia,2010,2017,8
Oilseeds,West Bengal,Purulia,2010,2017,8
Oilseeds,West Bengal,West Dinajpur,2010,2017,8
Onion,Andhra Pradesh,Ananthapur,2010,2017,8
Onion,Andhra Pradesh,Chittoor,2010,2017,8
Onion,Andhra Pradesh,East Godavari,2010,2017,8
Onion,Andhra Pradesh,Guntur,2010,2017,8
Onion,Andhra Pradesh,Kadapa Ysr,2010,2017,8
Onion,Andhra Pradesh,Krishna,2010,2017,8
Onion,Andhra Pradesh,Kurnool,2010,2017,8
Onion,Andhra Pradesh,S.P.S. Nellore,2010,2017,8
Onion,Andhra Pradesh,Srikakulam,2010,2017,8
Onion,Andhra Pradesh,Visakhapatnam,2010,2017,8
Onion,Andhra Pradesh,West Godavari,2010,2017,8
Onion,Assam,Cachar,2010,2017,8
Onion,Assam,Darrang,2010,2017,8
Onion,Assam,Dibrugarh,2010,2017,8
Onion,Assam,Goalpara,2010,2017,8
Onion,Assam,Kamrup,2010,2017,8
Onion,Assam,Karbi Anglong,2010,2017,8
Onion,Assam,Lakhimpur,2010,2017,8
Onion,Assam,Nagaon,2010,2017,8
Onion,Assam,North Cachar Hil / Dima Hasao,2010,2017,8
Onion,Assam,Sibsagar,2010,2017,8
Onion,Bihar,Bhagalpur,2010,2017,8
Onion,Bihar,Champaran,2010,2017,8
Onion,Bihar,Darbhanga,2010,2017,8
Onion,Bihar,Gaya,2010,2017,8
Onion,Bihar,Mungair,2010,2017,8
Onion,Bihar,Muzaffarpur,2010,2017,8
Onion,Bihar,Patna,2010,2017,8
Onion,Bihar,Purnea,2010,2017,8
Onion,Bihar,Saharsa,2010,2017,8
Onion,Bihar,Saran,2010,2017,8
Onion,Bihar,Shahabad (Now Part Of Bhojpur District),2010,2017,8
Onion,Chhattisgarh,Bastar,2010,2017,8
Onion,Chhattisgarh,Bilaspur,2010,2017,8
Onion,Chhattisgarh,Durg,2010,2017,8
Onion,Chhattisgarh,Raigarh,2010,2017,8
Onion,Chhattisgarh,Raipur,2010,2017,8
Onion,Chhattisgarh,Surguja,2010,2017,8
Onion,Gujarat,Ahmedabad,2010,2017,8
Onion,Gujarat,Amreli,2010,2017,8
Onion,Gujarat,Banaskantha,2010,2017,8
Onion,Gujarat,Bharuch,2010,2017,8
Onion,Gujarat,Bhavnagar,2010,2017,8
Onion,Gujarat,Dangs,2010,2017,8
Onion,Gujarat,Jamnagar,2010,2017,8
Onion,Gujarat,Junagadh,2010,2017,8
Onion,Gujarat,Kheda,2010,2017,8
Onion,Gujarat,Kutch,2010,2017,8
Onion,Gujarat,Mehsana,2010,2017,8
Onion,Gujarat,Panchmahal,2010,2017,8
Onion,Gujarat,Rajkot,2010,2017,8
Onion,Gujarat,Sabarkantha,2010,2017,8
Onion,Gujarat,Surat,2010,2017,8
Onion,Gujarat,Surendranagar,2010,2017,8
Onion,Gujarat,Vadodara / Baroda,2010,2017,8
Onion,Gujarat,Valsad,2010,2017,8
Onion,Haryana,Ambala,2010,2017,8
Onion,Haryana,Gurgaon,2010,2017,8
Onion,Haryana,Hissar,2010,2017,8
Onion,Haryana,Jind,2010,2017,8
Onion,Haryana,Karnal,2010,2017,8
Onion,Haryana,Mahendragarh / Narnaul,2010,2017,8
Onion,Haryana,Rohtak,2010,2017,8
Onion,Himachal Pradesh,Bilashpur,2010,2017,8
Onion,Himachal Pradesh,Chamba,2010,2017,8
Onion,Himachal Pradesh,Kangra,2010,2017,8
Onion,Himachal Pradesh,Kinnaur,2010,2017,8
Onion,Himachal Pradesh,Kullu,2010,2017,8
Onion,Himachal Pradesh,Lahul & Spiti,2010,2017,8
Onion,Himachal Pradesh,Mandi,2010,2017,8
Onion,Himachal Pradesh,Shimla,2010,2017,8
Onion,Himachal Pradesh,Sirmaur,2010,2017,8
Onion,Himachal Pradesh,Solan,2010,2017,8
Onion,Jharkhand,Dhanbad,2010,2017,8
Onion,Jharkhand,Hazaribagh,2010,2017,8
Onion,Jharkhand,Palamau,2010,2017,8
Onion,Jharkhand,Ranchi,2010,2017,8
Onion,Jharkhand,Santhal Paragana / Dumka,2010,2017,8
Onion,Jharkhand,Singhbhum,2010,2017,8
Onion,Karnataka,Bangalore,2010,2017,8
Onion,Karnataka,Belgaum,2010,2017,8
Onion,Karnataka,Bellary,2010,2017,8
Onion,Karnataka,Bidar,2010,2017,8
Onion,Karnataka,Bijapur / Vijayapura,2010,2017,8
Onion,Karnataka,Chickmagalur,2010,2017,8
Onion,Karnataka,Chitradurga,2010,2017,8
Onion,Karnataka,Dakshina Kannada,2010,2017,8
Onion,Karnataka,Dharwad,2010,2017,8
Onion,Karnataka,Gulbarga / Kalaburagi,2010,2017,8
Onion,Karnataka,Hassan,2010,2017,8
Onion,Karnataka,Kodagu / Coorg,2010,2017,8
Onion,Karnataka,Kolar,2010,2017,8
Onion,Karnataka,Mandya,2010,2017,8
Onion,Karnataka,Mysore,2010,2017,8
Onion,Karnataka,Raichur,2010,2017,8
Onion,Karnataka,Shimoge,2010,2017,8
Onion,Karnataka,Tumkur,2010,2017,8
Onion,Karnataka,Uttara Kannada,2010,2017,8
Onion,Kerala,Alappuzha,2010,2017,8
Onion,Kerala,Eranakulam,2010,2017,8
Onion,Kerala,Kannur,2010,2017,8
Onion,Kerala,Kollam,2010,2017,8
Onion,Kerala,Kottayam,2010,2017,8
Onion,Kerala,Kozhikode,2010,2017,8
Onion,Kerala,Malappuram,2010,2017,8
Onion,Kerala,Palakkad,2010,2017,8
Onion,Kerala,Thiruvananthapuram,2010,2017,8
Onion,Kerala,Thrissur,2010,2017,8
Onion,Madhya Pradesh,Balaghat,2010,2017,8
Onion,Madhya Pradesh,Betul,2010,2017,8
Onion,Madhya Pradesh,Bhind,2010,2017,8
Onion,Madhya Pradesh,Chhatarpur,2010,2017,8
Onion,Madhya Pradesh,Chhindwara,2010,2017,8
Onion,Madhya Pradesh,Damoh,2010,2017,8
Onion,Madhya Pradesh,Datia,2010,2017,8
Onion,Madhya Pradesh,Dewas,2010,2017,8
Onion,Madhya Pradesh,Dhar,2010,2017,8
Onion,Madhya Pradesh,Guna,2010,2017,8
Onion,Madhya Pradesh,Gwalior,2010,2017,8
Onion,Madhya Pradesh,Hoshangabad,2010,2017,8
Onion,Madhya Pradesh,Indore,2010,2017,8
Onion,Madhya Pradesh,Jabalpur,2010,2017,8
Onion,Madhya Pradesh,Jhabua,2010,2017,8
Onion,Madhya Pradesh,Khandwa / East Nimar,2010,2017,8
Onion,Madhya Pradesh,Khargone / West Nimar,2010,2017,8
Onion,Madhya Pradesh,Mandla,2010,2017,8
Onion,Madhya Pradesh,Mandsaur,2010,2017,8
Onion,Madhya Pradesh,Morena,2010,2017,8
Onion,Madhya Pradesh,Narsinghpur,2010,2017,8
Onion,Madhya Pradesh,Panna,2010,2017,8
Onion,Madhya Pradesh,Raisen,2010,2017,8
Onion,Madhya Pradesh,Rajgarh,2010,2017,8
Onion,Madhya Pradesh,Ratlam,2010,2017,8
Onion,Madhya Pradesh,Rewa,2010,2016,7
Onion,Madhya Pradesh,Sagar,2010,2017,8
Onion,Madhya Pradesh,Satna,2010,2017,8
Onion,Madhya Pradesh,Sehore,2010,2017,8
Onion,Madhya Pradesh,Seoni / Shivani,2010,2017,8
Onion,Madhya Pradesh,Shahdol,2010,2017,8
Onion,Madhya Pradesh,Shajapur,2010,2017,8
Onion,Madhya Pradesh,Shivpuri,2010,2017,8
Onion,Madhya Pradesh,Sidhi,2010,2017,8
Onion,Madhya Pradesh,Tikamgarh,2010,2017,8
Onion,Madhya Pradesh,Ujjain,2010,2017,8
Onion,Madhya Pradesh,Vidisha,2010,2017,8
Onion,Maharashtra,Ahmednagar,2010,2017,8
Onion,Maharashtra,Akola,2010,2017,8
Onion,Maharashtra,Amarawati,2010,2017,8
Onion,Maharashtra,Aurangabad,2010,2017,8
Onion,Maharashtra,Beed,2010,2017,8
Onion,Maharashtra,Bhandara,2010,2017,8
Onion,Maharashtra,Bombay,2010,2016,4
Onion,Maharashtra,Buldhana,2010,2017,8
Onion,Maharashtra,Chandrapur,2010,2017,8
Onion,Maharashtra,Dhule,2010,2017,8
Onion,Maharashtra,Jalgaon,2010,2017,8
Onion,Maharashtra,Kolhapur,2010,2017,8
Onion,Maharashtra,Nagpur,2010,2017,8
Onion,Maharashtra,Nanded,2010,2017,8
Onion,Maharashtra,Nasik,2010,2017,8
Onion,Maharashtra,Osmanabad,2010,2017,8
Onion,Maharashtra,Parbhani,2010,2017,8
Onion,Maharashtra,Pune,2010,2017,8
Onion,Maharashtra,Raigad,2010,2017,8
Onion,Maharashtra,Ratnagiri,2010,2017,8
Onion,Maharashtra,Sangli,2010,2017,8
Onion,Maharashtra,Satara,2010,2017,8
Onion,Maharashtra,Solapur,2010,2017,8
Onion,Maharashtra,Thane,2010,2017,8
Onion,Maharashtra,Wardha,2010,2017,8
Onion,Maharashtra,Yeotmal,2010,2017,8
Onion,Orissa,Balasore,2010,2017,8
Onion,Orissa,Bolangir,2010,2017,8
Onion,Orissa,Cuttack,2010,2017,8
Onion,Orissa,Dhenkanal,2010,2017,8
Onion,Orissa,Ganjam,2010,2017,8
Onion,Orissa,Kalahandi,2010,2017,8
Onion,Orissa,Keonjhar,2010,2017,8
Onion,Orissa,Koraput,2010,2017,8
Onion,Orissa,Mayurbhanja,2010,2017,8
Onion,Orissa,Phulbani ( Kandhamal ),2010,2017,8
Onion,Orissa,Puri,2010,2017,8
Onion,Orissa,Sambalpur,2010,2017,8
Onion,Orissa,Sundargarh,2010,2017,8
Onion,Punjab,Amritsar,2010,2017,8
Onion,Punjab,Bhatinda,2010,2017,8
Onion,Punjab,Ferozpur,2010,2017,8
Onion,Punjab,Gurdaspur,2010,2017,8
Onion,Punjab,Hoshiarpur,2010,2017,8
Onion,Punjab,Jalandhar,2010,2017,8
Onion,Punjab,Kapurthala,2010,2017,8
Onion,Punjab,Ludhiana,2010,2017,8
Onion,Punjab,Patiala,2010,2017,8
Onion,Punjab,Roopnagar / Ropar,2010,2017,8
Onion,Punjab,Sangrur,2010,2016,7
Onion,Rajasthan,Ajmer,2010,2017,8
Onion,Rajasthan,Alwar,2010,2017,8
Onion,Rajasthan,Banswara,2010,2017,8
Onion,Rajasthan,Barmer,2010,2017,8
Onion,Rajasthan,Bharatpur,2010,2017,8
Onion,Rajasthan,Bhilwara,2010,2017,8
Onion,Rajasthan,Bikaner,2010,2017,8
Onion,Rajasthan,Bundi,2010,2017,8
Onion,Rajasthan,Chittorgarh,2010,2017,8
Onion,Rajasthan,Churu,2010,2017,8
Onion,Rajasthan,Dungarpur,2010,2017,8
Onion,Rajasthan,Ganganagar,2010,2017,8
Onion,Rajasthan,Jaipur,2010,2017,8
Onion,Rajasthan,Jaisalmer,2010,2017,8
Onion,Rajasthan,Jalore,2010,2017,8
Onion,Rajasthan,Jhalawar,2010,2017,8
Onion,Rajasthan,Jhunjhunu,2010,2017,8
Onion,Rajasthan,Jodhpur,2010,2017,8
Onion,Rajasthan,Kota,2010,2017,8
Onion,Rajasthan,Nagaur,2010,2017,8
Onion,Rajasthan,Pali,2010,2017,8
Onion,Rajasthan,Sikar,2010,2017,8
Onion,Rajasthan,Sirohi,2010,2017,8
Onion,Rajasthan,Swami Madhopur,2010,2017,8
Onion,Rajasthan,Tonk,2010,2017,8
Onion,Rajasthan,Udaipur,2010,2017,8
Onion,Tamil Nadu,Chengalpattu Mgr / Kanchipuram,2010,2017,8
Onion,Tamil Nadu,Coimbatore,2010,2017,8
Onion,Tamil Nadu,Kanyakumari,2010,2017,5
Onion,Tamil Nadu,Madurai,2010,2017,7
Onion,Tamil Nadu,North Arcot / Vellore,2010,2017,7
Onion,Tamil Nadu,Ramananthapuram,2010,2017,8
Onion,Tamil Nadu,Salem,2010,2016,5
Onion,Tamil Nadu,South Arcot / Cuddalore,2010,2017,8
Onion,Tamil Nadu,Thanjavur,2010,2017,8
Onion,Tamil Nadu,The Nilgiris,2010,2017,7
Onion,Tamil Nadu,Thirunelveli,2010,2017,6
Onion,Tamil Nadu,Tiruchirapalli / Trichy,2010,2017,6
Onion,Telangana,Adilabad,2010,2017,8
Onion,Telangana,Hyderabad,2010,2017,8
Onion,Telangana,Karimnagar,2010,2017,8
Onion,Telangana,Khammam,2010,2017,8
Onion,Telangana,Mahabubnagar,2010,2017,8
Onion,Telangana,Medak,2010,2017,8
Onion,Telangana,Nalgonda,2010,2017,8
Onion,Telangana,Nizamabad,2010,2017,8
Onion,Telangana,Warangal,2010,2017,8
Onion,Uttar Pradesh,Agra,2010,2017,8
Onion,Uttar Pradesh,Aligarh,2010,2017,8
Onion,Uttar Pradesh,Allahabad,2010,2017,8
Onion,Uttar Pradesh,Azamgarh,2010,2017,8
Onion,Uttar Pradesh,Bahraich,2010,2017,8
Onion,Uttar Pradesh,Ballia,2010,2017,8
Onion,Uttar Pradesh,Banda,2010,2017,8
Onion,Uttar Pradesh,Barabanki,2010,2017,8
Onion,Uttar Pradesh,Bareilly,2010,2017,8
Onion,Uttar Pradesh,Basti,2010,2017,8
Onion,Uttar Pradesh,Bijnor,2010,2017,8
Onion,Uttar Pradesh,Budaun,2010,2017,8
Onion,Uttar Pradesh,Buland Shahar,2010,2017,8
Onion,Uttar Pradesh,Deoria,2010,2017,8
Onion,Uttar Pradesh,Etah,2010,2017,8
Onion,Uttar Pradesh,Etawah,2010,2017,8
Onion,Uttar Pradesh,Faizabad,2010,2017,8
Onion,Uttar Pradesh,Farrukhabad,2010,2017,8
Onion,Uttar Pradesh,Fatehpur,2010,2017,8
Onion,Uttar Pradesh,Ghazipur,2010,2017,8
Onion,Uttar Pradesh,Gonda,2010,2017,8
Onion,Uttar Pradesh,Gorakhpur,2010,2017,8
Onion,Uttar Pradesh,Hamirpur,2010,2017,8
Onion,Uttar Pradesh,Hardoi,2010,2017,8
Onion,Uttar Pradesh,Jalaun,2010,2017,8
Onion,Uttar Pradesh,Jaunpur,2010,2017,8
Onion,Uttar Pradesh,Jhansi,2010,2017,8
Onion,Uttar Pradesh,Kanpur,2010,2017,8
Onion,Uttar Pradesh,Kheri,2010,2017,8
Onion,Uttar Pradesh,Lucknow,2010,2017,8
Onion,Uttar Pradesh,Mainpuri,2010,2017,8
Onion,Uttar Pradesh,Mathura,2010,2017,8
Onion,Uttar Pradesh,Meerut,2010,2017,8
Onion,Uttar Pradesh,Mirzpur,2010,2017,8
Onion,Uttar Pradesh,Moradabad,2010,2017,8
Onion,Uttar Pradesh,Muzaffarnagar,2010,2017,8
Onion,Uttar Pradesh,Pilibhit,2010,2017,8
Onion,Uttar Pradesh,Pratapgarh,2010,2017,8
Onion,Uttar Pradesh,Rae-Bareily,2010,2017,8
Onion,Uttar Pradesh,Rampur,2010,2017,8
Onion,Uttar Pradesh,Saharanpur,2010,2017,8
Onion,Uttar Pradesh,Shahjahanpur,2010,2017,8
Onion,Uttar Pradesh,Sitapur,2010,2017,8
Onion,Uttar Pradesh,Sultanpur,2010,2017,8
Onion,Uttar Pradesh,Unnao,2010,2017,8
Onion,Uttar Pradesh,Varanasi,2010,2017,8
Onion,Uttarakhand,Almorah,2010,2017,8
Onion,Uttarakhand,Chamoli,2010,2017,8
Onion,Uttarakhand,Dehradun,2010,2017,8
Onion,Uttarakhand,Garhwal,2010,2017,8
Onion,Uttarakhand,Nainital,2010,2017,8
Onion,Uttarakhand,Pithorgarh,2010,2017,8
Onion,Uttarakhand,Tehri Garhwal,2010,2017,8
Onion,Uttarakhand,Uttar Kashi,2010,2017,8
Onion,West Bengal,24 Parganas,2010,2017,8
Onion,West Bengal,Bankura,2010,2017,8
Onion,West Bengal,Birbhum,2010,2017,8
Onion,West Bengal,Burdwan,2010,2017,8
Onion,West Bengal,Cooch Behar,2010,2017,8
Onion,West Bengal,Darjeeling,2010,2017,8
Onion,West Bengal,Hooghly,2010,2017,8
Onion,West Bengal,Howrah,2010,2017,8
Onion,West Bengal,Jalpaiguri,2010,2017,8
Onion,West Bengal,Malda,2010,2017,8
Onion,West Bengal,Midnapur,2010,2017,8
Onion,West Bengal,Murshidabad,2010,2017,8
Onion,West Bengal,Nadia,2010,2017,8
Onion,West Bengal,Purulia,2010,2017,8
Onion,West Bengal,West Dinajpur,2010,2017,8
Pearl Millet,Andhra Pradesh,Ananthapur,2010,2017,8
Pearl Millet,Andhra Pradesh,Chittoor,2010,2017,8
Pearl Millet,Andhra Pradesh,East Godavari,2010,2017,8
Pearl Millet,Andhra Pradesh,Guntur,2010,2017,8
Pearl Millet,Andhra Pradesh,Kadapa Ysr,2010,2017,8
Pearl Millet,Andhra Pradesh,Krishna,2010,2017,8
Pearl Millet,Andhra Pradesh,Kurnool,2010,2017,8
Pearl Millet,Andhra Pradesh,S.P.S. Nellore,2010,2017,8
Pearl Millet,Andhra Pradesh,Srikakulam,2010,2017,8
Pearl Millet,Andhra Pradesh,Visakhapatnam,2010,2017,8
Pearl Millet,Andhra Pradesh,West Godavari,2010,2017,8
Pearl Millet,Assam,Cachar,2010,2017,8
Pearl Millet,Assam,Darrang,2010,2017,8
Pearl Millet,Assam,Dibrugarh,2010,2017,8
Pearl Millet,Assam,Goalpara,2010,2017,8
Pearl Millet,Assam,Kamrup,2010,2017,8
Pearl Millet,Assam,Karbi Anglong,2010,2017,8
Pearl Millet,Assam,Lakhimpur,2010,2017,8
Pearl Millet,Assam,Nagaon,2010,2017,8
Pearl Millet,Assam,North Cachar Hil / Dima Hasao,2010,2017,8
Pearl Millet,Assam,Sibsagar,2010,2017,8
Pearl Millet,Bihar,Bhagalpur,2010,2017,8
Pearl Millet,Bihar,Champaran,2010,2017,8
Pearl Millet,Bihar,Darbhanga,2010,2017,8
Pearl Millet,Bihar,Gaya,2010,2017,8
Pearl Millet,Bihar,Mungair,2010,2017,8
Pearl Millet,Bihar,Muzaffarpur,2010,2017,8
Pearl Millet,Bihar,Patna,2010,2017,8
Pearl Millet,Bihar,Purnea,2010,2017,8
Pearl Millet,Bihar,Saharsa,2010,2017,8
Pearl Millet,Bihar,Saran,2010,2017,8
Pearl Millet,Bihar,Shahabad (Now Part Of Bhojpur District),2010,2017,8
Pearl Millet,Chhattisgarh,Bastar,2010,2017,8
Pearl Millet,Chhattisgarh,Bilaspur,2010,2017,8
Pearl Millet,Chhattisgarh,Durg,2010,2017,8
Pearl Millet,Chhattisgarh,Raigarh,2010,2017,8
Pearl Millet,Chhattisgarh,Raipur,2010,2017,8
Pearl Millet,Chhattisgarh,Surguja,2010,2017,8
Pearl Millet,Gujarat,Ahmedabad,2010,2017,8
Pearl Millet,Gujarat,Amreli,2010,2017,8
Pearl Millet,Gujarat,Banaskantha,2010,2017,8
Pearl Millet,Gujarat,Bharuch,2010,2017,8
Pearl Millet,Gujarat,Bhavnagar,2010,2017,8
Pearl Millet,Gujarat,Dangs,2010,2017,8
Pearl Millet,Gujarat,Jamnagar,2010,2017,8
Pearl Millet,Gujarat,Junagadh,2010,2017,8
Pearl Millet,Gujarat,Kheda,2010,2017,8
Pearl Millet,Gujarat,Kutch,2010,2017,8
Pearl Millet,Gujarat,Mehsana,2010,2017,8
Pearl Millet,Gujarat,Panchmahal,2010,2017,8
Pearl Millet,Gujarat,Rajkot,2010,2017,8
Pearl Millet,Gujarat,Sabarkantha,2010,2017,8
Pearl Millet,Gujarat,Surat,2010,2017,8
Pearl Millet,Gujarat,Surendranagar,2010,2017,8
Pearl Millet,Gujarat,Vadodara / Baroda,2010,2017,8
Pearl Millet,Gujarat,Valsad,2010,2017,8
Pearl Millet,Haryana,Ambala,2010,2017,8
Pearl Millet,Haryana,Gurgaon,2010,2017,8
Pearl Millet,Haryana,Hissar,2010,2017,8
Pearl Millet,Haryana,Jind,2010,2017,8
Pearl Millet,Haryana,Karnal,2010,2017,8
Pearl Millet,Haryana,Mahendragarh / Narnaul,2010,2017,8
Pearl Millet,Haryana,Rohtak,2010,2017,8
Pearl Millet,Himachal Pradesh,Bilashpur,2010,2017,8
Pearl Millet,Himachal Pradesh,Chamba,2010,2017,8
Pearl Millet,Himachal Pradesh,Kangra,2010,2017,8
Pearl Millet,Himachal Pradesh,Kinnaur,2010,2017,8
Pearl Millet,Himachal Pradesh,Kullu,2010,2017,8
Pearl Millet,Himachal Pradesh,Lahul & Spiti,2010,2017,8
Pearl Millet,Himachal Pradesh,Mandi,2010,2017,8
Pearl Millet,Himachal Pradesh,Shimla,2010,2017,8
Pearl Millet,Himachal Pradesh,Sirmaur,2010,2017,8
Pearl Millet,Himachal Pradesh,Solan,2010,2017,8
Pearl Millet,Jharkhand,Dhanbad,2010,2017,8
Pearl Millet,Jharkhand,Hazaribagh,2010,2017,8
Pearl Millet,Jharkhand,Palamau,2010,2017,8
Pearl Millet,Jharkhand,Ranchi,2010,2017,8
Pearl Millet,Jharkhand,Santhal Paragana / Dumka,2010,2017,8
Pearl Millet,Jharkhand,Singhbhum,2010,2017,8
Pearl Millet,Karnataka,Bangalore,2010,2017,8
Pearl Millet,Karnataka,Belgaum,2010,2017,8
Pearl Millet,Karnataka,Bellary,2010,2017,8
Pearl Millet,Karnataka,Bidar,2010,2017,8
Pearl Millet,Karnataka,Bijapur / Vijayapura,2010,2017,8
Pearl Millet,Karnataka,Chickmagalur,2010,2017,8
Pearl Millet,Karnataka,Chitradurga,2010,2017,8
Pearl Millet,Karnataka,Dakshina Kannada,2010,2017,8
Pearl Millet,Karnataka,Dharwad,2010,2017,8
Pearl Millet,Karnataka,Gulbarga / Kalaburagi,2010,2017,8
Pearl Millet,Karnataka,Hassan,2010,2017,8
Pearl Millet,Karnataka,Kodagu / Coorg,2010,2017,8
Pearl Millet,Karnataka,Kolar,2010,2017,8
Pearl Millet,Karnataka,Mandya,2010,2017,8
Pearl Millet,Karnataka,Mysore,2010,2017,8
Pearl Millet,Karnataka,Raichur,2010,2017,8
Pearl Millet,Karnataka,Shimoge,2010,2017,8
Pearl Millet,Karnataka,Tumkur,2010,2017,8
Pearl Millet,Karnataka,Uttara Kannada,2010,2017,8
Pearl Millet,Kerala,Alappuzha,2010,2017,8
Pearl Millet,Kerala,Eranakulam,2010,2017,8
Pearl Millet,Kerala,Kannur,2010,2017,8
Pearl Millet,Kerala,Kollam,2010,2017,8
Pearl Millet,Kerala,Kottayam,2010,2017,8
Pearl Millet,Kerala,Kozhikode,2010,2017,8
Pearl Millet,Kerala,Malappuram,2010,2017,8
Pearl Millet,Kerala,Palakkad,2010,2017,8
Pearl Millet,Kerala,Thiruvananthapuram,2010,2017,8
Pearl Millet,Kerala,Thrissur,2010,2017,8
Pearl Millet,Madhya Pradesh,Balaghat,2010,2017,8
Pearl Millet,Madhya Pradesh,Betul,2010,2017,8
Pearl Millet,Madhya Pradesh,Bhind,2010,2017,8
Pearl Millet,Madhya Pradesh,Chhatarpur,2010,2017,8
Pearl Millet,Madhya Pradesh,Chhindwara,2010,2017,8
Pearl Millet,Madhya Pradesh,Damoh,2010,2017,8
Pearl Millet,Madhya Pradesh,Datia,2010,2017,8
Pearl Millet,Madhya Pradesh,Dewas,2010,2017,8
Pearl Millet,Madhya Pradesh,Dhar,2010,2017,8
Pearl Millet,Madhya Pradesh,Guna,2010,2017,8
Pearl Millet,Madhya Pradesh,Gwalior,2010,2017,8
Pearl Millet,Madhya Pradesh,Hoshangabad,2010,2017,8
Pearl Millet,Madhya Pradesh,Indore,2010,2017,8
Pearl Millet,Madhya Pradesh,Jabalpur,2010,2017,8
Pearl Millet,Madhya Pradesh,Jhabua,2010,2017,8
Pearl Millet,Madhya Pradesh,Khandwa / East Nimar,2010,2017,8
Pearl Millet,Madhya Pradesh,Khargone / West Nimar,2010,2017,8
Pearl Millet,Madhya Pradesh,Mandla,2010,2017,8
Pearl Millet,Madhya Pradesh,Mandsaur,2010,2017,8
Pearl Millet,Madhya Pradesh,Morena,2010,2017,8
Pearl Millet,Madhya Pradesh,Narsinghpur,2010,2017,8
Pearl Millet,Madhya Pradesh,Panna,2010,2017,8
Pearl Millet,Madhya Pradesh,Raisen,2010,2017,8
Pearl Millet,Madhya Pradesh,Rajgarh,2010,2017,8
Pearl Millet,Madhya Pradesh,Ratlam,2010,2017,8
Pearl Millet,Madhya Pradesh,Rewa,2010,2016,7
Pearl Millet,Madhya Pradesh,Sagar,2010,2017,8
Pearl Millet,Madhya Pradesh,Satna,2010,2017,8
Pearl Millet,Madhya Pradesh,Sehore,2010,2017,8
Pearl Millet,Madhya Pradesh,Seoni / Shivani,2010,2017,8
Pearl Millet,Madhya Pradesh,Shahdol,2010,2017,8
Pearl Millet,Madhya Pradesh,Shajapur,2010,2017,8
Pearl Millet,Madhya Pradesh,Shivpuri,2010,2017,8
Pearl Millet,Madhya Pradesh,Sidhi,2010,2017,8
Pearl Millet,Madhya Pradesh,Tikamgarh,2010,2017,8
Pearl Millet,Madhya Pradesh,Ujjain,2010,2017,8
Pearl Millet,Madhya Pradesh,Vidisha,2010,2017,8
Pearl Millet,Maharashtra,Ahmednagar,2010,2017,8
Pearl Millet,Maharashtra,Akola,2010,2017,8
Pearl Millet,Maharashtra,Amarawati,2010,2017,8
Pearl Millet,Maharashtra,Aurangabad,2010,2017,8
Pearl Millet,Maharashtra,Beed,2010,2017,8
Pearl Millet,Maharashtra,Bhandara,2010,2017,8
Pearl Millet,Maharashtra,Bombay,2010,2016,4
Pearl Millet,Maharashtra,Buldhana,2010,2017,8
Pearl Millet,Maharashtra,Chandrapur,2010,2017,8
Pearl Millet,Maharashtra,Dhule,2010,2017,8
Pearl Millet,Maharashtra,Jalgaon,2010,2017,8
Pearl Millet,Maharashtra,Kolhapur,2010,2017,8
Pearl Millet,Maharashtra,Nagpur,2010,2017,8
Pearl Millet,Maharashtra,Nanded,2010,2017,8
Pearl Millet,Maharashtra,Nasik,2010,2017,8
Pearl Millet,Maharashtra,Osmanabad,2010,2017,8
Pearl Millet,Maharashtra,Parbhani,2010,2017,8
Pearl Millet,Maharashtra,Pune,2010,2017,8
Pearl Millet,Maharashtra,Raigad,2010,2017,8
Pearl Millet,Maharashtra,Ratnagiri,2010,2017,8
Pearl Millet,Maharashtra,Sangli,2010,2017,8
Pearl Millet,Maharashtra,Satara,2010,2017,8
Pearl Millet,Maharashtra,Solapur,2010,2017,8
Pearl Millet,Maharashtra,Thane,2010,2017,8
Pearl Millet,Maharashtra,Wardha,2010,2017,8
Pearl Millet,Maharashtra,Yeotmal,2010,2017,8
Pearl Millet,Orissa,Balasore,2010,2017,8
Pearl Millet,Orissa,Bolangir,2010,2017,8
Pearl Millet,Orissa,Cuttack,2010,2017,8
Pearl Millet,Orissa,Dhenkanal,2010,2017,8
Pearl Millet,Orissa,Ganjam,2010,2017,8
Pearl Millet,Orissa,Kalahandi,2010,2017,8
Pearl Millet,Orissa,Keonjhar,2010,2017,8
Pearl Millet,Orissa,Koraput,2010,2017,8
Pearl Millet,Orissa,Mayurbhanja,2010,2017,8
Pearl Millet,Orissa,Phulbani ( Kandhamal ),2010,2017,8
Pearl Millet,Orissa,Puri,2010,2017,8
Pearl Millet,Orissa,Sambalpur,2010,2017,8
Pearl Millet,Orissa,Sundargarh,2010,2017,8
Pearl Millet,Punjab,Amritsar,2010,2017,8
Pearl Millet,Punjab,Bhatinda,2010,2017,8
Pearl Millet,Punjab,Ferozpur,2010,2017,8
Pearl Millet,Punjab,Gurdaspur,2010,2017,8
Pearl Millet,Punjab,Hoshiarpur,2010,2017,8
Pearl Millet,Punjab,Jalandhar,2010,2017,8
Pearl Millet,Punjab,Kapurthala,2010,2017,8
Pearl Millet,Punjab,Ludhiana,2010,2017,8
Pearl Millet,Punjab,Patiala,2010,2017,8
Pearl Millet,Punjab,Roopnagar / Ropar,2010,2017,8
Pearl Millet,Punjab,Sangrur,2010,2016,7
Pearl Millet,Rajasthan,Ajmer,2010,2017,8
Pearl Millet,Rajasthan,Alwar,2010,2017,8
Pearl Millet,Rajasthan,Banswara,2010,2017,8
Pearl Millet,Rajasthan,Barmer,2010,2017,8
Pearl Millet,Rajasthan,Bharatpur,2010,2017,8
Pearl Millet,Rajasthan,Bhilwara,2010,2017,8
Pearl Millet,Rajasthan,Bikaner,2010,2017,8
Pearl Millet,Rajasthan,Bundi,2010,2017,8
Pearl Millet,Rajasthan,Chittorgarh,2010,2017,8
Pearl Millet,Rajasthan,Churu,2010,2017,8
Pearl Millet,Rajasthan,Dungarpur,2010,2017,8
Pearl Millet,Rajasthan,Ganganagar,2010,2017,8
Pearl Millet,Rajasthan,Jaipur,2010,2017,8
Pearl Millet,Rajasthan,Jaisalmer,2010,2017,8
Pearl Millet,Rajasthan,Jalore,2010,2017,8
Pearl Millet,Rajasthan,Jhalawar,2010,2017,8
Pearl Millet,Rajasthan,Jhunjhunu,2010,2017,8
Pearl Millet,Rajasthan,Jodhpur,2010,2017,8
Pearl Millet,Rajasthan,Kota,2010,2017,8
Pearl Millet,Rajasthan,Nagaur,2010,2017,8
Pearl Millet,Rajasthan,Pali,2010,2017,8
Pearl Millet,Rajasthan,Sikar,2010,2017,8
Pearl Millet,Rajasthan,Sirohi,2010,2017,8
Pearl Millet,Rajasthan,Swami Madhopur,2010,2017,8
Pearl Millet,Rajasthan,Tonk,2010,2017,8
Pearl Millet,Rajasthan,Udaipur,2010,2017,8
Pearl Millet,Tamil Nadu,Chengalpattu Mgr / Kanchipuram,2010,2017,8
Pearl Millet,Tamil Nadu,Coimbatore,2010,2017,8
Pearl Millet,Tamil Nadu,Kanyakumari,2010,2017,5
Pearl Millet,Tamil Nadu,Madurai,2010,2017,7
Pearl Millet,Tamil Nadu,North Arcot / Vellore,2010,2017,7
Pearl Millet,Tamil Nadu,Ramananthapuram,2010,2017,8
Pearl Millet,Tamil Nadu,Salem,2010,2016,5
Pearl Millet,Tamil Nadu,South Arcot / Cuddalore,2010,2017,8
Pearl Millet,Tamil Nadu,Thanjavur,2010,2017,8
Pearl Millet,Tamil Nadu,The Nilgiris,2010,2017,7
Pearl Millet,Tamil Nadu,Thirunelveli,2010,2017,6
Pearl Millet,Tamil Nadu,Tiruchirapalli / Trichy,2010,2017,6
Pearl Millet,Telangana,Adilabad,2010,2017,8
Pearl Millet,Telangana,Hyderabad,2010,2017,8
Pearl Millet,Telangana,Karimnagar,2010,2017,8
Pearl Millet,Telangana,Khammam,2010,2017,8
Pearl Millet,Telangana,Mahabubnagar,2010,2017,8
Pearl Millet,Telangana,Medak,2010,2017,8
Pearl Millet,Telangana,Nalgonda,2010,2017,8
Pearl Millet,Telangana,Nizamabad,2010,2017,8
Pearl Millet,Telangana,Warangal,2010,2017,8
Pearl Millet,Uttar Pradesh,Agra,2010,2017,8
Pearl Millet,Uttar Pradesh,Aligarh,2010,2017,8
Pearl Millet,Uttar Pradesh,Allahabad,2010,2017,8
Pearl Millet,Uttar Pradesh,Azamgarh,2010,2017,8
Pearl Millet,Uttar Pradesh,Bahraich,2010,2017,8
Pearl Millet,Uttar Pradesh,Ballia,2010,2017,8
Pearl Millet,Uttar Pradesh,Banda,2010,2017,8
Pearl Millet,Uttar Pradesh,Barabanki,2010,2017,8
Pearl Millet,Uttar Pradesh,Bareilly,2010,2017,8
Pearl Millet,Uttar Pradesh,Basti,2010,2017,8
Pearl Millet,Uttar Pradesh,Bijnor,2010,2017,8
Pearl Millet,Uttar Pradesh,Budaun,2010,2017,8
Pearl Millet,Uttar Pradesh,Buland Shahar,2010,2017,8
Pearl Millet,Uttar Pradesh,Deoria,2010,2017,8
Pearl Millet,Uttar Pradesh,Etah,2010,2017,8
Pearl Millet,Uttar Pradesh,Etawah,2010,2017,8
Pearl Millet,Uttar Pradesh,Faizabad,2010,2017,8
Pearl Millet,Uttar Pradesh,Farrukhabad,2010,2017,8
Pearl Millet,Uttar Pradesh,Fatehpur,2010,2017,8
Pearl Millet,Uttar Pradesh,Ghazipur,2010,2017,8
Pearl Millet,Uttar Pradesh,Gonda,2010,2017,8
Pearl Millet,Uttar Pradesh,Gorakhpur,2010,2017,8
Pearl Millet,Uttar Pradesh,Hamirpur,2010,2017,8
Pearl Millet,Uttar Pradesh,Hardoi,2010,2017,8
Pearl Millet,Uttar Pradesh,Jalaun,2010,2017,8
Pearl Millet,Uttar Pradesh,Jaunpur,2010,2017,8
Pearl Millet,Uttar Pradesh,Jhansi,2010,2017,8
Pearl Millet,Uttar Pradesh,Kanpur,2010,2017,8
Pearl Millet,Uttar Pradesh,Kheri,2010,2017,8
Pearl Millet,Uttar Pradesh,Lucknow,2010,2017,8
Pearl Millet,Uttar Pradesh,Mainpuri,2010,2017,8
Pearl Millet,Uttar Pradesh,Mathura,2010,2017,8
Pearl Millet,Uttar Pradesh,Meerut,2010,2017,8
Pearl Millet,Uttar Pradesh,Mirzpur,2010,2017,8
Pearl Millet,Uttar Pradesh,Moradabad,2010,2017,8
Pearl Millet,Uttar Pradesh,Muzaffarnagar,2010,2017,8
Pearl Millet,Uttar Pradesh,Pilibhit,2010,2017,8
Pearl Millet,Uttar Pradesh,Pratapgarh,2010,2017,8
Pearl Millet,Uttar Pradesh,Rae-Bareily,2010,2017,8
Pearl Millet,Uttar Pradesh,Rampur,2010,2017,8
Pearl Millet,Uttar Pradesh,Saharanpur,2010,2017,8
Pearl Millet,Uttar Pradesh,Shahjahanpur,2010,2017,8
Pearl Millet,Uttar Pradesh,Sitapur,2010,2017,8
Pearl Millet,Uttar Pradesh,Sultanpur,2010,2017,8
Pearl Millet,Uttar Pradesh,Unnao,2010,2017,8
Pearl Millet,Uttar Pradesh,Varanasi,2010,2017,8
Pearl Millet,Uttarakhand,Almorah,2010,2017,8
Pearl Millet,Uttarakhand,Chamoli,2010,2017,8
Pearl Millet,Uttarakhand,Dehradun,2010,2017,8
Pearl Millet,Uttarakhand,Garhwal,2010,2017,8
Pearl Millet,Uttarakhand,Nainital,2010,2017,8
Pearl Millet,Uttarakhand,Pithorgarh,2010,2017,8
Pearl Millet,Uttarakhand,Tehri Garhwal,2010,2017,8
Pearl Millet,Uttarakhand,Uttar Kashi,2010,2017,8
Pearl Millet,West Bengal,24 Parganas,2010,2017,8
Pearl Millet,West Bengal,Bankura,2010,2017,8
Pearl Millet,West Bengal,Birbhum,2010,2017,8
Pearl Millet,West Bengal,Burdwan,2010,2017,8
Pearl Millet,West Bengal,Cooch Behar,2010,2017,8
Pearl Millet,West Bengal,Darjeeling,2010,2017,8
Pearl Millet,West Bengal,Hooghly,2010,2017,8
Pearl Millet,West Bengal,Howrah,2010,2017,8
Pearl Millet,West Bengal,Jalpaiguri,2010,2017,8
Pearl Millet,West Bengal,Malda,2010,2017,8
Pearl Millet,West Bengal,Midnapur,2010,2017,8
Pearl Millet,West Bengal,Murshidabad,2010,2017,8
Pearl Millet,West Bengal,Nadia,2010,2017,8
Pearl Millet,West Bengal,Purulia,2010,2017,8
Pearl Millet,West Bengal,West Dinajpur,2010,2017,8
Pigeonpea,Andhra Pradesh,Ananthapur,2010,2017,8
Pigeonpea,Andhra Pradesh,Chittoor,2010,2017,8
Pigeonpea,Andhra Pradesh,East Godavari,2010,2017,8
Pigeonpea,Andhra Pradesh,Guntur,2010,2017,8
Pigeonpea,Andhra Pradesh,Kadapa Ysr,2010,2017,8
Pigeonpea,Andhra Pradesh,Krishna,2010,2017,8
Pigeonpea,Andhra Pradesh,Kurnool,2010,2017,8
Pigeonpea,Andhra Pradesh,S.P.S. Nellore,2010,2017,8
Pigeonpea,Andhra Pradesh,Srikakulam,2010,2017,8
Pigeonpea,Andhra Pradesh,Visakhapatnam,2010,2017,8
Pigeonpea,Andhra Pradesh,West Godavari,2010,2017,8
Pigeonpea,Assam,Cachar,2010,2017,8
Pigeonpea,Assam,Darrang,2010,2017,8
Pigeonpea,Assam,Dibrugarh,2010,2017,8
Pigeonpea,Assam,Goalpara,2010,2017,8
Pigeonpea,Assam,Kamrup,2010,2017,8
Pigeonpea,Assam,Karbi Anglong,2010,2017,8
Pigeonpea,Assam,Lakhimpur,2010,2017,8
Pigeonpea,Assam,Nagaon,2010,2017,8
Pigeonpea,Assam,North Cachar Hil / Dima Hasao,2010,2017,8
Pigeonpea,Assam,Sibsagar,2010,2017,8
Pigeonpea,Bihar,Bhagalpur,2010,2017,8
Pigeonpea,Bihar,Champaran,2010,2017,8
Pigeonpea,Bihar,Darbhanga,2010,2017,8
Pigeonpea,Bihar,Gaya,2010,2017,8
Pigeonpea,Bihar,Mungair,2010,2017,8
Pigeonpea,Bihar,Muzaffarpur,2010,2017,8
Pigeonpea,Bihar,Patna,2010,2017,8
Pigeonpea,Bihar,Purnea,2010,2017,8
Pigeonpea,Bihar,Saharsa,2010,2017,8
Pigeonpea,Bihar,Saran,2010,2017,8
Pigeonpea,Bihar,Shahabad (Now Part Of Bhojpur District),2010,2017,8
Pigeonpea,Chhattisgarh,Bastar,2010,2017,8
Pigeonpea,Chhattisgarh,Bilaspur,2010,2017,8
Pigeonpea,Chhattisgarh,Durg,2010,2017,8
Pigeonpea,Chhattisgarh,Raigarh,2010,2017,8
Pigeonpea,Chhattisgarh,Raipur,2010,2017,8
Pigeonpea,Chhattisgarh,Surguja,2010,2017,8
Pigeonpea,Gujarat,Ahmedabad,2010,2017,8
Pigeonpea,Gujarat,Amreli,2010,2017,8
Pigeonpea,Gujarat,Banaskantha,2010,2017,8
Pigeonpea,Gujarat,Bharuch,2010,2017,8
Pigeonpea,Gujarat,Bhavnagar,2010,2017,8
Pigeonpea,Gujarat,Dangs,2010,2017,8
Pigeonpea,Gujarat,Jamnagar,2010,2017,8
Pigeonpea,Gujarat,Junagadh,2010,2017,8
Pigeonpea,Gujarat,Kheda,2010,2017,8
Pigeonpea,Gujarat,Kutch,2010,2017,8
Pigeonpea,Gujarat,Mehsana,2010,2017,8
Pigeonpea,Gujarat,Panchmahal,2010,2017,8
Pigeonpea,Gujarat,Rajkot,2010,2017,8
Pigeonpea,Gujarat,Sabarkantha,2010,2017,8
Pigeonpea,Gujarat,Surat,2010,2017,8
Pigeonpea,Gujarat,Surendranagar,2010,2017,8
Pigeonpea,Gujarat,Vadodara / Baroda,2010,2017,8
Pigeonpea,Gujarat,Valsad,2010,2017,8
Pigeonpea,Haryana,Ambala,2010,2017,8
Pigeonpea,Haryana,Gurgaon,2010,2017,8
Pigeonpea,Haryana,Hissar,2010,2017,8
Pigeonpea,Haryana,Jind,2010,2017,8
Pigeonpea,Haryana,Karnal,2010,2017,8
Pigeonpea,Haryana,Mahendragarh / Narnaul,2010,2017,8
Pigeonpea,Haryana,Rohtak,2010,2017,8
Pigeonpea,Himachal Pradesh,Bilashpur,2010,2017,8
Pigeonpea,Himachal Pradesh,Chamba,2010,2017,8
Pigeonpea,Himachal Pradesh,Kangra,2010,2017,8
Pigeonpea,Himachal Pradesh,Kinnaur,2010,2017,8
Pigeonpea,Himachal Pradesh,Kullu,2010,2017,8
Pigeonpea,Himachal Pradesh,Lahul & Spiti,2010,2017,8
Pigeonpea,Himachal Pradesh,Mandi,2010,2017,8
Pigeonpea,Himachal Pradesh,Shimla,2010,2017,8
Pigeonpea,Himachal Pradesh,Sirmaur,2010,2017,8
Pigeonpea,Himachal Pradesh,Solan,2010,2017,8
Pigeonpea,Jharkhand,Dhanbad,2010,2017,8
Pigeonpea,Jharkhand,Hazaribagh,2010,2017,8
Pigeonpea,Jharkhand,Palamau,2010,2017,8
Pigeonpea,Jharkhand,Ranchi,2010,2017,8
Pigeonpea,Jharkhand,Santhal Paragana / Dumka,2010,2017,8
Pigeonpea,Jharkhand,Singhbhum,2010,2017,8
Pigeonpea,Karnataka,Bangalore,2010,2017,8
Pigeonpea,Karnataka,Belgaum,2010,2017,8
Pigeonpea,Karnataka,Bellary,2010,2017,8
Pigeonpea,Karnataka,Bidar,2010,2017,8
Pigeonpea,Karnataka,Bijapur / Vijayapura,2010,2017,8
Pigeonpea,Karnataka,Chickmagalur,2010,2017,8
Pigeonpea,Karnataka,Chitradurga,2010,2017,8
Pigeonpea,Karnataka,Dakshina Kannada,2010,2017,8
Pigeonpea,Karnataka,Dharwad,2010,2017,8
Pigeonpea,Karnataka,Gulbarga / Kalaburagi,2010,2017,8
Pigeonpea,Karnataka,Hassan,2010,2017,8
Pigeonpea,Karnataka,Kodagu / Coorg,2010,2017,8
Pigeonpea,Karnataka,Kolar,2010,2017,8
Pigeonpea,Karnataka,Mandya,2010,2017,8
Pigeonpea,Karnataka,Mysore,2010,2017,8
Pigeonpea,Karnataka,Raichur,2010,2017,8
Pigeonpea,Karnataka,Shimoge,2010,2017,8
Pigeonpea,Karnataka,Tumkur,2010,2017,8
Pigeonpea,Karnataka,Uttara Kannada,2010,2017,8
Pigeonpea,Kerala,Alappuzha,2010,2017,8
Pigeonpea,Kerala,Eranakulam,2010,2017,8
Pigeonpea,Kerala,Kannur,2010,2017,8
Pigeonpea,Kerala,Kollam,2010,2017,8
Pigeonpea,Kerala,Kottayam,2010,2017,8
Pigeonpea,Kerala,Kozhikode,2010,2017,8
Pigeonpea,Kerala,Malappuram,2010,2017,8
Pigeonpea,Kerala,Palakkad,2010,2017,8
Pigeonpea,Kerala,Thiruvananthapuram,2010,2017,8
Pigeonpea,Kerala,Thrissur,2010,2017,8
Pigeonpea,Madhya Pradesh,Balaghat,2010,2017,8
Pigeonpea,Madhya Pradesh,Betul,2010,2017,8
Pigeonpea,Madhya Pradesh,Bhind,2010,2017,8
Pigeonpea,Madhya Pradesh,Chhatarpur,2010,2017,8
Pigeonpea,Madhya Pradesh,Chhindwara,2010,2017,8
Pigeonpea,Madhya Pradesh,Damoh,2010,2017,8
Pigeonpea,Madhya Pradesh,Datia,2010,2017,8
Pigeonpea,Madhya Pradesh,Dewas,2010,2017,8
Pigeonpea,Madhya Pradesh,Dhar,2010,2017,8
Pigeonpea,Madhya Pradesh,Guna,2010,2017,8
Pigeonpea,Madhya Pradesh,Gwalior,2010,2017,8
Pigeonpea,Madhya Pradesh,Hoshangabad,2010,2017,8
Pigeonpea,Madhya Pradesh,Indore,2010,2017,8
Pigeonpea,Madhya Pradesh,Jabalpur,2010,2017,8
Pigeonpea,Madhya Pradesh,Jhabua,2010,2017,8
Pigeonpea,Madhya Pradesh,Khandwa / East Nimar,2010,2017,8
Pigeonpea,Madhya Pradesh,Khargone / West Nimar,2010,2017,8
Pigeonpea,Madhya Pradesh,Mandla,2010,2017,8
Pigeonpea,Madhya Pradesh,Mandsaur,2010,2017,8
Pigeonpea,Madhya Pradesh,Morena,2010,2017,8
Pigeonpea,Madhya Pradesh,Narsinghpur,2010,2017,8
Pigeonpea,Madhya Pradesh,Panna,2010,2017,8
Pigeonpea,Madhya Pradesh,Raisen,2010,2017,8
Pigeonpea,Madhya Pradesh,Rajgarh,2010,2017,8
Pigeonpea,Madhya Pradesh,Ratlam,2010,2017,8
Pigeonpea,Madhya Pradesh,Rewa,2010,2016,7
Pigeonpea,Madhya Pradesh,Sagar,2010,2017,8
Pigeonpea,Madhya Pradesh,Satna,2010,2017,8
Pigeonpea,Madhya Pradesh,Sehore,2010,2017,8
Pigeonpea,Madhya Pradesh,Seoni / Shivani,2010,2017,8
Pigeonpea,Madhya Pradesh,Shahdol,2010,2017,8
Pigeonpea,Madhya Pradesh,Shajapur,2010,2017,8
Pigeonpea,Madhya Pradesh,Shivpuri,2010,2017,8
Pigeonpea,Madhya Pradesh,Sidhi,2010,2017,8
Pigeonpea,Madhya Pradesh,Tikamgarh,2010,2017,8
Pigeonpea,Madhya Pradesh,Ujjain,2010,2017,8
Pigeonpea,Madhya Pradesh,Vidisha,2010,2017,8
Pigeonpea,Maharashtra,Ahmednagar,2010,2017,8
Pigeonpea,Maharashtra,Akola,2010,2017,8
Pigeonpea,Maharashtra,Amarawati,2010,2017,8
Pigeonpea,Maharashtra,Aurangabad,2010,2017,8
Pigeonpea,Maharashtra,Beed,2010,2017,8
Pigeonpea,Maharashtra,Bhandara,2010,2017,8
Pigeonpea,Maharashtra,Bombay,2010,2016,4
Pigeonpea,Maharashtra,Buldhana,2010,2017,8
Pigeonpea,Maharashtra,Chandrapur,2010,2017,8
Pigeonpea,Maharashtra,Dhule,2010,2017,8
Pigeonpea,Maharashtra,Jalgaon,2010,2017,8
Pigeonpea,Maharashtra,Kolhapur,2010,2017,8
Pigeonpea,Maharashtra,Nagpur,2010,2017,8
Pigeonpea,Maharashtra,Nanded,2010,2017,8
Pigeonpea,Maharashtra,Nasik,2010,2017,8
Pigeonpea,Maharashtra,Osmanabad,2010,2017,8
Pigeonpea,Maharashtra,Parbhani,2010,2017,8
Pigeonpea,Maharashtra,Pune,2010,2017,8
Pigeonpea,Maharashtra,Raigad,2010,2017,8
Pigeonpea,Maharashtra,Ratnagiri,2010,2017,8
Pigeonpea,Maharashtra,Sangli,2010,2017,8
Pigeonpea,Maharashtra,Satara,2010,2017,8
Pigeonpea,Maharashtra,Solapur,2010,2017,8
Pigeonpea,Maharashtra,Thane,2010,2017,8
Pigeonpea,Maharashtra,Wardha,2010,2017,8
Pigeonpea,Maharashtra,Yeotmal,2010,2017,8
Pigeonpea,Orissa,Balasore,2010,2017,8
Pigeonpea,Orissa,Bolangir,2010,2017,8
Pigeonpea,Orissa,Cuttack,2010,2017,8
Pigeonpea,Orissa,Dhenkanal,2010,2017,8
Pigeonpea,Orissa,Ganjam,2010,2017,8
Pigeonpea,Orissa,Kalahandi,2010,2017,8
Pigeonpea,Orissa,Keonjhar,2010,2017,8
Pigeonpea,Orissa,Koraput,2010,2017,8
Pigeonpea,Orissa,Mayurbhanja,2010,2017,8
Pigeonpea,Orissa,Phulbani ( Kandhamal ),2010,2017,8
Pigeonpea,Orissa,Puri,2010,2017,8
Pigeonpea,Orissa,Sambalpur,2010,2017,8
Pigeonpea,Orissa,Sundargarh,2010,2017,8
Pigeonpea,Punjab,Amritsar,2010,2017,8
Pigeonpea,Punjab,Bhatinda,2010,2017,8
Pigeonpea,Punjab,Ferozpur,2010,2017,8
Pigeonpea,Punjab,Gurdaspur,2010,2017,8
Pigeonpea,Punjab,Hoshiarpur,2010,2017,8
Pigeonpea,Punjab,Jalandhar,2010,2017,8
Pigeonpea,Punjab,Kapurthala,2010,2017,8
Pigeonpea,Punjab,Ludhiana,2010,2017,8
Pigeonpea,Punjab,Patiala,2010,2017,8
Pigeonpea,Punjab,Roopnagar / Ropar,2010,2017,8
Pigeonpea,Punjab,Sangrur,2010,2016,7
Pigeonpea,Rajasthan,Ajmer,2010,2017,8
Pigeonpea,Rajasthan,Alwar,2010,2017,8
Pigeonpea,Rajasthan,Banswara,2010,2017,8
Pigeonpea,Rajasthan,Barmer,2010,2017,8
Pigeonpea,Rajasthan,Bharatpur,2010,2017,8
Pigeonpea,Rajasthan,Bhilwara,2010,2017,8
Pigeonpea,Rajasthan,Bikaner,2010,2017,8
Pigeonpea,Rajasthan,Bundi,2010,2017,8
Pigeonpea,Rajasthan,Chittorgarh,2010,2017,8
Pigeonpea,Rajasthan,Churu,2010,2017,8
Pigeonpea,Rajasthan,Dungarpur,2010,2017,8
Pigeonpea,Rajasthan,Ganganagar,2010,2017,8
Pigeonpea,Rajasthan,Jaipur,2010,2017,8
Pigeonpea,Rajasthan,Jaisalmer,2010,2017,8
Pigeonpea,Rajasthan,Jalore,2010,2017,8
Pigeonpea,Rajasthan,Jhalawar,2010,2017,8
Pigeonpea,Rajasthan,Jhunjhunu,2010,2017,8
Pigeonpea,Rajasthan,Jodhpur,2010,2017,8
Pigeonpea,Rajasthan,Kota,2010,2017,8
Pigeonpea,Rajasthan,Nagaur,2010,2017,8
Pigeonpea,Rajasthan,Pali,2010,2017,8
Pigeonpea,Rajasthan,Sikar,2010,2017,8
Pigeonpea,Rajasthan,Sirohi,2010,2017,8
Pigeonpea,Rajasthan,Swami Madhopur,2010,2017,8
Pigeonpea,Rajasthan,Tonk,2010,2017,8
Pigeonpea,Rajasthan,Udaipur,2010,2017,8
Pigeonpea,Tamil Nadu,Chengalpattu Mgr / Kanchipuram,2010,2017,8
Pigeonpea,Tamil Nadu,Coimbatore,2010,2017,8
Pigeonpea,Tamil Nadu,Kanyakumari,2010,2017,5
Pigeonpea,Tamil Nadu,Madurai,2010,2017,7
Pigeonpea,Tamil Nadu,North Arcot / Vellore,2010,2017,7
Pigeonpea,Tamil Nadu,Ramananthapuram,2010,2017,8
Pigeonpea,Tamil Nadu,Salem,2010,2016,5
Pigeonpea,Tamil Nadu,South Arcot / Cuddalore,2010,2017,8
Pigeonpea,Tamil Nadu,Thanjavur,2010,2017,8
Pigeonpea,Tamil Nadu,The Nilgiris,2010,2017,7
Pigeonpea,Tamil Nadu,Thirunelveli,2010,2017,6
Pigeonpea,Tamil Nadu,Tiruchirapalli / Trichy,2010,2017,6
Pigeonpea,Telangana,Adilabad,2010,2017,8
Pigeonpea,Telangana,Hyderabad,2010,2017,8
Pigeonpea,Telangana,Karimnagar,2010,2017,8
Pigeonpea,Telangana,Khammam,2010,2017,8
Pigeonpea,Telangana,Mahabubnagar,2010,2017,8
Pigeonpea,Telangana,Medak,2010,2017,8
Pigeonpea,Telangana,Nalgonda,2010,2017,8
Pigeonpea,Telangana,Nizamabad,2010,2017,8
Pigeonpea,Telangana,Warangal,2010,2017,8
Pigeonpea,Uttar Pradesh,Agra,2010,2017,8
Pigeonpea,Uttar Pradesh,Aligarh,2010,2017,8
Pigeonpea,Uttar Pradesh,Allahabad,2010,2017,8
Pigeonpea,Uttar Pradesh,Azamgarh,2010,2017,8
Pigeonpea,Uttar Pradesh,Bahraich,2010,2017,8
Pigeonpea,Uttar Pradesh,Ballia,2010,2017,8
Pigeonpea,Uttar Pradesh,Banda,2010,2017,8
Pigeonpea,Uttar Pradesh,Barabanki,2010,2017,8
Pigeonpea,Uttar Pradesh,Bareilly,2010,2017,8
Pigeonpea,Uttar Pradesh,Basti,2010,2017,8
Pigeonpea,Uttar Pradesh,Bijnor,2010,2017,8
Pigeonpea,Uttar Pradesh,Budaun,2010,2017,8
Pigeonpea,Uttar Pradesh,Buland Shahar,2010,2017,8
Pigeonpea,Uttar Pradesh,Deoria,2010,2017,8
Pigeonpea,Uttar Pradesh,Etah,2010,2017,8
Pigeonpea,Uttar Pradesh,Etawah,2010,2017,8
Pigeonpea,Uttar Pradesh,Faizabad,2010,2017,8
Pigeonpea,Uttar Pradesh,Farrukhabad,2010,2017,8
Pigeonpea,Uttar Pradesh,Fatehpur,2010,2017,8
Pigeonpea,Uttar Pradesh,Ghazipur,2010,2017,8
Pigeonpea,Uttar Pradesh,Gonda,2010,2017,8
Pigeonpea,Uttar Pradesh,Gorakhpur,2010,2017,8
Pigeonpea,Uttar Pradesh,Hamirpur,2010,2017,8
Pigeonpea,Uttar Pradesh,Hardoi,2010,2017,8
Pigeonpea,Uttar Pradesh,Jalaun,2010,2017,8
Pigeonpea,Uttar Pradesh,Jaunpur,2010,2017,8
Pigeonpea,Uttar Pradesh,Jhansi,2010,2017,8
Pigeonpea,Uttar Pradesh,Kanpur,2010,2017,8
Pigeonpea,Uttar Pradesh,Kheri,2010,2017,8
Pigeonpea,Uttar Pradesh,Lucknow,2010,2017,8
Pigeonpea,Uttar Pradesh,Mainpuri,2010,2017,8
Pigeonpea,Uttar Pradesh,Mathura,2010,2017,8
Pigeonpea,Uttar Pradesh,Meerut,2010,2017,8
Pigeonpea,Uttar Pradesh,Mirzpur,2010,2017,8
Pigeonpea,Uttar Pradesh,Moradabad,2010,2017,8
Pigeonpea,Uttar Pradesh,Muzaffarnagar,2010,2017,8
Pigeonpea,Uttar Pradesh,Pilibhit,2010,2017,8
Pigeonpea,Uttar Pradesh,Pratapgarh,2010,2017,8
Pigeonpea,Uttar Pradesh,Rae-Bareily,2010,2017,8
Pigeonpea,Uttar Pradesh,Rampur,2010,2017,8
Pigeonpea,Uttar Pradesh,Saharanpur,2010,2017,8
Pigeonpea,Uttar Pradesh,Shahjahanpur,2010,2017,8
Pigeonpea,Uttar Pradesh,Sitapur,2010,2017,8
Pigeonpea,Uttar Pradesh,Sultanpur,2010,2017,8
Pigeonpea,Uttar Pradesh,Unnao,2010,2017,8
Pigeonpea,Uttar Pradesh,Varanasi,2010,2017,8
Pigeonpea,Uttarakhand,Almorah,2010,2017,8
Pigeonpea,Uttarakhand,Chamoli,2010,2017,8
Pigeonpea,Uttarakhand,Dehradun,2010,2017,8
Pigeonpea,Uttarakhand,Garhwal,2010,2017,8
Pigeonpea,Uttarakhand,Nainital,2010,2017,8
Pigeonpea,Uttarakhand,Pithorgarh,2010,2017,8
Pigeonpea,Uttarakhand,Tehri Garhwal,2010,2017,8
Pigeonpea,Uttarakhand,Uttar Kashi,2010,2017,8
Pigeonpea,West Bengal,24 Parganas,2010,2017,8
Pigeonpea,West Bengal,Bankura,2010,2017,8
Pigeonpea,West Bengal,Birbhum,2010,2017,8
Pigeonpea,West Bengal,Burdwan,2010,2017,8
Pigeonpea,West Bengal,Cooch Behar,2010,2017,8
Pigeonpea,West Bengal,Darjeeling,2010,2017,8
Pigeonpea,West Bengal,Hooghly,2010,2017,8
Pigeonpea,West Bengal,Howrah,2010,2017,8
Pigeonpea,West Bengal,Jalpaiguri,2010,2017,8
Pigeonpea,West Bengal,Malda,2010,2017,8
Pigeonpea,West Bengal,Midnapur,2010,2017,8
Pigeonpea,West Bengal,Murshidabad,2010,2017,8
Pigeonpea,West Bengal,Nadia,2010,2017,8
Pigeonpea,West Bengal,Purulia,2010,2017,8
Pigeonpea,West Bengal,West Dinajpur,2010,2017,8
Potatoes,Andhra Pradesh,Ananthapur,2010,2017,8
Potatoes,Andhra Pradesh,Chittoor,2010,2017,8
Potatoes,Andhra Pradesh,East Godavari,2010,2017,8
Potatoes,Andhra Pradesh,Guntur,2010,2017,8
Potatoes,Andhra Pradesh,Kadapa Ysr,2010,2017,8
Potatoes,Andhra Pradesh,Krishna,2010,2017,8
Potatoes,Andhra Pradesh,Kurnool,2010,2017,8
Potatoes,Andhra Pradesh,S.P.S. Nellore,2010,2017,8
Potatoes,Andhra Pradesh,Srikakulam,2010,2017,8
Potatoes,Andhra Pradesh,Visakhapatnam,2010,2017,8
Potatoes,Andhra Pradesh,West Godavari,2010,2017,8
Potatoes,Assam,Cachar,2010,2017,8
Potatoes,Assam,Darrang,2010,2017,8
Potatoes,Assam,Dibrugarh,2010,2017,8
Potatoes,Assam,Goalpara,2010,2017,8
Potatoes,Assam,Kamrup,2010,2017,8
Potatoes,Assam,Karbi Anglong,2010,2017,8
Potatoes,Assam,Lakhimpur,2010,2017,8
Potatoes,Assam,Nagaon,2010,2017,8
Potatoes,Assam,North Cachar Hil / Dima Hasao,2010,2017,8
Potatoes,Assam,Sibsagar,2010,2017,8
Potatoes,Bihar,Bhagalpur,2010,2017,8
Potatoes,Bihar,Champaran,2010,2017,8
Potatoes,Bihar,Darbhanga,2010,2017,8
Potatoes,Bihar,Gaya,2010,2017,8
Potatoes,Bihar,Mungair,2010,2017,8
Potatoes,Bihar,Muzaffarpur,2010,2017,8
Potatoes,Bihar,Patna,2010,2017,8
Potatoes,Bihar,Purnea,2010,2017,8
Potatoes,Bihar,Saharsa,2010,2017,8
Potatoes,Bihar,Saran,2010,2017,8
Potatoes,Bihar,Shahabad (Now Part Of Bhojpur District),2010,2017,8
Potatoes,Chhattisgarh,Bastar,2010,2017,8
Potatoes,Chhattisgarh,Bilaspur,2010,2017,8
Potatoes,Chhattisgarh,Durg,2010,2017,8
Potatoes,Chhattisgarh,Raigarh,2010,2017,8
Potatoes,Chhattisgarh,Raipur,2010,2017,8
Potatoes,Chhattisgarh,Surguja,2010,2017,8
Potatoes,Gujarat,Ahmedabad,2010,2017,8
Potatoes,Gujarat,Amreli,2010,2017,8
Potatoes,Gujarat,Banaskantha,2010,2017,8
Potatoes,Gujarat,Bharuch,2010,2017,8
Potatoes,Gujarat,Bhavnagar,2010,2017,8
Potatoes,Gujarat,Dangs,2010,2017,8
Potatoes,Gujarat,Jamnagar,2010,2017,8
Potatoes,Gujarat,Junagadh,2010,2017,8
Potatoes,Gujarat,Kheda,2010,2017,8
Potatoes,Gujarat,Kutch,2010,2017,8
Potatoes,Gujarat,Mehsana,2010,2017,8
Potatoes,Gujarat,Panchmahal,2010,2017,8
Potatoes,Gujarat,Rajkot,2010,2017,8
Potatoes,Gujarat,Sabarkantha,2010,2017,8
Potatoes,Gujarat,Surat,2010,2017,8
Potatoes,Gujarat,Surendranagar,2010,2017,8
Potatoes,Gujarat,Vadodara / Baroda,2010,2017,8
Potatoes,Gujarat,Valsad,2010,2017,8
Potatoes,Haryana,Ambala,2010,2017,8
Potatoes,Haryana,Gurgaon,2010,2017,8
Potatoes,Haryana,Hissar,2010,2017,8
Potatoes,Haryana,Jind,2010,2017,8
Potatoes,Haryana,Karnal,2010,2017,8
Potatoes,Haryana,Mahendragarh / Narnaul,2010,2017,8
Potatoes,Haryana,Rohtak,2010,2017,8
Potatoes,Himachal Pradesh,Bilashpur,2010,2017,8
Potatoes,Himachal Pradesh,Chamba,2010,2017,8
Potatoes,Himachal Pradesh,Kangra,2010,2017,8
Potatoes,Himachal Pradesh,Kinnaur,2010,2017,8
Potatoes,Himachal Pradesh,Kullu,2010,2017,8
Potatoes,Himachal Pradesh,Lahul & Spiti,2010,2017,8
Potatoes,Himachal Pradesh,Mandi,2010,2017,8
Potatoes,Himachal Pradesh,Shimla,2010,2017,8
Potatoes,Himachal Pradesh,Sirmaur,2010,2017,8
Potatoes,Himachal Pradesh,Solan,2010,2017,8
Potatoes,Jharkhand,Dhanbad,2010,2017,8
Potatoes,Jharkhand,Hazaribagh,2010,2017,8
Potatoes,Jharkhand,Palamau,2010,2017,8
Potatoes,Jharkhand,Ranchi,2010,2017,8
Potatoes,Jharkhand,Santhal Paragana / Dumka,2010,2017,8
Potatoes,Jharkhand,Singhbhum,2010,2017,8
Potatoes,Karnataka,Bangalore,2010,2017,8
Potatoes,Karnataka,Belgaum,2010,2017,8
Potatoes,Karnataka,Bellary,2010,2017,8
Potatoes,Karnataka,Bidar,2010,2017,8
Potatoes,Karnataka,Bijapur / Vijayapura,2010,2017,8
Potatoes,Karnataka,Chickmagalur,2010,2017,8
Potatoes,Karnataka,Chitradurga,2010,2017,8
Potatoes,Karnataka,Dakshina Kannada,2010,2017,8
Potatoes,Karnataka,Dharwad,2010,2017,8
Potatoes,Karnataka,Gulbarga / Kalaburagi,2010,2017,8
Potatoes,Karnataka,Hassan,2010,2017,8
Potatoes,Karnataka,Kodagu / Coorg,2010,2017,8
Potatoes,Karnataka,Kolar,2010,2017,8
Potatoes,Karnataka,Mandya,2010,2017,8
Potatoes,Karnataka,Mysore,2010,2017,8
Potatoes,Karnataka,Raichur,2010,2017,8
Potatoes,Karnataka,Shimoge,2010,2017,8
Potatoes,Karnataka,Tumkur,2010,2017,8
Potatoes,Karnataka,Uttara Kannada,2010,2017,8
Potatoes,Kerala,Alappuzha,2010,2017,8
Potatoes,Kerala,Eranakulam,2010,2017,8
Potatoes,Kerala,Kannur,2010,2017,8
Potatoes,Kerala,Kollam,2010,2017,8
Potatoes,Kerala,Kottayam,2010,2017,8
Potatoes,Kerala,Kozhikode,2010,2017,8
Potatoes,Kerala,Malappuram,2010,2017,8
Potatoes,Kerala,Palakkad,2010,2017,8
Potatoes,Kerala,Thiruvananthapuram,2010,2017,8
Potatoes,Kerala,Thrissur,2010,2017,8
Potatoes,Madhya Pradesh,Balaghat,2010,2017,8
Potatoes,Madhya Pradesh,Betul,2010,2017,8
Potatoes,Madhya Pradesh,Bhind,2010,2017,8
Potatoes,Madhya Pradesh,Chhatarpur,2010,2017,8
Potatoes,Madhya Pradesh,Chhindwara,2010,2017,8
Potatoes,Madhya Pradesh,Damoh,2010,2017,8
Potatoes,Madhya Pradesh,Datia,2010,2017,8
Potatoes,Madhya Pradesh,Dewas,2010,2017,8
Potatoes,Madhya Pradesh,Dhar,2010,2017,8
Potatoes,Madhya Pradesh,Guna,2010,2017,8
Potatoes,Madhya Pradesh,Gwalior,2010,2017,8
Potatoes,Madhya Pradesh,Hoshangabad,2010,2017,8
Potatoes,Madhya Pradesh,Indore,2010,2017,8
Potatoes,Madhya Pradesh,Jabalpur,2010,2017,8
Potatoes,Madhya Pradesh,Jhabua,2010,2017,8
Potatoes,Madhya Pradesh,Khandwa / East Nimar,2010,2017,8
Potatoes,Madhya Pradesh,Khargone / West Nimar,2010,2017,8
Potatoes,Madhya Pradesh,Mandla,2010,2017,8
Potatoes,Madhya Pradesh,Mandsaur,2010,2017,8
Potatoes,Madhya Pradesh,Morena,2010,2017,8
Potatoes,Madhya Pradesh,Narsinghpur,2010,2017,8
Potatoes,Madhya Pradesh,Panna,2010,2017,8
Potatoes,Madhya Pradesh,Raisen,2010,2017,8
Potatoes,Madhya Pradesh,Rajgarh,2010,2017,8
Potatoes,Madhya Pradesh,Ratlam,2010,2017,8
Potatoes,Madhya Pradesh,Rewa,2010,2016,7
Potatoes,Madhya Pradesh,Sagar,2010,2017,8
Potatoes,Madhya Pradesh,Satna,2010,2017,8
Potatoes,Madhya Pradesh,Sehore,2010,2017,8
Potatoes,Madhya Pradesh,Seoni / Shivani,2010,2017,8
Potatoes,Madhya Pradesh,Shahdol,2010,2017,8
Potatoes,Madhya Pradesh,Shajapur,2010,2017,8
Potatoes,Madhya Pradesh,Shivpuri,2010,2017,8
Potatoes,Madhya Pradesh,Sidhi,2010,2017,8
Potatoes,Madhya Pradesh,Tikamgarh,2010,2017,8
Potatoes,Madhya Pradesh,Ujjain,2010,2017,8
Potatoes,Madhya Pradesh,Vidisha,2010,2017,8
Potatoes,Maharashtra,Ahmednagar,2010,2017,8
Potatoes,Maharashtra,Akola,2010,2017,8
Potatoes,Maharashtra,Amarawati,2010,2017,8
Potatoes,Maharashtra,Aurangabad,2010,2017,8
Potatoes,Maharashtra,Beed,2010,2017,8
Potatoes,Maharashtra,Bhandara,2010,2017,8
Potatoes,Maharashtra,Bombay,2010,2016,4
Potatoes,Maharashtra,Buldhana,2010,2017,8
Potatoes,Maharashtra,Chandrapur,2010,2017,8
Potatoes,Maharashtra,Dhule,2010,2017,8
Potatoes,Maharashtra,Jalgaon,2010,2017,8
Potatoes,Maharashtra,Kolhapur,2010,2017,8
Potatoes,Maharashtra,Nagpur,2010,2017,8
Potatoes,Maharashtra,Nanded,2010,2017,8
Potatoes,Maharashtra,Nasik,2010,2017,8
Potatoes,Maharashtra,Osmanabad,2010,2017,8
Potatoes,Maharashtra,Parbhani,2010,2017,8
Potatoes,Maharashtra,Pune,2010,2017,8
Potatoes,Maharashtra,Raigad,2010,2017,8
Potatoes,Maharashtra,Ratnagiri,2010,2017,8
Potatoes,Maharashtra,Sangli,2010,2017,8
Potatoes,Maharashtra,Satara,2010,2017,8
Potatoes,Maharashtra,Solapur,2010,2017,8
Potatoes,Maharashtra,Thane,2010,2017,8
Potatoes,Maharashtra,Wardha,2010,2017,8
Potatoes,Maharashtra,Yeotmal,2010,2017,8
Potatoes,Orissa,Balasore,2010,2017,8
Potatoes,Orissa,Bolangir,2010,2017,8
Potatoes,Orissa,Cuttack,2010,2017,8
Potatoes,Orissa,Dhenkanal,2010,2017,8
Potatoes,Orissa,Ganjam,2010,2017,8
Potatoes,Orissa,Kalahandi,2010,2017,8
Potatoes,Orissa,Keonjhar,2010,2017,8
Potatoes,Orissa,Koraput,2010,2017,8
Potatoes,Orissa,Mayurbhanja,2010,2017,8
Potatoes,Orissa,Phulbani ( Kandhamal ),2010,2017,8
Potatoes,Orissa,Puri,2010,2017,8
Potatoes,Orissa,Sambalpur,2010,2017,8
Potatoes,Orissa,Sundargarh,2010,2017,8
Potatoes,Punjab,Amritsar,2010,2017,8
Potatoes,Punjab,Bhatinda,2010,2017,8
Potatoes,Punjab,Ferozpur,2010,2017,8
Potatoes,Punjab,Gurdaspur,2010,2017,8
Potatoes,Punjab,Hoshiarpur,2010,2017,8
Potatoes,Punjab,Jalandhar,2010,2017,8
Potatoes,Punjab,Kapurthala,2010,2017,8
Potatoes,Punjab,Ludhiana,2010,2017,8
Potatoes,Punjab,Patiala,2010,2017,8
Potatoes,Punjab,Roopnagar / Ropar,2010,2017,8
Potatoes,Punjab,Sangrur,2010,2016,7
Potatoes,Rajasthan,Ajmer,2010,2017,8
Potatoes,Rajasthan,Alwar,2010,2017,8
Potatoes,Rajasthan,Banswara,2010,2017,8
Potatoes,Rajasthan,Barmer,2010,2017,8
Potatoes,Rajasthan,Bharatpur,2010,2017,8
Potatoes,Rajasthan,Bhilwara,2010,2017,8
Potatoes,Rajasthan,Bikaner,2010,2017,8
Potatoes,Rajasthan,Bundi,2010,2017,8
Potatoes,Rajasthan,Chittorgarh,2010,2017,8
Potatoes,Rajasthan,Churu,2010,2017,8
Potatoes,Rajasthan,Dungarpur,2010,2017,8
Potatoes,Rajasthan,Ganganagar,2010,2017,8
Potatoes,Rajasthan,Jaipur,2010,2017,8
Potatoes,Rajasthan,Jaisalmer,2010,2017,8
Potatoes,Rajasthan,Jalore,2010,2017,8
Potatoes,Rajasthan,Jhalawar,2010,2017,8
Potatoes,Rajasthan,Jhunjhunu,2010,2017,8
Potatoes,Rajasthan,Jodhpur,2010,2017,8
Potatoes,Rajasthan,Kota,2010,2017,8
Potatoes,Rajasthan,Nagaur,2010,2017,8
Potatoes,Rajasthan,Pali,2010,2017,8
Potatoes,Rajasthan,Sikar,2010,2017,8
Potatoes,Rajasthan,Sirohi,2010,2017,8
Potatoes,Rajasthan,Swami Madhopur,2010,2017,8
Potatoes,Rajasthan,Tonk,2010,2017,8
Potatoes,Rajasthan,Udaipur,2010,2017,8
Potatoes,Tamil Nadu,Chengalpattu Mgr / Kanchipuram,2010,2017,8
Potatoes,Tamil Nadu,Coimbatore,2010,2017,8
Potatoes,Tamil Nadu,Kanyakumari,2010,2017,5
Potatoes,Tamil Nadu,Madurai,2010,2017,7
Potatoes,Tamil Nadu,North Arcot / Vellore,2010,2017,7
Potatoes,Tamil Nadu,Ramananthapuram,2010,2017,8
Potatoes,Tamil Nadu,Salem,2010,2016,5
Potatoes,Tamil Nadu,South Arcot / Cuddalore,2010,2017,8
Potatoes,Tamil Nadu,Thanjavur,2010,2017,8
Potatoes,Tamil Nadu,The Nilgiris,2010,2017,7
Potatoes,Tamil Nadu,Thirunelveli,2010,2017,6
Potatoes,Tamil Nadu,Tiruchirapalli / Trichy,2010,2017,6
Potatoes,Telangana,Adilabad,2010,2017,8
Potatoes,Telangana,Hyderabad,2010,2017,8
Potatoes,Telangana,Karimnagar,2010,2017,8
Potatoes,Telangana,Khammam,2010,2017,8
Potatoes,Telangana,Mahabubnagar,2010,2017,8
Potatoes,Telangana,Medak,2010,2017,8
Potatoes,Telangana,Nalgonda,2010,2017,8
Potatoes,Telangana,Nizamabad,2010,2017,8
Potatoes,Telangana,Warangal,2010,2017,8
Potatoes,Uttar Pradesh,Agra,2010,2017,8
Potatoes,Uttar Pradesh,Aligarh,2010,2017,8
Potatoes,Uttar Pradesh,Allahabad,2010,2017,8
Potatoes,Uttar Pradesh,Azamgarh,2010,2017,8
Potatoes,Uttar Pradesh,Bahraich,2010,2017,8
Potatoes,Uttar Pradesh,Ballia,2010,2017,8
Potatoes,Uttar Pradesh,Banda,2010,2017,8
Potatoes,Uttar Pradesh,Barabanki,2010,2017,8
Potatoes,Uttar Pradesh,Bareilly,2010,2017,8
Potatoes,Uttar Pradesh,Basti,2010,2017,8
Potatoes,Uttar Pradesh,Bijnor,2010,2017,8
Potatoes,Uttar Pradesh,Budaun,2010,2017,8
Potatoes,Uttar Pradesh,Buland Shahar,2010,2017,8
Potatoes,Uttar Pradesh,Deoria,2010,2017,8
Potatoes,Uttar Pradesh,Etah,2010,2017,8
Potatoes,Uttar Pradesh,Etawah,2010,2017,8
Potatoes,Uttar Pradesh,Faizabad,2010,2017,8
Potatoes,Uttar Pradesh,Farrukhabad,2010,2017,8
Potatoes,Uttar Pradesh,Fatehpur,2010,2017,8
Potatoes,Uttar Pradesh,Ghazipur,2010,2017,8
Potatoes,Uttar Pradesh,Gonda,2010,2017,8
Potatoes,Uttar Pradesh,Gorakhpur,2010,2017,8
Potatoes,Uttar Pradesh,Hamirpur,2010,2017,8
Potatoes,Uttar Pradesh,Hardoi,2010,2017,8
Potatoes,Uttar Pradesh,Jalaun,2010,2017,8
Potatoes,Uttar Pradesh,Jaunpur,2010,2017,8
Potatoes,Uttar Pradesh,Jhansi,2010,2017,8
Potatoes,Uttar Pradesh,Kanpur,2010,2017,8
Potatoes,Uttar Pradesh,Kheri,2010,2017,8
Potatoes,Uttar Pradesh,Lucknow,2010,2017,8
Potatoes,Uttar Pradesh,Mainpuri,2010,2017,8
Potatoes,Uttar Pradesh,Mathura,2010,2017,8
Potatoes,Uttar Pradesh,Meerut,2010,2017,8
Potatoes,Uttar Pradesh,Mirzpur,2010,2017,8
Potatoes,Uttar Pradesh,Moradabad,2010,2017,8
Potatoes,Uttar Pradesh,Muzaffarnagar,2010,2017,8
Potatoes,Uttar Pradesh,Pilibhit,2010,2017,8
Potatoes,Uttar Pradesh,Pratapgarh,2010,2017,8
Potatoes,Uttar Pradesh,Rae-Bareily,2010,2017,8
Potatoes,Uttar Pradesh,Rampur,2010,2017,8
Potatoes,Uttar Pradesh,Saharanpur,2010,2017,8
Potatoes,Uttar Pradesh,Shahjahanpur,2010,2017,8
Potatoes,Uttar Pradesh,Sitapur,2010,2017,8
Potatoes,Uttar Pradesh,Sultanpur,2010,2017,8
Potatoes,Uttar Pradesh,Unnao,2010,2017,8
Potatoes,Uttar Pradesh,Varanasi,2010,2017,8
Potatoes,Uttarakhand,Almorah,2010,2017,8
Potatoes,Uttarakhand,Chamoli,2010,2017,8
Potatoes,Uttarakhand,Dehradun,2010,2017,8
Potatoes,Uttarakhand,Garhwal,2010,2017,8
Potatoes,Uttarakhand,Nainital,2010,2017,8
Potatoes,Uttarakhand,Pithorgarh,2010,2017,8
Potatoes,Uttarakhand,Tehri Garhwal,2010,2017,8
Potatoes,Uttarakhand,Uttar Kashi,2010,2017,8
Potatoes,West Bengal,24 Parganas,2010,2017,8
Potatoes,West Bengal,Bankura,2010,2017,8
Potatoes,West Bengal,Birbhum,2010,2017,8
Potatoes,West Bengal,Burdwan,2010,2017,8
Potatoes,West Bengal,Cooch Behar,2010,2017,8
Potatoes,West Bengal,Darjeeling,2010,2017,8
Potatoes,West Bengal,Hooghly,2010,2017,8
Potatoes,West Bengal,Howrah,2010,2017,8
Potatoes,West Bengal,Jalpaiguri,2010,2017,8
Potatoes,West Bengal,Malda,2010,2017,8
Potatoes,West Bengal,Midnapur,2010,2017,8
Potatoes,West Bengal,Murshidabad,2010,2017,8
Potatoes,West Bengal,Nadia,2010,2017,8
Potatoes,West Bengal,Purulia,2010,2017,8
Potatoes,West Bengal,West Dinajpur,2010,2017,8
Rabi Sorghum,Andhra Pradesh,Ananthapur,2010,2017,8
Rabi Sorghum,Andhra Pradesh,Chittoor,2010,2017,8
Rabi Sorghum,Andhra Pradesh,East Godavari,2010,2017,8
Rabi Sorghum,Andhra Pradesh,Guntur,2010,2017,8
Rabi Sorghum,Andhra Pradesh,Kadapa Ysr,2010,2017,8
Rabi Sorghum,Andhra Pradesh,Krishna,2010,2017,8
Rabi Sorghum,Andhra Pradesh,Kurnool,2010,2017,8
Rabi Sorghum,Andhra Pradesh,S.P.S. Nellore,2010,2017,8
Rabi Sorghum,Andhra Pradesh,Srikakulam,2010,2017,8
Rabi Sorghum,Andhra Pradesh,Visakhapatnam,2010,2017,8
Rabi Sorghum,Andhra Pradesh,West Godavari,2010,2017,8
Rabi Sorghum,Assam,Cachar,2010,2017,8
Rabi Sorghum,Assam,Darrang,2010,2017,8
Rabi Sorghum,Assam,Dibrugarh,2010,2017,8
Rabi Sorghum,Assam,Goalpara,2010,2017,8
Rabi Sorghum,Assam,Kamrup,2010,2017,8
Rabi Sorghum,Assam,Karbi Anglong,2010,2017,8
Rabi Sorghum,Assam,Lakhimpur,2010,2017,8
Rabi Sorghum,Assam,Nagaon,2010,2017,8
Rabi Sorghum,Assam,North Cachar Hil / Dima Hasao,2010,2017,8
Rabi Sorghum,Assam,Sibsagar,2010,2017,8
Rabi Sorghum,Bihar,Bhagalpur,2010,2017,8
Rabi Sorghum,Bihar,Champaran,2010,2017,8
Rabi Sorghum,Bihar,Darbhanga,2010,2017,8
Rabi Sorghum,Bihar,Gaya,2010,2017,8
Rabi Sorghum,Bihar,Mungair,2010,2017,8
Rabi Sorghum,Bihar,Muzaffarpur,2010,2017,8
Rabi Sorghum,Bihar,Patna,2010,2017,8
Rabi Sorghum,Bihar,Purnea,2010,2017,8
Rabi Sorghum,Bihar,Saharsa,2010,2017,8
Rabi Sorghum,Bihar,Saran,2010,2017,8
Rabi Sorghum,Bihar,Shahabad (Now Part Of Bhojpur District),2010,2017,8
Rabi Sorghum,Chhattisgarh,Bastar,2010,2017,8
Rabi Sorghum,Chhattisgarh,Bilaspur,2010,2017,8
Rabi Sorghum,Chhattisgarh,Durg,2010,2017,8
Rabi Sorghum,Chhattisgarh,Raigarh,2010,2017,8
Rabi Sorghum,Chhattisgarh,Raipur,2010,2017,8
Rabi Sorghum,Chhattisgarh,Surguja,2010,2017,8
Rabi Sorghum,Gujarat,Ahmedabad,2010,2017,8
Rabi Sorghum,Gujarat,Amreli,2010,2017,8
Rabi Sorghum,Gujarat,Banaskantha,2010,2017,8
Rabi Sorghum,Gujarat,Bharuch,2010,2017,8
Rabi Sorghum,Gujarat,Bhavnagar,2010,2017,8
Rabi Sorghum,Gujarat,Dangs,2010,2017,8
Rabi Sorghum,Gujarat,Jamnagar,2010,2017,8
Rabi Sorghum,Gujarat,Junagadh,2010,2017,8
Rabi Sorghum,Gujarat,Kheda,2010,2017,8
Rabi Sorghum,Gujarat,Kutch,2010,2017,8
Rabi Sorghum,Gujarat,Mehsana,2010,2017,8
Rabi Sorghum,Gujarat,Panchmahal,2010,2017,8
Rabi Sorghum,Gujarat,Rajkot,2010,2017,8
Rabi Sorghum,Gujarat,Sabarkantha,2010,2017,8
Rabi Sorghum,Gujarat,Surat,2010,2017,8
Rabi Sorghum,Gujarat,Surendranagar,2010,2017,8
Rabi Sorghum,Gujarat,Vadodara / Baroda,2010,2017,8
Rabi Sorghum,Gujarat,Valsad,2010,2017,8
Rabi Sorghum,Haryana,Ambala,2010,2017,8
Rabi Sorghum,Haryana,Gurgaon,2010,2017,8
Rabi Sorghum,Haryana,Hissar,2010,2017,8
Rabi Sorghum,Haryana,Jind,2010,2017,8
Rabi Sorghum,Haryana,Karnal,2010,2017,8
Rabi Sorghum,Haryana,Mahendragarh / Narnaul,2010,2017,8
Rabi Sorghum,Haryana,Rohtak,2010,2017,8
Rabi Sorghum,Himachal Pradesh,Bilashpur,2010,2017,8
Rabi Sorghum,Himachal Pradesh,Chamba,2010,2017,8
Rabi Sorghum,Himachal Pradesh,Kangra,2010,2017,8
Rabi Sorghum,Himachal Pradesh,Kinnaur,2010,2017,8
Rabi Sorghum,Himachal Pradesh,Kullu,2010,2017,8
Rabi Sorghum,Himachal Pradesh,Lahul & Spiti,2010,2017,8
Rabi Sorghum,Himachal Pradesh,Mandi,2010,2017,8
Rabi Sorghum,Himachal Pradesh,Shimla,2010,2017,8
Rabi Sorghum,Himachal Pradesh,Sirmaur,2010,2017,8
Rabi Sorghum,Himachal Pradesh,Solan,2010,2017,8
Rabi Sorghum,Jharkhand,Dhanbad,2010,2017,8
Rabi Sorghum,Jharkhand,Hazaribagh,2010,2017,8
Rabi Sorghum,Jharkhand,Palamau,2010,2017,8
Rabi Sorghum,Jharkhand,Ranchi,2010,2017,8
Rabi Sorghum,Jharkhand,Santhal Paragana / Dumka,2010,2017,8
Rabi Sorghum,Jharkhand,Singhbhum,2010,2017,8
Rabi Sorghum,Karnataka,Bangalore,2010,2017,8
Rabi Sorghum,Karnataka,Belgaum,2010,2017,8
Rabi Sorghum,Karnataka,Bellary,2010,2017,8
Rabi Sorghum,Karnataka,Bidar,2010,2017,8
Rabi Sorghum,Karnataka,Bijapur / Vijayapura,2010,2017,8
Rabi Sorghum,Karnataka,Chickmagalur,2010,2017,8
Rabi Sorghum,Karnataka,Chitradurga,2010,2017,8
Rabi Sorghum,Karnataka,Dakshina Kannada,2010,2017,8
Rabi Sorghum,Karnataka,Dharwad,2010,2017,8
Rabi Sorghum,Karnataka,Gulbarga / Kalaburagi,2010,2017,8
Rabi Sorghum,Karnataka,Hassan,2010,2017,8
Rabi Sorghum,Karnataka,Kodagu / Coorg,2010,2017,8
Rabi Sorghum,Karnataka,Kolar,2010,2017,8
Rabi Sorghum,Karnataka,Mandya,2010,2017,8
Rabi Sorghum,Karnataka,Mysore,2010,2017,8
Rabi Sorghum,Karnataka,Raichur,2010,2017,8
Rabi Sorghum,Karnataka,Shimoge,2010,2017,8
Rabi Sorghum,Karnataka,Tumkur,2010,2017,8
Rabi Sorghum,Karnataka,Uttara Kannada,2010,2017,8
Rabi Sorghum,Kerala,Alappuzha,2010,2017,8
Rabi Sorghum,Kerala,Eranakulam,2010,2017,8
Rabi Sorghum,Kerala,Kannur,2010,2017,8
Rabi Sorghum,Kerala,Kollam,2010,2017,8
Rabi Sorghum,Kerala,Kottayam,2010,2017,8
Rabi Sorghum,Kerala,Kozhikode,2010,2017,8
Rabi Sorghum,Kerala,Malappuram,2010,2017,8
Rabi Sorghum,Kerala,Palakkad,2010,2017,8
Rabi Sorghum,Kerala,Thiruvananthapuram,2010,2017,8
Rabi Sorghum,Kerala,Thrissur,2010,2017,8
Rabi Sorghum,Madhya Pradesh,Balaghat,2010,2017,8
Rabi Sorghum,Madhya Pradesh,Betul,2010,2017,8
Rabi Sorghum,Madhya Pradesh,Bhind,2010,2017,8
Rabi Sorghum,Madhya Pradesh,Chhatarpur,2010,2017,8
Rabi Sorghum,Madhya Pradesh,Chhindwara,2010,2017,8
Rabi Sorghum,Madhya Pradesh,Damoh,2010,2017,8
Rabi Sorghum,Madhya Pradesh,Datia,2010,2017,8
Rabi Sorghum,Madhya Pradesh,Dewas,2010,2017,8
Rabi Sorghum,Madhya Pradesh,Dhar,2010,2017,8
Rabi Sorghum,Madhya Pradesh,Guna,2010,2017,8
Rabi Sorghum,Madhya Pradesh,Gwalior,2010,2017,8
Rabi Sorghum,Madhya Pradesh,Hoshangabad,2010,2017,8
Rabi Sorghum,Madhya Pradesh,Indore,2010,2017,8
Rabi Sorghum,Madhya Pradesh,Jabalpur,2010,2017,8
Rabi Sorghum,Madhya Pradesh,Jhabua,2010,2017,8
Rabi Sorghum,Madhya Pradesh,Khandwa / East Nimar,2010,2017,8
Rabi Sorghum,Madhya Pradesh,Khargone / West Nimar,2010,2017,8
Rabi Sorghum,Madhya Pradesh,Mandla,2010,2017,8
Rabi Sorghum,Madhya Pradesh,Mandsaur,2010,2017,8
Rabi Sorghum,Madhya Pradesh,Morena,2010,2017,8
Rabi Sorghum,Madhya Pradesh,Narsinghpur,2010,2017,8
Rabi Sorghum,Madhya Pradesh,Panna,2010,2017,8
Rabi Sorghum,Madhya Pradesh,Raisen,2010,2017,8
Rabi Sorghum,Madhya Pradesh,Rajgarh,2010,2017,8
Rabi Sorghum,Madhya Pradesh,Ratlam,2010,2017,8
Rabi Sorghum,Madhya Pradesh,Rewa,2010,2016,7
Rabi Sorghum,Madhya Pradesh,Sagar,2010,2017,8
Rabi Sorghum,Madhya Pradesh,Satna,2010,2017,8
Rabi Sorghum,Madhya Pradesh,Sehore,2010,2017,8
Rabi Sorghum,Madhya Pradesh,Seoni / Shivani,2010,2017,8
Rabi Sorghum,Madhya Pradesh,Shahdol,2010,2017,8
Rabi Sorghum,Madhya Pradesh,Shajapur,2010,2017,8
Rabi Sorghum,Madhya Pradesh,Shivpuri,2010,2017,8
Rabi Sorghum,Madhya Pradesh,Sidhi,2010,2017,8
Rabi Sorghum,Madhya Pradesh,Tikamgarh,2010,2017,8
Rabi Sorghum,Madhya Pradesh,Ujjain,2010,2017,8
Rabi Sorghum,Madhya Pradesh,Vidisha,2010,2017,8
Rabi Sorghum,Maharashtra,Ahmednagar,2010,2017,8
Rabi Sorghum,Maharashtra,Akola,2010,2017,8
Rabi Sorghum,Maharashtra,Amarawati,2010,2017,8
Rabi Sorghum,Maharashtra,Aurangabad,2010,2017,8
Rabi Sorghum,Maharashtra,Beed,2010,2017,8
Rabi Sorghum,Maharashtra,Bhandara,2010,2017,8
Rabi Sorghum,Maharashtra,Bombay,2010,2016,4
Rabi Sorghum,Maharashtra,Buldhana,2010,2017,8
Rabi Sorghum,Maharashtra,Chandrapur,2010,2017,8
Rabi Sorghum,Maharashtra,Dhule,2010,2017,8
Rabi Sorghum,Maharashtra,Jalgaon,2010,2017,8
Rabi Sorghum,Maharashtra,Kolhapur,2010,2017,8
Rabi Sorghum,Maharashtra,Nagpur,2010,2017,8
Rabi Sorghum,Maharashtra,Nanded,2010,2017,8
Rabi Sorghum,Maharashtra,Nasik,2010,2017,8
Rabi Sorghum,Maharashtra,Osmanabad,2010,2017,8
Rabi Sorghum,Maharashtra,Parbhani,2010,2017,8
Rabi Sorghum,Maharashtra,Pune,2010,2017,8
Rabi Sorghum,Maharashtra,Raigad,2010,2017,8
Rabi Sorghum,Maharashtra,Ratnagiri,2010,2017,8
Rabi Sorghum,Maharashtra,Sangli,2010,2017,8
Rabi Sorghum,Maharashtra,Satara,2010,2017,8
Rabi Sorghum,Maharashtra,Solapur,2010,2017,8
Rabi Sorghum,Maharashtra,Thane,2010,2017,8
Rabi Sorghum,Maharashtra,Wardha,2010,2017,8
Rabi Sorghum,Maharashtra,Yeotmal,2010,2017,8
Rabi Sorghum,Orissa,Balasore,2010,2017,8
Rabi Sorghum,Orissa,Bolangir,2010,2017,8
Rabi Sorghum,Orissa,Cuttack,2010,2017,8
Rabi Sorghum,Orissa,Dhenkanal,2010,2017,8
Rabi Sorghum,Orissa,Ganjam,2010,2017,8
Rabi Sorghum,Orissa,Kalahandi,2010,2017,8
Rabi Sorghum,Orissa,Keonjhar,2010,2017,8
Rabi Sorghum,Orissa,Koraput,2010,2017,8
Rabi Sorghum,Orissa,Mayurbhanja,2010,2017,8
Rabi Sorghum,Orissa,Phulbani ( Kandhamal ),2010,2017,8
Rabi Sorghum,Orissa,Puri,2010,2017,8
Rabi Sorghum,Orissa,Sambalpur,2010,2017,8
Rabi Sorghum,Orissa,Sundargarh,2010,2017,8
Rabi Sorghum,Punjab,Amritsar,2010,2017,8
Rabi Sorghum,Punjab,Bhatinda,2010,2017,8
Rabi Sorghum,Punjab,Ferozpur,2010,2017,8
Rabi Sorghum,Punjab,Gurdaspur,2010,2017,8
Rabi Sorghum,Punjab,Hoshiarpur,2010,2017,8
Rabi Sorghum,Punjab,Jalandhar,2010,2017,8
Rabi Sorghum,Punjab,Kapurthala,2010,2017,8
Rabi Sorghum,Punjab,Ludhiana,2010,2017,8
Rabi Sorghum,Punjab,Patiala,2010,2017,8
Rabi Sorghum,Punjab,Roopnagar / Ropar,2010,2017,8
Rabi Sorghum,Punjab,Sangrur,2010,2016,7
Rabi Sorghum,Rajasthan,Ajmer,2010,2017,8
Rabi Sorghum,Rajasthan,Alwar,2010,2017,8
Rabi Sorghum,Rajasthan,Banswara,2010,2017,8
Rabi Sorghum,Rajasthan,Barmer,2010,2017,8
Rabi Sorghum,Rajasthan,Bharatpur,2010,2017,8
Rabi Sorghum,Rajasthan,Bhilwara,2010,2017,8
Rabi Sorghum,Rajasthan,Bikaner,2010,2017,8
Rabi Sorghum,Rajasthan,Bundi,2010,2017,8
Rabi Sorghum,Rajasthan,Chittorgarh,2010,2017,8
Rabi Sorghum,Rajasthan,Churu,2010,2017,8
Rabi Sorghum,Rajasthan,Dungarpur,2010,2017,8
Rabi Sorghum,Rajasthan,Ganganagar,2010,2017,8
Rabi Sorghum,Rajasthan,Jaipur,2010,2017,8
Rabi Sorghum,Rajasthan,Jaisalmer,2010,2017,8
Rabi Sorghum,Rajasthan,Jalore,2010,2017,8
Rabi Sorghum,Rajasthan,Jhalawar,2010,2017,8
Rabi Sorghum,Rajasthan,Jhunjhunu,2010,2017,8
Rabi Sorghum,Rajasthan,Jodhpur,2010,2017,8
Rabi Sorghum,Rajasthan,Kota,2010,2017,8
Rabi Sorghum,Rajasthan,Nagaur,2010,2017,8
Rabi Sorghum,Rajasthan,Pali,2010,2017,8
Rabi Sorghum,Rajasthan,Sikar,2010,2017,8
Rabi Sorghum,Rajasthan,Sirohi,2010,2017,8
Rabi Sorghum,Rajasthan,Swami Madhopur,2010,2017,8
Rabi Sorghum,Rajasthan,Tonk,2010,2017,8
Rabi Sorghum,Rajasthan,Udaipur,2010,2017,8
Rabi Sorghum,Tamil Nadu,Chengalpattu Mgr / Kanchipuram,2010,2017,8
Rabi Sorghum,Tamil Nadu,Coimbatore,2010,2017,8
Rabi Sorghum,Tamil Nadu,Kanyakumari,2010,2017,5
Rabi Sorghum,Tamil Nadu,Madurai,2010,2017,7
Rabi Sorghum,Tamil Nadu,North Arcot / Vellore,2010,2017,7
Rabi Sorghum,Tamil Nadu,Ramananthapuram,2010,2017,8
Rabi Sorghum,Tamil Nadu,Salem,2010,2016,5
Rabi Sorghum,Tamil Nadu,South Arcot / Cuddalore,2010,2017,8
Rabi Sorghum,Tamil Nadu,Thanjavur,2010,2017,8
Rabi Sorghum,Tamil Nadu,The Nilgiris,2010,2017,7
Rabi Sorghum,Tamil Nadu,Thirunelveli,2010,2017,6
Rabi Sorghum,Tamil Nadu,Tiruchirapalli / Trichy,2010,2017,6
Rabi Sorghum,Telangana,Adilabad,2010,2017,8
Rabi Sorghum,Telangana,Hyderabad,2010,2017,8
Rabi Sorghum,Telangana,Karimnagar,2010,2017,8
Rabi Sorghum,Telangana,Khammam,2010,2017,8
Rabi Sorghum,Telangana,Mahabubnagar,2010,2017,8
Rabi Sorghum,Telangana,Medak,2010,2017,8
Rabi Sorghum,Telangana,Nalgonda,2010,2017,8
Rabi Sorghum,Telangana,Nizamabad,2010,2017,8
Rabi Sorghum,Telangana,Warangal,2010,2017,8
Rabi Sorghum,Uttar Pradesh,Agra,2010,2017,8
Rabi Sorghum,Uttar Pradesh,Aligarh,2010,2017,8
Rabi Sorghum,Uttar Pradesh,Allahabad,2010,2017,8
Rabi Sorghum,Uttar Pradesh,Azamgarh,2010,2017,8
Rabi Sorghum,Uttar Pradesh,Bahraich,2010,2017,8
Rabi Sorghum,Uttar Pradesh,Ballia,2010,2017,8
Rabi Sorghum,Uttar Pradesh,Banda,2010,2017,8
Rabi Sorghum,Uttar Pradesh,Barabanki,2010,2017,8
Rabi Sorghum,Uttar Pradesh,Bareilly,2010,2017,8
Rabi Sorghum,Uttar Pradesh,Basti,2010,2017,8
Rabi Sorghum,Uttar Pradesh,Bijnor,2010,2017,8
Rabi Sorghum,Uttar Pradesh,Budaun,2010,2017,8
Rabi Sorghum,Uttar Pradesh,Buland Shahar,2010,2017,8
Rabi Sorghum,Uttar Pradesh,Deoria,2010,2017,8
Rabi Sorghum,Uttar Pradesh,Etah,2010,2017,8
Rabi Sorghum,Uttar Pradesh,Etawah,2010,2017,8
Rabi Sorghum,Uttar Pradesh,Faizabad,2010,2017,8
Rabi Sorghum,Uttar Pradesh,Farrukhabad,2010,2017,8
Rabi Sorghum,Uttar Pradesh,Fatehpur,2010,2017,8
Rabi Sorghum,Uttar Pradesh,Ghazipur,2010,2017,8
Rabi Sorghum,Uttar Pradesh,Gonda,2010,2017,8
Rabi Sorghum,Uttar Pradesh,Gorakhpur,2010,2017,8
Rabi Sorghum,Uttar Pradesh,Hamirpur,2010,2017,8
Rabi Sorghum,Uttar Pradesh,Hardoi,2010,2017,8
Rabi Sorghum,Uttar Pradesh,Jalaun,2010,2017,8
Rabi Sorghum,Uttar Pradesh,Jaunpur,2010,2017,8
Rabi Sorghum,Uttar Pradesh,Jhansi,2010,2017,8
Rabi Sorghum,Uttar Pradesh,Kanpur,2010,2017,8
Rabi Sorghum,Uttar Pradesh,Kheri,2010,2017,8
Rabi Sorghum,Uttar Pradesh,Lucknow,2010,2017,8
Rabi Sorghum,Uttar Pradesh,Mainpuri,2010,2017,8
Rabi Sorghum,Uttar Pradesh,Mathura,2010,2017,8
Rabi Sorghum,Uttar Pradesh,Meerut,2010,2017,8
Rabi Sorghum,Uttar Pradesh,Mirzpur,2010,2017,8
Rabi Sorghum,Uttar Pradesh,Moradabad,2010,2017,8
Rabi Sorghum,Uttar Pradesh,Muzaffarnagar,2010,2017,8
Rabi Sorghum,Uttar Pradesh,Pilibhit,2010,2017,8
Rabi Sorghum,Uttar Pradesh,Pratapgarh,2010,2017,8
Rabi Sorghum,Uttar Pradesh,Rae-Bareily,2010,2017,8
Rabi Sorghum,Uttar Pradesh,Rampur,2010,2017,8
Rabi Sorghum,Uttar Pradesh,Saharanpur,2010,2017,8
Rabi Sorghum,Uttar Pradesh,Shahjahanpur,2010,2017,8
Rabi Sorghum,Uttar Pradesh,Sitapur,2010,2017,8
Rabi Sorghum,Uttar Pradesh,Sultanpur,2010,2017,8
Rabi Sorghum,Uttar Pradesh,Unnao,2010,2017,8
Rabi Sorghum,Uttar Pradesh,Varanasi,2010,2017,8
Rabi Sorghum,Uttarakhand,Almorah,2010,2017,8
Rabi Sorghum,Uttarakhand,Chamoli,2010,2017,8
Rabi Sorghum,Uttarakhand,Dehradun,2010,2017,8
Rabi Sorghum,Uttarakhand,Garhwal,2010,2017,8
Rabi Sorghum,Uttarakhand,Nainital,2010,2017,8
Rabi Sorghum,Uttarakhand,Pithorgarh,2010,2017,8
Rabi Sorghum,Uttarakhand,Tehri Garhwal,2010,2017,8
Rabi Sorghum,Uttarakhand,Uttar Kashi,2010,2017,8
Rabi Sorghum,West Bengal,24 Parganas,2010,2017,8
Rabi Sorghum,West Bengal,Bankura,2010,2017,8
Rabi Sorghum,West Bengal,Birbhum,2010,2017,8
Rabi Sorghum,West Bengal,Burdwan,2010,2017,8
Rabi Sorghum,West Bengal,Cooch Behar,2010,2017,8
Rabi Sorghum,West Bengal,Darjeeling,2010,2017,8
Rabi Sorghum,West Bengal,Hooghly,2010,2017,8
Rabi Sorghum,West Bengal,Howrah,2010,2017,8
Rabi Sorghum,West Bengal,Jalpaiguri,2010,2017,8
Rabi Sorghum,West Bengal,Malda,2010,2017,8
Rabi Sorghum,West Bengal,Midnapur,2010,2017,8
Rabi Sorghum,West Bengal,Murshidabad,2010,2017,8
Rabi Sorghum,West Bengal,Nadia,2010,2017,8
Rabi Sorghum,West Bengal,Purulia,2010,2017,8
Rabi Sorghum,West Bengal,West Dinajpur,2010,2017,8
Rapeseed and Mustard,Andhra Pradesh,Ananthapur,2010,2017,8
Rapeseed and Mustard,Andhra Pradesh,Chittoor,2010,2017,8
Rapeseed and Mustard,Andhra Pradesh,East Godavari,2010,2017,8
Rapeseed and Mustard,Andhra Pradesh,Guntur,2010,2017,8
Rapeseed and Mustard,Andhra Pradesh,Kadapa Ysr,2010,2017,8
Rapeseed and Mustard,Andhra Pradesh,Krishna,2010,2017,8
Rapeseed and Mustard,Andhra Pradesh,Kurnool,2010,2017,8
Rapeseed and Mustard,Andhra Pradesh,S.P.S. Nellore,2010,2017,8
Rapeseed and Mustard,Andhra Pradesh,Srikakulam,2010,2017,8
Rapeseed and Mustard,Andhra Pradesh,Visakhapatnam,2010,2017,8
Rapeseed and Mustard,Andhra Pradesh,West Godavari,2010,2017,8
Rapeseed and Mustard,Assam,Cachar,2010,2017,8
Rapeseed and Mustard,Assam,Darrang,2010,2017,8
Rapeseed and Mustard,Assam,Dibrugarh,2010,2017,8
Rapeseed and Mustard,Assam,Goalpara,2010,2017,8
Rapeseed and Mustard,Assam,Kamrup,2010,2017,8
Rapeseed and Mustard,Assam,Karbi Anglong,2010,2017,8
Rapeseed and Mustard,Assam,Lakhimpur,2010,2017,8
Rapeseed and Mustard,Assam,Nagaon,2010,2017,8
Rapeseed and Mustard,Assam,North Cachar Hil / Dima Hasao,2010,2017,8
Rapeseed and Mustard,Assam,Sibsagar,2010,2017,8
Rapeseed and Mustard,Bihar,Bhagalpur,2010,2017,8
Rapeseed and Mustard,Bihar,Champaran,2010,2017,8
Rapeseed and Mustard,Bihar,Darbhanga,2010,2017,8
Rapeseed and Mustard,Bihar,Gaya,2010,2017,8
Rapeseed and Mustard,Bihar,Mungair,2010,2017,8
Rapeseed and Mustard,Bihar,Muzaffarpur,2010,2017,8
Rapeseed and Mustard,Bihar,Patna,2010,2017,8
Rapeseed and Mustard,Bihar,Purnea,2010,2017,8
Rapeseed and Mustard,Bihar,Saharsa,2010,2017,8
Rapeseed and Mustard,Bihar,Saran,2010,2017,8
Rapeseed and Mustard,Bihar,Shahabad (Now Part Of Bhojpur District),2010,2017,8
Rapeseed and Mustard,Chhattisgarh,Bastar,2010,2017,8
Rapeseed and Mustard,Chhattisgarh,Bilaspur,2010,2017,8
Rapeseed and Mustard,Chhattisgarh,Durg,2010,2017,8
Rapeseed and Mustard,Chhattisgarh,Raigarh,2010,2017,8
Rapeseed and Mustard,Chhattisgarh,Raipur,2010,2017,8
Rapeseed and Mustard,Chhattisgarh,Surguja,2010,2017,8
Rapeseed and Mustard,Gujarat,Ahmedabad,2010,2017,8
Rapeseed and Mustard,Gujarat,Amreli,2010,2017,8
Rapeseed and Mustard,Gujarat,Banaskantha,2010,2017,8
Rapeseed and Mustard,Gujarat,Bharuch,2010,2017,8
Rapeseed and Mustard,Gujarat,Bhavnagar,2010,2017,8
Rapeseed and Mustard,Gujarat,Dangs,2010,2017,8
Rapeseed and Mustard,Gujarat,Jamnagar,2010,2017,8
Rapeseed and Mustard,Gujarat,Junagadh,2010,2017,8
Rapeseed and Mustard,Gujarat,Kheda,2010,2017,8
Rapeseed and Mustard,Gujarat,Kutch,2010,2017,8
Rapeseed and Mustard,Gujarat,Mehsana,2010,2017,8
Rapeseed and Mustard,Gujarat,Panchmahal,2010,2017,8
Rapeseed and Mustard,Gujarat,Rajkot,2010,2017,8
Rapeseed and Mustard,Gujarat,Sabarkantha,2010,2017,8
Rapeseed and Mustard,Gujarat,Surat,2010,2017,8
Rapeseed and Mustard,Gujarat,Surendranagar,2010,2017,8
Rapeseed and Mustard,Gujarat,Vadodara / Baroda,2010,2017,8
Rapeseed and Mustard,Gujarat,Valsad,2010,2017,8
Rapeseed and Mustard,Haryana,Ambala,2010,2017,8
Rapeseed and Mustard,Haryana,Gurgaon,2010,2017,8
Rapeseed and Mustard,Haryana,Hissar,2010,2017,8
Rapeseed and Mustard,Haryana,Jind,2010,2017,8
Rapeseed and Mustard,Haryana,Karnal,2010,2017,8
Rapeseed and Mustard,Haryana,Mahendragarh / Narnaul,2010,2017,8
Rapeseed and Mustard,Haryana,Rohtak,2010,2017,8
Rapeseed and Mustard,Himachal Pradesh,Bilashpur,2010,2017,8
Rapeseed and Mustard,Himachal Pradesh,Chamba,2010,2017,8
Rapeseed and Mustard,Himachal Pradesh,Kangra,2010,2017,8
Rapeseed and Mustard,Himachal Pradesh,Kinnaur,2010,2017,8
Rapeseed and Mustard,Himachal Pradesh,Kullu,2010,2017,8
Rapeseed and Mustard,Himachal Pradesh,Lahul & Spiti,2010,2017,8
Rapeseed and Mustard,Himachal Pradesh,Mandi,2010,2017,8
Rapeseed and Mustard,Himachal Pradesh,Shimla,2010,2017,8
Rapeseed and Mustard,Himachal Pradesh,Sirmaur,2010,2017,8
Rapeseed and Mustard,Himachal Pradesh,Solan,2010,2017,8
Rapeseed and Mustard,Jharkhand,Dhanbad,2010,2017,8
Rapeseed and Mustard,Jharkhand,Hazaribagh,2010,2017,8
Rapeseed and Mustard,Jharkhand,Palamau,2010,2017,8
Rapeseed and Mustard,Jharkhand,Ranchi,2010,2017,8
Rapeseed and Mustard,Jharkhand,Santhal Paragana / Dumka,2010,2017,8
Rapeseed and Mustard,Jharkhand,Singhbhum,2010,2017,8
Rapeseed and Mustard,Karnataka,Bangalore,2010,2017,8
Rapeseed and Mustard,Karnataka,Belgaum,2010,2017,8
Rapeseed and Mustard,Karnataka,Bellary,2010,2017,8
Rapeseed and Mustard,Karnataka,Bidar,2010,2017,8
Rapeseed and Mustard,Karnataka,Bijapur / Vijayapura,2010,2017,8
Rapeseed and Mustard,Karnataka,Chickmagalur,2010,2017,8
Rapeseed and Mustard,Karnataka,Chitradurga,2010,2017,8
Rapeseed and Mustard,Karnataka,Dakshina Kannada,2010,2017,8
Rapeseed and Mustard,Karnataka,Dharwad,2010,2017,8
Rapeseed and Mustard,Karnataka,Gulbarga / Kalaburagi,2010,2017,8
Rapeseed and Mustard,Karnataka,Hassan,2010,2017,8
Rapeseed and Mustard,Karnataka,Kodagu / Coorg,2010,2017,8
Rapeseed and Mustard,Karnataka,Kolar,2010,2017,8
Rapeseed and Mustard,Karnataka,Mandya,2010,2017,8
Rapeseed and Mustard,Karnataka,Mysore,2010,2017,8
Rapeseed and Mustard,Karnataka,Raichur,2010,2017,8
Rapeseed and Mustard,Karnataka,Shimoge,2010,2017,8
Rapeseed and Mustard,Karnataka,Tumkur,2010,2017,8
Rapeseed and Mustard,Karnataka,Uttara Kannada,2010,2017,8
Rapeseed and Mustard,Kerala,Alappuzha,2010,2017,8
Rapeseed and Mustard,Kerala,Eranakulam,2010,2017,8
Rapeseed and Mustard,Kerala,Kannur,2010,2017,8
Rapeseed and Mustard,Kerala,Kollam,2010,2017,8
Rapeseed and Mustard,Kerala,Kottayam,2010,2017,8
Rapeseed and Mustard,Kerala,Kozhikode,2010,2017,8
Rapeseed and Mustard,Kerala,Malappuram,2010,2017,8
Rapeseed and Mustard,Kerala,Palakkad,2010,2017,8
Rapeseed and Mustard,Kerala,Thiruvananthapuram,2010,2017,8
Rapeseed and Mustard,Kerala,Thrissur,2010,2017,8
Rapeseed and Mustard,Madhya Pradesh,Balaghat,2010,2017,8
Rapeseed and Mustard,Madhya Pradesh,Betul,2010,2017,8
Rapeseed and Mustard,Madhya Pradesh,Bhind,2010,2017,8
Rapeseed and Mustard,Madhya Pradesh,Chhatarpur,2010,2017,8
Rapeseed and Mustard,Madhya Pradesh,Chhindwara,2010,2017,8
Rapeseed and Mustard,Madhya Pradesh,Damoh,2010,2017,8
Rapeseed and Mustard,Madhya Pradesh,Datia,2010,2017,8
Rapeseed and Mustard,Madhya Pradesh,Dewas,2010,2017,8
Rapeseed and Mustard,Madhya Pradesh,Dhar,2010,2017,8
Rapeseed and Mustard,Madhya Pradesh,Guna,2010,2017,8
Rapeseed and Mustard,Madhya Pradesh,Gwalior,2010,2017,8
Rapeseed and Mustard,Madhya Pradesh,Hoshangabad,2010,2017,8
Rapeseed and Mustard,Madhya Pradesh,Indore,2010,2017,8
Rapeseed and Mustard,Madhya Pradesh,Jabalpur,2010,2017,8
Rapeseed and Mustard,Madhya Pradesh,Jhabua,2010,2017,8
Rapeseed and Mustard,Madhya Pradesh,Khandwa / East Nimar,2010,2017,8
Rapeseed and Mustard,Madhya Pradesh,Khargone / West Nimar,2010,2017,8
Rapeseed and Mustard,Madhya Pradesh,Mandla,2010,2017,8
Rapeseed and Mustard,Madhya Pradesh,Mandsaur,2010,2017,8
Rapeseed and Mustard,Madhya Pradesh,Morena,2010,2017,8
Rapeseed and Mustard,Madhya Pradesh,Narsinghpur,2010,2017,8
Rapeseed and Mustard,Madhya Pradesh,Panna,2010,2017,8
Rapeseed and Mustard,Madhya Pradesh,Raisen,2010,2017,8
Rapeseed and Mustard,Madhya Pradesh,Rajgarh,2010,2017,8
Rapeseed and Mustard,Madhya Pradesh,Ratlam,2010,2017,8
Rapeseed and Mustard,Madhya Pradesh,Rewa,2010,2016,7
Rapeseed and Mustard,Madhya Pradesh,Sagar,2010,2017,8
Rapeseed and Mustard,Madhya Pradesh,Satna,2010,2017,8
Rapeseed and Mustard,Madhya Pradesh,Sehore,2010,2017,8
Rapeseed and Mustard,Madhya Pradesh,Seoni / Shivani,2010,2017,8
Rapeseed and Mustard,Madhya Pradesh,Shahdol,2010,2017,8
Rapeseed and Mustard,Madhya Pradesh,Shajapur,2010,2017,8
Rapeseed and Mustard,Madhya Pradesh,Shivpuri,2010,2017,8
Rapeseed and Mustard,Madhya Pradesh,Sidhi,2010,2017,8
Rapeseed and Mustard,Madhya Pradesh,Tikamgarh,2010,2017,8
Rapeseed and Mustard,Madhya Pradesh,Ujjain,2010,2017,8
Rapeseed and Mustard,Madhya Pradesh,Vidisha,2010,2017,8
Rapeseed and Mustard,Maharashtra,Ahmednagar,2010,2017,8
Rapeseed and Mustard,Maharashtra,Akola,2010,2017,8
Rapeseed and Mustard,Maharashtra,Amarawati,2010,2017,8
Rapeseed and Mustard,Maharashtra,Aurangabad,2010,2017,8
Rapeseed and Mustard,Maharashtra,Beed,2010,2017,8
Rapeseed and Mustard,Maharashtra,Bhandara,2010,2017,8
Rapeseed and Mustard,Maharashtra,Bombay,2010,2016,4
Rapeseed and Mustard,Maharashtra,Buldhana,2010,2017,8
Rapeseed and Mustard,Maharashtra,Chandrapur,2010,2017,8
Rapeseed and Mustard,Maharashtra,Dhule,2010,2017,8
Rapeseed and Mustard,Maharashtra,Jalgaon,2010,2017,8
Rapeseed and Mustard,Maharashtra,Kolhapur,2010,2017,8
Rapeseed and Mustard,Maharashtra,Nagpur,2010,2017,8
Rapeseed and Mustard,Maharashtra,Nanded,2010,2017,8
Rapeseed and Mustard,Maharashtra,Nasik,2010,2017,8
Rapeseed and Mustard,Maharashtra,Osmanabad,2010,2017,8
Rapeseed and Mustard,Maharashtra,Parbhani,2010,2017,8
Rapeseed and Mustard,Maharashtra,Pune,2010,2017,8
Rapeseed and Mustard,Maharashtra,Raigad,2010,2017,8
Rapeseed and Mustard,Maharashtra,Ratnagiri,2010,2017,8
Rapeseed and Mustard,Maharashtra,Sangli,2010,2017,8
Rapeseed and Mustard,Maharashtra,Satara,2010,2017,8
Rapeseed and Mustard,Maharashtra,Solapur,2010,2017,8
Rapeseed and Mustard,Maharashtra,Thane,2010,2017,8
Rapeseed and Mustard,Maharashtra,Wardha,2010,2017,8
Rapeseed and Mustard,Maharashtra,Yeotmal,2010,2017,8
Rapeseed and Mustard,Orissa,Balasore,2010,2017,8
Rapeseed and Mustard,Orissa,Bolangir,2010,2017,8
Rapeseed and Mustard,Orissa,Cuttack,2010,2017,8
Rapeseed and Mustard,Orissa,Dhenkanal,2010,2017,8
Rapeseed and Mustard,Orissa,Ganjam,2010,2017,8
Rapeseed and Mustard,Orissa,Kalahandi,2010,2017,8
Rapeseed and Mustard,Orissa,Keonjhar,2010,2017,8
Rapeseed and Mustard,Orissa,Koraput,2010,2017,8
Rapeseed and Mustard,Orissa,Mayurbhanja,2010,2017,8
Rapeseed and Mustard,Orissa,Phulbani ( Kandhamal ),2010,2017,8
Rapeseed and Mustard,Orissa,Puri,2010,2017,8
Rapeseed and Mustard,Orissa,Sambalpur,2010,2017,8
Rapeseed and Mustard,Orissa,Sundargarh,2010,2017,8
Rapeseed and Mustard,Punjab,Amritsar,2010,2017,8
Rapeseed and Mustard,Punjab,Bhatinda,2010,2017,8
Rapeseed and Mustard,Punjab,Ferozpur,2010,2017,8
Rapeseed and Mustard,Punjab,Gurdaspur,2010,2017,8
Rapeseed and Mustard,Punjab,Hoshiarpur,2010,2017,8
Rapeseed and Mustard,Punjab,Jalandhar,2010,2017,8
Rapeseed and Mustard,Punjab,Kapurthala,2010,2017,8
Rapeseed and Mustard,Punjab,Ludhiana,2010,2017,8
Rapeseed and Mustard,Punjab,Patiala,2010,2017,8
Rapeseed and Mustard,Punjab,Roopnagar / Ropar,2010,2017,8
Rapeseed and Mustard,Punjab,Sangrur,2010,2016,7
Rapeseed and Mustard,Rajasthan,Ajmer,2010,2017,8
Rapeseed and Mustard,Rajasthan,Alwar,2010,2017,8
Rapeseed and Mustard,Rajasthan,Banswara,2010,2017,8
Rapeseed and Mustard,Rajasthan,Barmer,2010,2017,8
Rapeseed and Mustard,Rajasthan,Bharatpur,2010,2017,8
Rapeseed and Mustard,Rajasthan,Bhilwara,2010,2017,8
Rapeseed and Mustard,Rajasthan,Bikaner,2010,2017,8
Rapeseed and Mustard,Rajasthan,Bundi,2010,2017,8
Rapeseed and Mustard,Rajasthan,Chittorgarh,2010,2017,8
Rapeseed and Mustard,Rajasthan,Churu,2010,2017,8
Rapeseed and Mustard,Rajasthan,Dungarpur,2010,2017,8
Rapeseed and Mustard,Rajasthan,Ganganagar,2010,2017,8
Rapeseed and Mustard,Rajasthan,Jaipur,2010,2017,8
Rapeseed and Mustard,Rajasthan,Jaisalmer,2010,2017,8
Rapeseed and Mustard,Rajasthan,Jalore,2010,2017,8
Rapeseed and Mustard,Rajasthan,Jhalawar,2010,2017,8
Rapeseed and Mustard,Rajasthan,Jhunjhunu,2010,2017,8
Rapeseed and Mustard,Rajasthan,Jodhpur,2010,2017,8
Rapeseed and Mustard,Rajasthan,Kota,2010,2017,8
Rapeseed and Mustard,Rajasthan,Nagaur,2010,2017,8
Rapeseed and Mustard,Rajasthan,Pali,2010,2017,8
Rapeseed and Mustard,Rajasthan,Sikar,2010,2017,8
Rapeseed and Mustard,Rajasthan,Sirohi,2010,2017,8
Rapeseed and Mustard,Rajasthan,Swami Madhopur,2010,2017,8
Rapeseed and Mustard,Rajasthan,Tonk,2010,2017,8
Rapeseed and Mustard,Rajasthan,Udaipur,2010,2017,8
Rapeseed and Mustard,Tamil Nadu,Chengalpattu Mgr / Kanchipuram,2010,2017,8
Rapeseed and Mustard,Tamil Nadu,Coimbatore,2010,2017,8
Rapeseed and Mustard,Tamil Nadu,Kanyakumari,2010,2017,5
Rapeseed and Mustard,Tamil Nadu,Madurai,2010,2017,7
Rapeseed and Mustard,Tamil Nadu,North Arcot / Vellore,2010,2017,7
Rapeseed and Mustard,Tamil Nadu,Ramananthapuram,2010,2017,8
Rapeseed and Mustard,Tamil Nadu,Salem,2010,2016,5
Rapeseed and Mustard,Tamil Nadu,South Arcot / Cuddalore,2010,2017,8
Rapeseed and Mustard,Tamil Nadu,Thanjavur,2010,2017,8
Rapeseed and Mustard,Tamil Nadu,The Nilgiris,2010,2017,7
Rapeseed and Mustard,Tamil Nadu,Thirunelveli,2010,2017,6
Rapeseed and Mustard,Tamil Nadu,Tiruchirapalli / Trichy,2010,2017,6
Rapeseed and Mustard,Telangana,Adilabad,2010,2017,8
Rapeseed and Mustard,Telangana,Hyderabad,2010,2017,8
Rapeseed and Mustard,Telangana,Karimnagar,2010,2017,8
Rapeseed and Mustard,Telangana,Khammam,2010,2017,8
Rapeseed and Mustard,Telangana,Mahabubnagar,2010,2017,8
Rapeseed and Mustard,Telangana,Medak,2010,2017,8
Rapeseed and Mustard,Telangana,Nalgonda,2010,2017,8
Rapeseed and Mustard,Telangana,Nizamabad,2010,2017,8
Rapeseed and Mustard,Telangana,Warangal,2010,2017,8
Rapeseed and Mustard,Uttar Pradesh,Agra,2010,2017,8
Rapeseed and Mustard,Uttar Pradesh,Aligarh,2010,2017,8
Rapeseed and Mustard,Uttar Pradesh,Allahabad,2010,2017,8
Rapeseed and Mustard,Uttar Pradesh,Azamgarh,2010,2017,8
Rapeseed and Mustard,Uttar Pradesh,Bahraich,2010,2017,8
Rapeseed and Mustard,Uttar Pradesh,Ballia,2010,2017,8
Rapeseed and Mustard,Uttar Pradesh,Banda,2010,2017,8
Rapeseed and Mustard,Uttar Pradesh,Barabanki,2010,2017,8
Rapeseed and Mustard,Uttar Pradesh,Bareilly,2010,2017,8
Rapeseed and Mustard,Uttar Pradesh,Basti,2010,2017,8
Rapeseed and Mustard,Uttar Pradesh,Bijnor,2010,2017,8
Rapeseed and Mustard,Uttar Pradesh,Budaun,2010,2017,8
Rapeseed and Mustard,Uttar Pradesh,Buland Shahar,2010,2017,8
Rapeseed and Mustard,Uttar Pradesh,Deoria,2010,2017,8
Rapeseed and Mustard,Uttar Pradesh,Etah,2010,2017,8
Rapeseed and Mustard,Uttar Pradesh,Etawah,2010,2017,8
Rapeseed and Mustard,Uttar Pradesh,Faizabad,2010,2017,8
Rapeseed and Mustard,Uttar Pradesh,Farrukhabad,2010,2017,8
Rapeseed and Mustard,Uttar Pradesh,Fatehpur,2010,2017,8
Rapeseed and Mustard,Uttar Pradesh,Ghazipur,2010,2017,8
Rapeseed and Mustard,Uttar Pradesh,Gonda,2010,2017,8
Rapeseed and Mustard,Uttar Pradesh,Gorakhpur,2010,2017,8
Rapeseed and Mustard,Uttar Pradesh,Hamirpur,2010,2017,8
Rapeseed and Mustard,Uttar Pradesh,Hardoi,2010,2017,8
Rapeseed and Mustard,Uttar Pradesh,Jalaun,2010,2017,8
Rapeseed and Mustard,Uttar Pradesh,Jaunpur,2010,2017,8
Rapeseed and Mustard,Uttar Pradesh,Jhansi,2010,2017,8
Rapeseed and Mustard,Uttar Pradesh,Kanpur,2010,2017,8
Rapeseed and Mustard,Uttar Pradesh,Kheri,2010,2017,8
Rapeseed and Mustard,Uttar Pradesh,Lucknow,2010,2017,8
Rapeseed and Mustard,Uttar Pradesh,Mainpuri,2010,2017,8
Rapeseed and Mustard,Uttar Pradesh,Mathura,2010,2017,8
Rapeseed and Mustard,Uttar Pradesh,Meerut,2010,2017,8
Rapeseed and Mustard,Uttar Pradesh,Mirzpur,2010,2017,8
Rapeseed and Mustard,Uttar Pradesh,Moradabad,2010,2017,8
Rapeseed and Mustard,Uttar Pradesh,Muzaffarnagar,2010,2017,8
Rapeseed and Mustard,Uttar Pradesh,Pilibhit,2010,2017,8
Rapeseed and Mustard,Uttar Pradesh,Pratapgarh,2010,2017,8
Rapeseed and Mustard,Uttar Pradesh,Rae-Bareily,2010,2017,8
Rapeseed and Mustard,Uttar Pradesh,Rampur,2010,2017,8
Rapeseed and Mustard,Uttar Pradesh,Saharanpur,2010,2017,8
Rapeseed and Mustard,Uttar Pradesh,Shahjahanpur,2010,2017,8
Rapeseed and Mustard,Uttar Pradesh,Sitapur,2010,2017,8
Rapeseed and Mustard,Uttar Pradesh,Sultanpur,2010,2017,8
Rapeseed and Mustard,Uttar Pradesh,Unnao,2010,2017,8
Rapeseed and Mustard,Uttar Pradesh,Varanasi,2010,2017,8
Rapeseed and Mustard,Uttarakhand,Almorah,2010,2017,8
Rapeseed and Mustard,Uttarakhand,Chamoli,2010,2017,8
Rapeseed and Mustard,Uttarakhand,Dehradun,2010,2017,8
Rapeseed and Mustard,Uttarakhand,Garhwal,2010,2017,8
Rapeseed and Mustard,Uttarakhand,Nainital,2010,2017,8
Rapeseed and Mustard,Uttarakhand,Pithorgarh,2010,2017,8
Rapeseed and Mustard,Uttarakhand,Tehri Garhwal,2010,2017,8
Rapeseed and Mustard,Uttarakhand,Uttar Kashi,2010,2017,8
Rapeseed and Mustard,West Bengal,24 Parganas,2010,2017,8
Rapeseed and Mustard,West Bengal,Bankura,2010,2017,8
Rapeseed and Mustard,West Bengal,Birbhum,2010,2017,8
Rapeseed and Mustard,West Bengal,Burdwan,2010,2017,8
Rapeseed and Mustard,West Bengal,Cooch Behar,2010,2017,8
Rapeseed and Mustard,West Bengal,Darjeeling,2010,2017,8
Rapeseed and Mustard,West Bengal,Hooghly,2010,2017,8
Rapeseed and Mustard,West Bengal,Howrah,2010,2017,8
Rapeseed and Mustard,West Bengal,Jalpaiguri,2010,2017,8
Rapeseed and Mustard,West Bengal,Malda,2010,2017,8
Rapeseed and Mustard,West Bengal,Midnapur,2010,2017,8
Rapeseed and Mustard,West Bengal,Murshidabad,2010,2017,8
Rapeseed and Mustard,West Bengal,Nadia,2010,2017,8
Rapeseed and Mustard,West Bengal,Purulia,2010,2017,8
Rapeseed and Mustard,West Bengal,West Dinajpur,2010,2017,8
Rice,Andhra Pradesh,Ananthapur,2010,2017,8
Rice,Andhra Pradesh,Chittoor,2010,2017,8
Rice,Andhra Pradesh,East Godavari,2010,2017,8
Rice,Andhra Pradesh,Guntur,2010,2017,8
Rice,Andhra Pradesh,Kadapa Ysr,2010,2017,8
Rice,Andhra Pradesh,Krishna,2010,2017,8
Rice,Andhra Pradesh,Kurnool,2010,2017,8
Rice,Andhra Pradesh,S.P.S. Nellore,2010,2017,8
Rice,Andhra Pradesh,Srikakulam,2010,2017,8
Rice,Andhra Pradesh,Visakhapatnam,2010,2017,8
Rice,Andhra Pradesh,West Godavari,2010,2017,8
Rice,Assam,Cachar,2010,2017,8
Rice,Assam,Darrang,2010,2017,8
Rice,Assam,Dibrugarh,2010,2017,8
Rice,Assam,Goalpara,2010,2017,8
Rice,Assam,Kamrup,2010,2017,8
Rice,Assam,Karbi Anglong,2010,2017,8
Rice,Assam,Lakhimpur,2010,2017,8
Rice,Assam,Nagaon,2010,2017,8
Rice,Assam,North Cachar Hil / Dima Hasao,2010,2017,8
Rice,Assam,Sibsagar,2010,2017,8
Rice,Bihar,Bhagalpur,2010,2017,8
Rice,Bihar,Champaran,2010,2017,8
Rice,Bihar,Darbhanga,2010,2017,8
Rice,Bihar,Gaya,2010,2017,8
Rice,Bihar,Mungair,2010,2017,8
Rice,Bihar,Muzaffarpur,2010,2017,8
Rice,Bihar,Patna,2010,2017,8
Rice,Bihar,Purnea,2010,2017,8
Rice,Bihar,Saharsa,2010,2017,8
Rice,Bihar,Saran,2010,2017,8
Rice,Bihar,Shahabad (Now Part Of Bhojpur District),2010,2017,8
Rice,Chhattisgarh,Bastar,2010,2017,8
Rice,Chhattisgarh,Bilaspur,2010,2017,8
Rice,Chhattisgarh,Durg,2010,2017,8
Rice,Chhattisgarh,Raigarh,2010,2017,8
Rice,Chhattisgarh,Raipur,2010,2017,8
Rice,Chhattisgarh,Surguja,2010,2017,8
Rice,Gujarat,Ahmedabad,2010,2017,8
Rice,Gujarat,Amreli,2010,2017,8
Rice,Gujarat,Banaskantha,2010,2017,8
Rice,Gujarat,Bharuch,2010,2017,8
Rice,Gujarat,Bhavnagar,2010,2017,8
Rice,Gujarat,Dangs,2010,2017,8
Rice,Gujarat,Jamnagar,2010,2017,8
Rice,Gujarat,Junagadh,2010,2017,8
Rice,Gujarat,Kheda,2010,2017,8
Rice,Gujarat,Kutch,2010,2017,8
Rice,Gujarat,Mehsana,2010,2017,8
Rice,Gujarat,Panchmahal,2010,2017,8
Rice,Gujarat,Rajkot,2010,2017,8
Rice,Gujarat,Sabarkantha,2010,2017,8
Rice,Gujarat,Surat,2010,2017,8
Rice,Gujarat,Surendranagar,2010,2017,8
Rice,Gujarat,Vadodara / Baroda,2010,2017,8
Rice,Gujarat,Valsad,2010,2017,8
Rice,Haryana,Ambala,2010,2017,8
Rice,Haryana,Gurgaon,2010,2017,8
Rice,Haryana,Hissar,2010,2017,8
Rice,Haryana,Jind,2010,2017,8
Rice,Haryana,Karnal,2010,2017,8
Rice,Haryana,Mahendragarh / Narnaul,2010,2017,8
Rice,Haryana,Rohtak,2010,2017,8
Rice,Himachal Pradesh,Bilashpur,2010,2017,8
Rice,Himachal Pradesh,Chamba,2010,2017,8
Rice,Himachal Pradesh,Kangra,2010,2017,8
Rice,Himachal Pradesh,Kinnaur,2010,2017,8
Rice,Himachal Pradesh,Kullu,2010,2017,8
Rice,Himachal Pradesh,Lahul & Spiti,2010,2017,8
Rice,Himachal Pradesh,Mandi,2010,2017,8
Rice,Himachal Pradesh,Shimla,2010,2017,8
Rice,Himachal Pradesh,Sirmaur,2010,2017,8
Rice,Himachal Pradesh,Solan,2010,2017,8
Rice,Jharkhand,Dhanbad,2010,2017,8
Rice,Jharkhand,Hazaribagh,2010,2017,8
Rice,Jharkhand,Palamau,2010,2017,8
Rice,Jharkhand,Ranchi,2010,2017,8
Rice,Jharkhand,Santhal Paragana / Dumka,2010,2017,8
Rice,Jharkhand,Singhbhum,2010,2017,8
Rice,Karnataka,Bangalore,2010,2017,8
Rice,Karnataka,Belgaum,2010,2017,8
Rice,Karnataka,Bellary,2010,2017,8
Rice,Karnataka,Bidar,2010,2017,8
Rice,Karnataka,Bijapur / Vijayapura,2010,2017,8
Rice,Karnataka,Chickmagalur,2010,2017,8
Rice,Karnataka,Chitradurga,2010,2017,8
Rice,Karnataka,Dakshina Kannada,2010,2017,8
Rice,Karnataka,Dharwad,2010,2017,8
Rice,Karnataka,Gulbarga / Kalaburagi,2010,2017,8
Rice,Karnataka,Hassan,2010,2017,8
Rice,Karnataka,Kodagu / Coorg,2010,2017,8
Rice,Karnataka,Kolar,2010,2017,8
Rice,Karnataka,Mandya,2010,2017,8
Rice,Karnataka,Mysore,2010,2017,8
Rice,Karnataka,Raichur,2010,2017,8
Rice,Karnataka,Shimoge,2010,2017,8
Rice,Karnataka,Tumkur,2010,2017,8
Rice,Karnataka,Uttara Kannada,2010,2017,8
Rice,Kerala,Alappuzha,2010,2017,8
Rice,Kerala,Eranakulam,2010,2017,8
Rice,Kerala,Kannur,2010,2017,8
Rice,Kerala,Kollam,2010,2017,8
Rice,Kerala,Kottayam,2010,2017,8
Rice,Kerala,Kozhikode,2010,2017,8
Rice,Kerala,Malappuram,2010,2017,8
Rice,Kerala,Palakkad,2010,2017,8
Rice,Kerala,Thiruvananthapuram,2010,2017,8
Rice,Kerala,Thrissur,2010,2017,8
Rice,Madhya Pradesh,Balaghat,2010,2017,8
Rice,Madhya Pradesh,Betul,2010,2017,8
Rice,Madhya Pradesh,Bhind,2010,2017,8
Rice,Madhya Pradesh,Chhatarpur,2010,2017,8
Rice,Madhya Pradesh,Chhindwara,2010,2017,8
Rice,Madhya Pradesh,Damoh,2010,2017,8
Rice,Madhya Pradesh,Datia,2010,2017,8
Rice,Madhya Pradesh,Dewas,2010,2017,8
Rice,Madhya Pradesh,Dhar,2010,2017,8
Rice,Madhya Pradesh,Guna,2010,2017,8
Rice,Madhya Pradesh,Gwalior,2010,2017,8
Rice,Madhya Pradesh,Hoshangabad,2010,2017,8
Rice,Madhya Pradesh,Indore,2010,2017,8
Rice,Madhya Pradesh,Jabalpur,2010,2017,8
Rice,Madhya Pradesh,Jhabua,2010,2017,8
Rice,Madhya Pradesh,Khandwa / East Nimar,2010,2017,8
Rice,Madhya Pradesh,Khargone / West Nimar,2010,2017,8
Rice,Madhya Pradesh,Mandla,2010,2017,8
Rice,Madhya Pradesh,Mandsaur,2010,2017,8
Rice,Madhya Pradesh,Morena,2010,2017,8
Rice,Madhya Pradesh,Narsinghpur,2010,2017,8
Rice,Madhya Pradesh,Panna,2010,2017,8
Rice,Madhya Pradesh,Raisen,2010,2017,8
Rice,Madhya Pradesh,Rajgarh,2010,2017,8
Rice,Madhya Pradesh,Ratlam,2010,2017,8
Rice,Madhya Pradesh,Rewa,2010,2016,7
Rice,Madhya Pradesh,Sagar,2010,2017,8
Rice,Madhya Pradesh,Satna,2010,2017,8
Rice,Madhya Pradesh,Sehore,2010,2017,8
Rice,Madhya Pradesh,Seoni / Shivani,2010,2017,8
Rice,Madhya Pradesh,Shahdol,2010,2017,8
Rice,Madhya Pradesh,Shajapur,2010,2017,8
Rice,Madhya Pradesh,Shivpuri,2010,2017,8
Rice,Madhya Pradesh,Sidhi,2010,2017,8
Rice,Madhya Pradesh,Tikamgarh,2010,2017,8
Rice,Madhya Pradesh,Ujjain,2010,2017,8
Rice,Madhya Pradesh,Vidisha,2010,2017,8
Rice,Maharashtra,Ahmednagar,2010,2017,8
Rice,Maharashtra,Akola,2010,2017,8
Rice,Maharashtra,Amarawati,2010,2017,8
Rice,Maharashtra,Aurangabad,2010,2017,8
Rice,Maharashtra,Beed,2010,2017,8
Rice,Maharashtra,Bhandara,2010,2017,8
Rice,Maharashtra,Bombay,2010,2016,4
Rice,Maharashtra,Buldhana,2010,2017,8
Rice,Maharashtra,Chandrapur,2010,2017,8
Rice,Maharashtra,Dhule,2010,2017,8
Rice,Maharashtra,Jalgaon,2010,2017,8
Rice,Maharashtra,Kolhapur,2010,2017,8
Rice,Maharashtra,Nagpur,2010,2017,8
Rice,Maharashtra,Nanded,2010,2017,8
Rice,Maharashtra,Nasik,2010,2017,8
Rice,Maharashtra,Osmanabad,2010,2017,8
Rice,Maharashtra,Parbhani,2010,2017,8
Rice,Maharashtra,Pune,2010,2017,8
Rice,Maharashtra,Raigad,2010,2017,8
Rice,Maharashtra,Ratnagiri,2010,2017,8
Rice,Maharashtra,Sangli,2010,2017,8
Rice,Maharashtra,Satara,2010,2017,8
Rice,Maharashtra,Solapur,2010,2017,8
Rice,Maharashtra,Thane,2010,2017,8
Rice,Maharashtra,Wardha,2010,2017,8
Rice,Maharashtra,Yeotmal,2010,2017,8
Rice,Orissa,Balasore,2010,2017,8
Rice,Orissa,Bolangir,2010,2017,8
Rice,Orissa,Cuttack,2010,2017,8
Rice,Orissa,Dhenkanal,2010,2017,8
Rice,Orissa,Ganjam,2010,2017,8
Rice,Orissa,Kalahandi,2010,2017,8
Rice,Orissa,Keonjhar,2010,2017,8
Rice,Orissa,Koraput,2010,2017,8
Rice,Orissa,Mayurbhanja,2010,2017,8
Rice,Orissa,Phulbani ( Kandhamal ),2010,2017,8
Rice,Orissa,Puri,2010,2017,8
Rice,Orissa,Sambalpur,2010,2017,8
Rice,Orissa,Sundargarh,2010,2017,8
Rice,Punjab,Amritsar,2010,2017,8
Rice,Punjab,Bhatinda,2010,2017,8
Rice,Punjab,Ferozpur,2010,2017,8
Rice,Punjab,Gurdaspur,2010,2017,8
Rice,Punjab,Hoshiarpur,2010,2017,8
Rice,Punjab,Jalandhar,2010,2017,8
Rice,Punjab,Kapurthala,2010,2017,8
Rice,Punjab,Ludhiana,2010,2017,8
Rice,Punjab,Patiala,2010,2017,8
Rice,Punjab,Roopnagar / Ropar,2010,2017,8
Rice,Punjab,Sangrur,2010,2016,7
Rice,Rajasthan,Ajmer,2010,2017,8
Rice,Rajasthan,Alwar,2010,2017,8
Rice,Rajasthan,Banswara,2010,2017,8
Rice,Rajasthan,Barmer,2010,2017,8
Rice,Rajasthan,Bharatpur,2010,2017,8
Rice,Rajasthan,Bhilwara,2010,2017,8
Rice,Rajasthan,Bikaner,2010,2017,8
Rice,Rajasthan,Bundi,2010,2017,8
Rice,Rajasthan,Chittorgarh,2010,2017,8
Rice,Rajasthan,Churu,2010,2017,8
Rice,Rajasthan,Dungarpur,2010,2017,8
Rice,Rajasthan,Ganganagar,2010,2017,8
Rice,Rajasthan,Jaipur,2010,2017,8
Rice,Rajasthan,Jaisalmer,2010,2017,8
Rice,Rajasthan,Jalore,2010,2017,8
Rice,Rajasthan,Jhalawar,2010,2017,8
Rice,Rajasthan,Jhunjhunu,2010,2017,8
Rice,Rajasthan,Jodhpur,2010,2017,8
Rice,Rajasthan,Kota,2010,2017,8
Rice,Rajasthan,Nagaur,2010,2017,8
Rice,Rajasthan,Pali,2010,2017,8
Rice,Rajasthan,Sikar,2010,2017,8
Rice,Rajasthan,Sirohi,2010,2017,8
Rice,Rajasthan,Swami Madhopur,2010,2017,8
Rice,Rajasthan,Tonk,2010,2017,8
Rice,Rajasthan,Udaipur,2010,2017,8
Rice,Tamil Nadu,Chengalpattu Mgr / Kanchipuram,2010,2017,8
Rice,Tamil Nadu,Coimbatore,2010,2017,8
Rice,Tamil Nadu,Kanyakumari,2010,2017,5
Rice,Tamil Nadu,Madurai,2010,2017,7
Rice,Tamil Nadu,North Arcot / Vellore,2010,2017,7
Rice,Tamil Nadu,Ramananthapuram,2010,2017,8
Rice,Tamil Nadu,Salem,2010,2016,5
Rice,Tamil Nadu,South Arcot / Cuddalore,2010,2017,8
Rice,Tamil Nadu,Thanjavur,2010,2017,8
Rice,Tamil Nadu,The Nilgiris,2010,2017,7
Rice,Tamil Nadu,Thirunelveli,2010,2017,6
Rice,Tamil Nadu,Tiruchirapalli / Trichy,2010,2017,6
Rice,Telangana,Adilabad,2010,2017,8
Rice,Telangana,Hyderabad,2010,2017,8
Rice,Telangana,Karimnagar,2010,2017,8
Rice,Telangana,Khammam,2010,2017,8
Rice,Telangana,Mahabubnagar,2010,2017,8
Rice,Telangana,Medak,2010,2017,8
Rice,Telangana,Nalgonda,2010,2017,8
Rice,Telangana,Nizamabad,2010,2017,8
Rice,Telangana,Warangal,2010,2017,8
Rice,Uttar Pradesh,Agra,2010,2017,8
Rice,Uttar Pradesh,Aligarh,2010,2017,8
Rice,Uttar Pradesh,Allahabad,2010,2017,8
Rice,Uttar Pradesh,Azamgarh,2010,2017,8
Rice,Uttar Pradesh,Bahraich,2010,2017,8
Rice,Uttar Pradesh,Ballia,2010,2017,8
Rice,Uttar Pradesh,Banda,2010,2017,8
Rice,Uttar Pradesh,Barabanki,2010,2017,8
Rice,Uttar Pradesh,Bareilly,2010,2017,8
Rice,Uttar Pradesh,Basti,2010,2017,8
Rice,Uttar Pradesh,Bijnor,2010,2017,8
Rice,Uttar Pradesh,Budaun,2010,2017,8
Rice,Uttar Pradesh,Buland Shahar,2010,2017,8
Rice,Uttar Pradesh,Deoria,2010,2017,8
Rice,Uttar Pradesh,Etah,2010,2017,8
Rice,Uttar Pradesh,Etawah,2010,2017,8
Rice,Uttar Pradesh,Faizabad,2010,2017,8
Rice,Uttar Pradesh,Farrukhabad,2010,2017,8
Rice,Uttar Pradesh,Fatehpur,2010,2017,8
Rice,Uttar Pradesh,Ghazipur,2010,2017,8
Rice,Uttar Pradesh,Gonda,2010,2017,8
Rice,Uttar Pradesh,Gorakhpur,2010,2017,8
Rice,Uttar Pradesh,Hamirpur,2010,2017,8
Rice,Uttar Pradesh,Hardoi,2010,2017,8
Rice,Uttar Pradesh,Jalaun,2010,2017,8
Rice,Uttar Pradesh,Jaunpur,2010,2017,8
Rice,Uttar Pradesh,Jhansi,2010,2017,8
Rice,Uttar Pradesh,Kanpur,2010,2017,8
Rice,Uttar Pradesh,Kheri,2010,2017,8
Rice,Uttar Pradesh,Lucknow,2010,2017,8
Rice,Uttar Pradesh,Mainpuri,2010,2017,8
Rice,Uttar Pradesh,Mathura,2010,2017,8
Rice,Uttar Pradesh,Meerut,2010,2017,8
Rice,Uttar Pradesh,Mirzpur,2010,2017,8
Rice,Uttar Pradesh,Moradabad,2010,2017,8
Rice,Uttar Pradesh,Muzaffarnagar,2010,2017,8
Rice,Uttar Pradesh,Pilibhit,2010,2017,8
Rice,Uttar Pradesh,Pratapgarh,2010,2017,8
Rice,Uttar Pradesh,Rae-Bareily,2010,2017,8
Rice,Uttar Pradesh,Rampur,2010,2017,8
Rice,Uttar Pradesh,Saharanpur,2010,2017,8
Rice,Uttar Pradesh,Shahjahanpur,2010,2017,8
Rice,Uttar Pradesh,Sitapur,2010,2017,8
Rice,Uttar Pradesh,Sultanpur,2010,2017,8
Rice,Uttar Pradesh,Unnao,2010,2017,8
Rice,Uttar Pradesh,Varanasi,2010,2017,8
Rice,Uttarakhand,Almorah,2010,2017,8
Rice,Uttarakhand,Chamoli,2010,2017,8
Rice,Uttarakhand,Dehradun,2010,2017,8
Rice,Uttarakhand,Garhwal,2010,2017,8
Rice,Uttarakhand,Nainital,2010,2017,8
Rice,Uttarakhand,Pithorgarh,2010,2017,8
Rice,Uttarakhand,Tehri Garhwal,2010,2017,8
Rice,Uttarakhand,Uttar Kashi,2010,2017,8
Rice,West Bengal,24 Parganas,2010,2017,8
Rice,West Bengal,Bankura,2010,2017,8
Rice,West Bengal,Birbhum,2010,2017,8
Rice,West Bengal,Burdwan,2010,2017,8
Rice,West Bengal,Cooch Behar,2010,2017,8
Rice,West Bengal,Darjeeling,2010,2017,8
Rice,West Bengal,Hooghly,2010,2017,8
Rice,West Bengal,Howrah,2010,2017,8
Rice,West Bengal,Jalpaiguri,2010,2017,8
Rice,West Bengal,Malda,2010,2017,8
Rice,West Bengal,Midnapur,2010,2017,8
Rice,West Bengal,Murshidabad,2010,2017,8
Rice,West Bengal,Nadia,2010,2017,8
Rice,West Bengal,Purulia,2010,2017,8
Rice,West Bengal,West Dinajpur,2010,2017,8
Safflower,Andhra Pradesh,Ananthapur,2010,2017,8
Safflower,Andhra Pradesh,Chittoor,2010,2017,8
Safflower,Andhra Pradesh,East Godavari,2010,2017,8
Safflower,Andhra Pradesh,Guntur,2010,2017,8
Safflower,Andhra Pradesh,Kadapa Ysr,2010,2017,8
Safflower,Andhra Pradesh,Krishna,2010,2017,8
Safflower,Andhra Pradesh,Kurnool,2010,2017,8
Safflower,Andhra Pradesh,S.P.S. Nellore,2010,2017,8
Safflower,Andhra Pradesh,Srikakulam,2010,2017,8
Safflower,Andhra Pradesh,Visakhapatnam,2010,2017,8
Safflower,Andhra Pradesh,West Godavari,2010,2017,8
Safflower,Assam,Cachar,2010,2017,8
Safflower,Assam,Darrang,2010,2017,8
Safflower,Assam,Dibrugarh,2010,2017,8
Safflower,Assam,Goalpara,2010,2017,8
Safflower,Assam,Kamrup,2010,2017,8
Safflower,Assam,Karbi Anglong,2010,2017,8
Safflower,Assam,Lakhimpur,2010,2017,8
Safflower,Assam,Nagaon,2010,2017,8
Safflower,Assam,North Cachar Hil / Dima Hasao,2010,2017,8
Safflower,Assam,Sibsagar,2010,2017,8
Safflower,Bihar,Bhagalpur,2010,2017,8
Safflower,Bihar,Champaran,2010,2017,8
Safflower,Bihar,Darbhanga,2010,2017,8
Safflower,Bihar,Gaya,2010,2017,8
Safflower,Bihar,Mungair,2010,2017,8
Safflower,Bihar,Muzaffarpur,2010,2017,8
Safflower,Bihar,Patna,2010,2017,8
Safflower,Bihar,Purnea,2010,2017,8
Safflower,Bihar,Saharsa,2010,2017,8
Safflower,Bihar,Saran,2010,2017,8
Safflower,Bihar,Shahabad (Now Part Of Bhojpur District),2010,2017,8
Safflower,Chhattisgarh,Bastar,2010,2017,8
Safflower,Chhattisgarh,Bilaspur,2010,2017,8
Safflower,Chhattisgarh,Durg,2010,2017,8
Safflower,Chhattisgarh,Raigarh,2010,2017,8
Safflower,Chhattisgarh,Raipur,2010,2017,8
Safflower,Chhattisgarh,Surguja,2010,2017,8
Safflower,Gujarat,Ahmedabad,2010,2017,8
Safflower,Gujarat,Amreli,2010,2017,8
Safflower,Gujarat,Banaskantha,2010,2017,8
Safflower,Gujarat,Bharuch,2010,2017,8
Safflower,Gujarat,Bhavnagar,2010,2017,8
Safflower,Gujarat,Dangs,2010,2017,8
Safflower,Gujarat,Jamnagar,2010,2017,8
Safflower,Gujarat,Junagadh,2010,2017,8
Safflower,Gujarat,Kheda,2010,2017,8
Safflower,Gujarat,Kutch,2010,2017,8
Safflower,Gujarat,Mehsana,2010,2017,8
Safflower,Gujarat,Panchmahal,2010,2017,8
Safflower,Gujarat,Rajkot,2010,2017,8
Safflower,Gujarat,Sabarkantha,2010,2017,8
Safflower,Gujarat,Surat,2010,2017,8
Safflower,Gujarat,Surendranagar,2010,2017,8
Safflower,Gujarat,Vadodara / Baroda,2010,2017,8
Safflower,Gujarat,Valsad,2010,2017,8
Safflower,Haryana,Ambala,2010,2017,8
Safflower,Haryana,Gurgaon,2010,2017,8
Safflower,Haryana,Hissar,2010,2017,8
Safflower,Haryana,Jind,2010,2017,8
Safflower,Haryana,Karnal,2010,2017,8
Safflower,Haryana,Mahendragarh / Narnaul,2010,2017,8
Safflower,Haryana,Rohtak,2010,2017,8
Safflower,Himachal Pradesh,Bilashpur,2010,2017,8
Safflower,Himachal Pradesh,Chamba,2010,2017,8
Safflower,Himachal Pradesh,Kangra,2010,2017,8
Safflower,Himachal Pradesh,Kinnaur,2010,2017,8
Safflower,Himachal Pradesh,Kullu,2010,2017,8
Safflower,Himachal Pradesh,Lahul & Spiti,2010,2017,8
Safflower,Himachal Pradesh,Mandi,2010,2017,8
Safflower,Himachal Pradesh,Shimla,2010,2017,8
Safflower,Himachal Pradesh,Sirmaur,2010,2017,8
Safflower,Himachal Pradesh,Solan,2010,2017,8
Safflower,Jharkhand,Dhanbad,2010,2017,8
Safflower,Jharkhand,Hazaribagh,2010,2017,8
Safflower,Jharkhand,Palamau,2010,2017,8
Safflower,Jharkhand,Ranchi,2010,2017,8
Safflower,Jharkhand,Santhal Paragana / Dumka,2010,2017,8
Safflower,Jharkhand,Singhbhum,2010,2017,8
Safflower,Karnataka,Bangalore,2010,2017,8
Safflower,Karnataka,Belgaum,2010,2017,8
Safflower,Karnataka,Bellary,2010,2017,8
Safflower,Karnataka,Bidar,2010,2017,8
Safflower,Karnataka,Bijapur / Vijayapura,2010,2017,8
Safflower,Karnataka,Chickmagalur,2010,2017,8
Safflower,Karnataka,Chitradurga,2010,2017,8
Safflower,Karnataka,Dakshina Kannada,2010,2017,8
Safflower,Karnataka,Dharwad,2010,2017,8
Safflower,Karnataka,Gulbarga / Kalaburagi,2010,2017,8
Safflower,Karnataka,Hassan,2010,2017,8
Safflower,Karnataka,Kodagu / Coorg,2010,2017,8
Safflower,Karnataka,Kolar,2010,2017,8
Safflower,Karnataka,Mandya,2010,2017,8
Safflower,Karnataka,Mysore,2010,2017,8
Safflower,Karnataka,Raichur,2010,2017,8
Safflower,Karnataka,Shimoge,2010,2017,8
Safflower,Karnataka,Tumkur,2010,2017,8
Safflower,Karnataka,Uttara Kannada,2010,2017,8
Safflower,Kerala,Alappuzha,2010,2017,8
Safflower,Kerala,Eranakulam,2010,2017,8
Safflower,Kerala,Kannur,2010,2017,8
Safflower,Kerala,Kollam,2010,2017,8
Safflower,Kerala,Kottayam,2010,2017,8
Safflower,Kerala,Kozhikode,2010,2017,8
Safflower,Kerala,Malappuram,2010,2017,8
Safflower,Kerala,Palakkad,2010,2017,8
Safflower,Kerala,Thiruvananthapuram,2010,2017,8
Safflower,Kerala,Thrissur,2010,2017,8
Safflower,Madhya Pradesh,Balaghat,2010,2017,8
Safflower,Madhya Pradesh,Betul,2010,2017,8
Safflower,Madhya Pradesh,Bhind,2010,2017,8
Safflower,Madhya Pradesh,Chhatarpur,2010,2017,8
Safflower,Madhya Pradesh,Chhindwara,2010,2017,8
Safflower,Madhya Pradesh,Damoh,2010,2017,8
Safflower,Madhya Pradesh,Datia,2010,2017,8
Safflower,Madhya Pradesh,Dewas,2010,2017,8
Safflower,Madhya Pradesh,Dhar,2010,2017,8
Safflower,Madhya Pradesh,Guna,2010,2017,8
Safflower,Madhya Pradesh,Gwalior,2010,2017,8
Safflower,Madhya Pradesh,Hoshangabad,2010,2017,8
Safflower,Madhya Pradesh,Indore,2010,2017,8
Safflower,Madhya Pradesh,Jabalpur,2010,2017,8
Safflower,Madhya Pradesh,Jhabua,2010,2017,8
Safflower,Madhya Pradesh,Khandwa / East Nimar,2010,2017,8
Safflower,Madhya Pradesh,Khargone / West Nimar,2010,2017,8
Safflower,Madhya Pradesh,Mandla,2010,2017,8
Safflower,Madhya Pradesh,Mandsaur,2010,2017,8
Safflower,Madhya Pradesh,Morena,2010,2017,8
Safflower,Madhya Pradesh,Narsinghpur,2010,2017,8
Safflower,Madhya Pradesh,Panna,2010,2017,8
Safflower,Madhya Pradesh,Raisen,2010,2017,8
Safflower,Madhya Pradesh,Rajgarh,2010,2017,8
Safflower,Madhya Pradesh,Ratlam,2010,2017,8
Safflower,Madhya Pradesh,Rewa,2010,2016,7
Safflower,Madhya Pradesh,Sagar,2010,2017,8
Safflower,Madhya Pradesh,Satna,2010,2017,8
Safflower,Madhya Pradesh,Sehore,2010,2017,8
Safflower,Madhya Pradesh,Seoni / Shivani,2010,2017,8
Safflower,Madhya Pradesh,Shahdol,2010,2017,8
Safflower,Madhya Pradesh,Shajapur,2010,2017,8
Safflower,Madhya Pradesh,Shivpuri,2010,2017,8
Safflower,Madhya Pradesh,Sidhi,2010,2017,8
Safflower,Madhya Pradesh,Tikamgarh,2010,2017,8
Safflower,Madhya Pradesh,Ujjain,2010,2017,8
Safflower,Madhya Pradesh,Vidisha,2010,2017,8
Safflower,Maharashtra,Ahmednagar,2010,2017,8
Safflower,Maharashtra,Akola,2010,2017,8
Safflower,Maharashtra,Amarawati,2010,2017,8
Safflower,Maharashtra,Aurangabad,2010,2017,8
Safflower,Maharashtra,Beed,2010,2017,8
Safflower,Maharashtra,Bhandara,2010,2017,8
Safflower,Maharashtra,Bombay,2010,2016,4
Safflower,Maharashtra,Buldhana,2010,2017,8
Safflower,Maharashtra,Chandrapur,2010,2017,8
Safflower,Maharashtra,Dhule,2010,2017,8
Safflower,Maharashtra,Jalgaon,2010,2017,8
Safflower,Maharashtra,Kolhapur,2010,2017,8
Safflower,Maharashtra,Nagpur,2010,2017,8
Safflower,Maharashtra,Nanded,2010,2017,8
Safflower,Maharashtra,Nasik,2010,2017,8
Safflower,Maharashtra,Osmanabad,2010,2017,8
Safflower,Maharashtra,Parbhani,2010,2017,8
Safflower,Maharashtra,Pune,2010,2017,8
Safflower,Maharashtra,Raigad,2010,2017,8
Safflower,Maharashtra,Ratnagiri,2010,2017,8
Safflower,Maharashtra,Sangli,2010,2017,8
Safflower,Maharashtra,Satara,2010,2017,8
Safflower,Maharashtra,Solapur,2010,2017,8
Safflower,Maharashtra,Thane,2010,2017,8
Safflower,Maharashtra,Wardha,2010,2017,8
Safflower,Maharashtra,Yeotmal,2010,2017,8
Safflower,Orissa,Balasore,2010,2017,8
Safflower,Orissa,Bolangir,2010,2017,8
Safflower,Orissa,Cuttack,2010,2017,8
Safflower,Orissa,Dhenkanal,2010,2017,8
Safflower,Orissa,Ganjam,2010,2017,8
Safflower,Orissa,Kalahandi,2010,2017,8
Safflower,Orissa,Keonjhar,2010,2017,8
Safflower,Orissa,Koraput,2010,2017,8
Safflower,Orissa,Mayurbhanja,2010,2017,8
Safflower,Orissa,Phulbani ( Kandhamal ),2010,2017,8
Safflower,Orissa,Puri,2010,2017,8
Safflower,Orissa,Sambalpur,2010,2017,8
Safflower,Orissa,Sundargarh,2010,2017,8
Safflower,Punjab,Amritsar,2010,2017,8
Safflower,Punjab,Bhatinda,2010,2017,8
Safflower,Punjab,Ferozpur,2010,2017,8
Safflower,Punjab,Gurdaspur,2010,2017,8
Safflower,Punjab,Hoshiarpur,2010,2017,8
Safflower,Punjab,Jalandhar,2010,2017,8
Safflower,Punjab,Kapurthala,2010,2017,8
Safflower,Punjab,Ludhiana,2010,2017,8
Safflower,Punjab,Patiala,2010,2017,8
Safflower,Punjab,Roopnagar / Ropar,2010,2017,8
Safflower,Punjab,Sangrur,2010,2016,7
Safflower,Rajasthan,Ajmer,2010,2017,8
Safflower,Rajasthan,Alwar,2010,2017,8
Safflower,Rajasthan,Banswara,2010,2017,8
Safflower,Rajasthan,Barmer,2010,2017,8
Safflower,Rajasthan,Bharatpur,2010,2017,8
Safflower,Rajasthan,Bhilwara,2010,2017,8
Safflower,Rajasthan,Bikaner,2010,2017,8
Safflower,Rajasthan,Bundi,2010,2017,8
Safflower,Rajasthan,Chittorgarh,2010,2017,8
Safflower,Rajasthan,Churu,2010,2017,8
Safflower,Rajasthan,Dungarpur,2010,2017,8
Safflower,Rajasthan,Ganganagar,2010,2017,8
Safflower,Rajasthan,Jaipur,2010,2017,8
Safflower,Rajasthan,Jaisalmer,2010,2017,8
Safflower,Rajasthan,Jalore,2010,2017,8
Safflower,Rajasthan,Jhalawar,2010,2017,8
Safflower,Rajasthan,Jhunjhunu,2010,2017,8
Safflower,Rajasthan,Jodhpur,2010,2017,8
Safflower,Rajasthan,Kota,2010,2017,8
Safflower,Rajasthan,Nagaur,2010,2017,8
Safflower,Rajasthan,Pali,2010,2017,8
Safflower,Rajasthan,Sikar,2010,2017,8
Safflower,Rajasthan,Sirohi,2010,2017,8
Safflower,Rajasthan,Swami Madhopur,2010,2017,8
Safflower,Rajasthan,Tonk,2010,2017,8
Safflower,Rajasthan,Udaipur,2010,2017,8
Safflower,Tamil Nadu,Chengalpattu Mgr / Kanchipuram,2010,2017,8
Safflower,Tamil Nadu,Coimbatore,2010,2017,8
Safflower,Tamil Nadu,Kanyakumari,2010,2017,5
Safflower,Tamil Nadu,Madurai,2010,2017,7
Safflower,Tamil Nadu,North Arcot / Vellore,2010,2017,7
Safflower,Tamil Nadu,Ramananthapuram,2010,2017,8
Safflower,Tamil Nadu,Salem,2010,2016,5
Safflower,Tamil Nadu,South Arcot / Cuddalore,2010,2017,8
Safflower,Tamil Nadu,Thanjavur,2010,2017,8
Safflower,Tamil Nadu,The Nilgiris,2010,2017,7
Safflower,Tamil Nadu,Thirunelveli,2010,2017,6
Safflower,Tamil Nadu,Tiruchirapalli / Trichy,2010,2017,6
Safflower,Telangana,Adilabad,2010,2017,8
Safflower,Telangana,Hyderabad,2010,2017,8
Safflower,Telangana,Karimnagar,2010,2017,8
Safflower,Telangana,Khammam,2010,2017,8
Safflower,Telangana,Mahabubnagar,2010,2017,8
Safflower,Telangana,Medak,2010,2017,8
Safflower,Telangana,Nalgonda,2010,2017,8
Safflower,Telangana,Nizamabad,2010,2017,8
Safflower,Telangana,Warangal,2010,2017,8
Safflower,Uttar Pradesh,Agra,2010,2017,8
Safflower,Uttar Pradesh,Aligarh,2010,2017,8
Safflower,Uttar Pradesh,Allahabad,2010,2017,8
Safflower,Uttar Pradesh,Azamgarh,2010,2017,8
Safflower,Uttar Pradesh,Bahraich,2010,2017,8
Safflower,Uttar Pradesh,Ballia,2010,2017,8
Safflower,Uttar Pradesh,Banda,2010,2017,8
Safflower,Uttar Pradesh,Barabanki,2010,2017,8
Safflower,Uttar Pradesh,Bareilly,2010,2017,8
Safflower,Uttar Pradesh,Basti,2010,2017,8
Safflower,Uttar Pradesh,Bijnor,2010,2017,8
Safflower,Uttar Pradesh,Budaun,2010,2017,8
Safflower,Uttar Pradesh,Buland Shahar,2010,2017,8
Safflower,Uttar Pradesh,Deoria,2010,2017,8
Safflower,Uttar Pradesh,Etah,2010,2017,8
Safflower,Uttar Pradesh,Etawah,2010,2017,8
Safflower,Uttar Pradesh,Faizabad,2010,2017,8
Safflower,Uttar Pradesh,Farrukhabad,2010,2017,8
Safflower,Uttar Pradesh,Fatehpur,2010,2017,8
Safflower,Uttar Pradesh,Ghazipur,2010,2017,8
Safflower,Uttar Pradesh,Gonda,2010,2017,8
Safflower,Uttar Pradesh,Gorakhpur,2010,2017,8
Safflower,Uttar Pradesh,Hamirpur,2010,2017,8
Safflower,Uttar Pradesh,Hardoi,2010,2017,8
Safflower,Uttar Pradesh,Jalaun,2010,2017,8
Safflower,Uttar Pradesh,Jaunpur,2010,2017,8
Safflower,Uttar Pradesh,Jhansi,2010,2017,8
Safflower,Uttar Pradesh,Kanpur,2010,2017,8
Safflower,Uttar Pradesh,Kheri,2010,2017,8
Safflower,Uttar Pradesh,Lucknow,2010,2017,8
Safflower,Uttar Pradesh,Mainpuri,2010,2017,8
Safflower,Uttar Pradesh,Mathura,2010,2017,8
Safflower,Uttar Pradesh,Meerut,2010,2017,8
Safflower,Uttar Pradesh,Mirzpur,2010,2017,8
Safflower,Uttar Pradesh,Moradabad,2010,2017,8
Safflower,Uttar Pradesh,Muzaffarnagar,2010,2017,8
Safflower,Uttar Pradesh,Pilibhit,2010,2017,8
Safflower,Uttar Pradesh,Pratapgarh,2010,2017,8
Safflower,Uttar Pradesh,Rae-Bareily,2010,2017,8
Safflower,Uttar Pradesh,Rampur,2010,2017,8
Safflower,Uttar Pradesh,Saharanpur,2010,2017,8
Safflower,Uttar Pradesh,Shahjahanpur,2010,2017,8
Safflower,Uttar Pradesh,Sitapur,2010,2017,8
Safflower,Uttar Pradesh,Sultanpur,2010,2017,8
Safflower,Uttar Pradesh,Unnao,2010,2017,8
Safflower,Uttar Pradesh,Varanasi,2010,2017,8
Safflower,Uttarakhand,Almorah,2010,2017,8
Safflower,Uttarakhand,Chamoli,2010,2017,8
Safflower,Uttarakhand,Dehradun,2010,2017,8
Safflower,Uttarakhand,Garhwal,2010,2017,8
Safflower,Uttarakhand,Nainital,2010,2017,8
Safflower,Uttarakhand,Pithorgarh,2010,2017,8
Safflower,Uttarakhand,Tehri Garhwal,2010,2017,8
Safflower,Uttarakhand,Uttar Kashi,2010,2017,8
Safflower,West Bengal,24 Parganas,2010,2017,8
Safflower,West Bengal,Bankura,2010,2017,8
Safflower,West Bengal,Birbhum,2010,2017,8
Safflower,West Bengal,Burdwan,2010,2017,8
Safflower,West Bengal,Cooch Behar,2010,2017,8
Safflower,West Bengal,Darjeeling,2010,2017,8
Safflower,West Bengal,Hooghly,2010,2017,8
Safflower,West Bengal,Howrah,2010,2017,8
Safflower,West Bengal,Jalpaiguri,2010,2017,8
Safflower,West Bengal,Malda,2010,2017,8
Safflower,West Bengal,Midnapur,2010,2017,8
Safflower,West Bengal,Murshidabad,2010,2017,8
Safflower,West Bengal,Nadia,2010,2017,8
Safflower,West Bengal,Purulia,2010,2017,8
Safflower,West Bengal,West Dinajpur,2010,2017,8
Sesamum,Andhra Pradesh,Ananthapur,2010,2017,8
Sesamum,Andhra Pradesh,Chittoor,2010,2017,8
Sesamum,Andhra Pradesh,East Godavari,2010,2017,8
Sesamum,Andhra Pradesh,Guntur,2010,2017,8
Sesamum,Andhra Pradesh,Kadapa Ysr,2010,2017,8
Sesamum,Andhra Pradesh,Krishna,2010,2017,8
Sesamum,Andhra Pradesh,Kurnool,2010,2017,8
Sesamum,Andhra Pradesh,S.P.S. Nellore,2010,2017,8
Sesamum,Andhra Pradesh,Srikakulam,2010,2017,8
Sesamum,Andhra Pradesh,Visakhapatnam,2010,2017,8
Sesamum,Andhra Pradesh,West Godavari,2010,2017,8
Sesamum,Assam,Cachar,2010,2017,8
Sesamum,Assam,Darrang,2010,2017,8
Sesamum,Assam,Dibrugarh,2010,2017,8
Sesamum,Assam,Goalpara,2010,2017,8
Sesamum,Assam,Kamrup,2010,2017,8
Sesamum,Assam,Karbi Anglong,2010,2017,8
Sesamum,Assam,Lakhimpur,2010,2017,8
Sesamum,Assam,Nagaon,2010,2017,8
Sesamum,Assam,North Cachar Hil / Dima Hasao,2010,2017,8
Sesamum,Assam,Sibsagar,2010,2017,8
Sesamum,Bihar,Bhagalpur,2010,2017,8
Sesamum,Bihar,Champaran,2010,2017,8
Sesamum,Bihar,Darbhanga,2010,2017,8
Sesamum,Bihar,Gaya,2010,2017,8
Sesamum,Bihar,Mungair,2010,2017,8
Sesamum,Bihar,Muzaffarpur,2010,2017,8
Sesamum,Bihar,Patna,2010,2017,8
Sesamum,Bihar,Purnea,2010,2017,8
Sesamum,Bihar,Saharsa,2010,2017,8
Sesamum,Bihar,Saran,2010,2017,8
Sesamum,Bihar,Shahabad (Now Part Of Bhojpur District),2010,2017,8
Sesamum,Chhattisgarh,Bastar,2010,2017,8
Sesamum,Chhattisgarh,Bilaspur,2010,2017,8
Sesamum,Chhattisgarh,Durg,2010,2017,8
Sesamum,Chhattisgarh,Raigarh,2010,2017,8
Sesamum,Chhattisgarh,Raipur,2010,2017,8
Sesamum,Chhattisgarh,Surguja,2010,2017,8
Sesamum,Gujarat,Ahmedabad,2010,2017,8
Sesamum,Gujarat,Amreli,2010,2017,8
Sesamum,Gujarat,Banaskantha,2010,2017,8
Sesamum,Gujarat,Bharuch,2010,2017,8
Sesamum,Gujarat,Bhavnagar,2010,2017,8
Sesamum,Gujarat,Dangs,2010,2017,8
Sesamum,Gujarat,Jamnagar,2010,2017,8
Sesamum,Gujarat,Junagadh,2010,2017,8
Sesamum,Gujarat,Kheda,2010,2017,8
Sesamum,Gujarat,Kutch,2010,2017,8
Sesamum,Gujarat,Mehsana,2010,2017,8
Sesamum,Gujarat,Panchmahal,2010,2017,8
Sesamum,Gujarat,Rajkot,2010,2017,8
Sesamum,Gujarat,Sabarkantha,2010,2017,8
Sesamum,Gujarat,Surat,2010,2017,8
Sesamum,Gujarat,Surendranagar,2010,2017,8
Sesamum,Gujarat,Vadodara / Baroda,2010,2017,8
Sesamum,Gujarat,Valsad,2010,2017,8
Sesamum,Haryana,Ambala,2010,2017,8
Sesamum,Haryana,Gurgaon,2010,2017,8
Sesamum,Haryana,Hissar,2010,2017,8
Sesamum,Haryana,Jind,2010,2017,8
Sesamum,Haryana,Karnal,2010,2017,8
Sesamum,Haryana,Mahendragarh / Narnaul,2010,2017,8
Sesamum,Haryana,Rohtak,2010,2017,8
Sesamum,Himachal Pradesh,Bilashpur,2010,2017,8
Sesamum,Himachal Pradesh,Chamba,2010,2017,8
Sesamum,Himachal Pradesh,Kangra,2010,2017,8
Sesamum,Himachal Pradesh,Kinnaur,2010,2017,8
Sesamum,Himachal Pradesh,Kullu,2010,2017,8
Sesamum,Himachal Pradesh,Lahul & Spiti,2010,2017,8
Sesamum,Himachal Pradesh,Mandi,2010,2017,8
Sesamum,Himachal Pradesh,Shimla,2010,2017,8
Sesamum,Himachal Pradesh,Sirmaur,2010,2017,8
Sesamum,Himachal Pradesh,Solan,2010,2017,8
Sesamum,Jharkhand,Dhanbad,2010,2017,8
Sesamum,Jharkhand,Hazaribagh,2010,2017,8
Sesamum,Jharkhand,Palamau,2010,2017,8
Sesamum,Jharkhand,Ranchi,2010,2017,8
Sesamum,Jharkhand,Santhal Paragana / Dumka,2010,2017,8
Sesamum,Jharkhand,Singhbhum,2010,2017,8
Sesamum,Karnataka,Bangalore,2010,2017,8
Sesamum,Karnataka,Belgaum,2010,2017,8
Sesamum,Karnataka,Bellary,2010,2017,8
Sesamum,Karnataka,Bidar,2010,2017,8
Sesamum,Karnataka,Bijapur / Vijayapura,2010,2017,8
Sesamum,Karnataka,Chickmagalur,2010,2017,8
Sesamum,Karnataka,Chitradurga,2010,2017,8
Sesamum,Karnataka,Dakshina Kannada,2010,2017,8
Sesamum,Karnataka,Dharwad,2010,2017,8
Sesamum,Karnataka,Gulbarga / Kalaburagi,2010,2017,8
Sesamum,Karnataka,Hassan,2010,2017,8
Sesamum,Karnataka,Kodagu / Coorg,2010,2017,8
Sesamum,Karnataka,Kolar,2010,2017,8
Sesamum,Karnataka,Mandya,2010,2017,8
Sesamum,Karnataka,Mysore,2010,2017,8
Sesamum,Karnataka,Raichur,2010,2017,8
Sesamum,Karnataka,Shimoge,2010,2017,8
Sesamum,Karnataka,Tumkur,2010,2017,8
Sesamum,Karnataka,Uttara Kannada,2010,2017,8
Sesamum,Kerala,Alappuzha,2010,2017,8
Sesamum,Kerala,Eranakulam,2010,2017,8
Sesamum,Kerala,Kannur,2010,2017,8
Sesamum,Kerala,Kollam,2010,2017,8
Sesamum,Kerala,Kottayam,2010,2017,8
Sesamum,Kerala,Kozhikode,2010,2017,8
Sesamum,Kerala,Malappuram,2010,2017,8
Sesamum,Kerala,Palakkad,2010,2017,8
Sesamum,Kerala,Thiruvananthapuram,2010,2017,8
Sesamum,Kerala,Thrissur,2010,2017,8
Sesamum,Madhya Pradesh,Balaghat,2010,2017,8
Sesamum,Madhya Pradesh,Betul,2010,2017,8
Sesamum,Madhya Pradesh,Bhind,2010,2017,8
Sesamum,Madhya Pradesh,Chhatarpur,2010,2017,8
Sesamum,Madhya Pradesh,Chhindwara,2010,2017,8
Sesamum,Madhya Pradesh,Damoh,2010,2017,8
Sesamum,Madhya Pradesh,Datia,2010,2017,8
Sesamum,Madhya Pradesh,Dewas,2010,2017,8
Sesamum,Madhya Pradesh,Dhar,2010,2017,8
Sesamum,Madhya Pradesh,Guna,2010,2017,8
Sesamum,Madhya Pradesh,Gwalior,2010,2017,8
Sesamum,Madhya Pradesh,Hoshangabad,2010,2017,8
Sesamum,Madhya Pradesh,Indore,2010,2017,8
Sesamum,Madhya Pradesh,Jabalpur,2010,2017,8
Sesamum,Madhya Pradesh,Jhabua,2010,2017,8
Sesamum,Madhya Pradesh,Khandwa / East Nimar,2010,2017,8
Sesamum,Madhya Pradesh,Khargone / West Nimar,2010,2017,8
Sesamum,Madhya Pradesh,Mandla,2010,2017,8
Sesamum,Madhya Pradesh,Mandsaur,2010,2017,8
Sesamum,Madhya Pradesh,Morena,2010,2017,8
Sesamum,Madhya Pradesh,Narsinghpur,2010,2017,8
Sesamum,Madhya Pradesh,Panna,2010,2017,8
Sesamum,Madhya Pradesh,Raisen,2010,2017,8
Sesamum,Madhya Pradesh,Rajgarh,2010,2017,8
Sesamum,Madhya Pradesh,Ratlam,2010,2017,8
Sesamum,Madhya Pradesh,Rewa,2010,2016,7
Sesamum,Madhya Pradesh,Sagar,2010,2017,8
Sesamum,Madhya Pradesh,Satna,2010,2017,8
Sesamum,Madhya Pradesh,Sehore,2010,2017,8
Sesamum,Madhya Pradesh,Seoni / Shivani,2010,2017,8
Sesamum,Madhya Pradesh,Shahdol,2010,2017,8
Sesamum,Madhya Pradesh,Shajapur,2010,2017,8
Sesamum,Madhya Pradesh,Shivpuri,2010,2017,8
Sesamum,Madhya Pradesh,Sidhi,2010,2017,8
Sesamum,Madhya Pradesh,Tikamgarh,2010,2017,8
Sesamum,Madhya Pradesh,Ujjain,2010,2017,8
Sesamum,Madhya Pradesh,Vidisha,2010,2017,8
Sesamum,Maharashtra,Ahmednagar,2010,2017,8
Sesamum,Maharashtra,Akola,2010,2017,8
Sesamum,Maharashtra,Amarawati,2010,2017,8
Sesamum,Maharashtra,Aurangabad,2010,2017,8
Sesamum,Maharashtra,Beed,2010,2017,8
Sesamum,Maharashtra,Bhandara,2010,2017,8
Sesamum,Maharashtra,Bombay,2010,2016,4
Sesamum,Maharashtra,Buldhana,2010,2017,8
Sesamum,Maharashtra,Chandrapur,2010,2017,8
Sesamum,Maharashtra,Dhule,2010,2017,8
Sesamum,Maharashtra,Jalgaon,2010,2017,8
Sesamum,Maharashtra,Kolhapur,2010,2017,8
Sesamum,Maharashtra,Nagpur,2010,2017,8
Sesamum,Maharashtra,Nanded,2010,2017,8
Sesamum,Maharashtra,Nasik,2010,2017,8
Sesamum,Maharashtra,Osmanabad,2010,2017,8
Sesamum,Maharashtra,Parbhani,2010,2017,8
Sesamum,Maharashtra,Pune,2010,2017,8
Sesamum,Maharashtra,Raigad,2010,2017,8
Sesamum,Maharashtra,Ratnagiri,2010,2017,8
Sesamum,Maharashtra,Sangli,2010,2017,8
Sesamum,Maharashtra,Satara,2010,2017,8
Sesamum,Maharashtra,Solapur,2010,2017,8
Sesamum,Maharashtra,Thane,2010,2017,8
Sesamum,Maharashtra,Wardha,2010,2017,8
Sesamum,Maharashtra,Yeotmal,2010,2017,8
Sesamum,Orissa,Balasore,2010,2017,8
Sesamum,Orissa,Bolangir,2010,2017,8
Sesamum,Orissa,Cuttack,2010,2017,8
Sesamum,Orissa,Dhenkanal,2010,2017,8
Sesamum,Orissa,Ganjam,2010,2017,8
Sesamum,Orissa,Kalahandi,2010,2017,8
Sesamum,Orissa,Keonjhar,2010,2017,8
Sesamum,Orissa,Koraput,2010,2017,8
Sesamum,Orissa,Mayurbhanja,2010,2017,8
Sesamum,Orissa,Phulbani ( Kandhamal ),2010,2017,8
Sesamum,Orissa,Puri,2010,2017,8
Sesamum,Orissa,Sambalpur,2010,2017,8
Sesamum,Orissa,Sundargarh,2010,2017,8
Sesamum,Punjab,Amritsar,2010,2017,8
Sesamum,Punjab,Bhatinda,2010,2017,8
Sesamum,Punjab,Ferozpur,2010,2017,8
Sesamum,Punjab,Gurdaspur,2010,2017,8
Sesamum,Punjab,Hoshiarpur,2010,2017,8
Sesamum,Punjab,Jalandhar,2010,2017,8
Sesamum,Punjab,Kapurthala,2010,2017,8
Sesamum,Punjab,Ludhiana,2010,2017,8
Sesamum,Punjab,Patiala,2010,2017,8
Sesamum,Punjab,Roopnagar / Ropar,2010,2017,8
Sesamum,Punjab,Sangrur,2010,2016,7
Sesamum,Rajasthan,Ajmer,2010,2017,8
Sesamum,Rajasthan,Alwar,2010,2017,8
Sesamum,Rajasthan,Banswara,2010,2017,8
Sesamum,Rajasthan,Barmer,2010,2017,8
Sesamum,Rajasthan,Bharatpur,2010,2017,8
Sesamum,Rajasthan,Bhilwara,2010,2017,8
Sesamum,Rajasthan,Bikaner,2010,2017,8
Sesamum,Rajasthan,Bundi,2010,2017,8
Sesamum,Rajasthan,Chittorgarh,2010,2017,8
Sesamum,Rajasthan,Churu,2010,2017,8
Sesamum,Rajasthan,Dungarpur,2010,2017,8
Sesamum,Rajasthan,Ganganagar,2010,2017,8
Sesamum,Rajasthan,Jaipur,2010,2017,8
Sesamum,Rajasthan,Jaisalmer,2010,2017,8
Sesamum,Rajasthan,Jalore,2010,2017,8
Sesamum,Rajasthan,Jhalawar,2010,2017,8
Sesamum,Rajasthan,Jhunjhunu,2010,2017,8
Sesamum,Rajasthan,Jodhpur,2010,2017,8
Sesamum,Rajasthan,Kota,2010,2017,8
Sesamum,Rajasthan,Nagaur,2010,2017,8
Sesamum,Rajasthan,Pali,2010,2017,8
Sesamum,Rajasthan,Sikar,2010,2017,8
Sesamum,Rajasthan,Sirohi,2010,2017,8
Sesamum,Rajasthan,Swami Madhopur,2010,2017,8
Sesamum,Rajasthan,Tonk,2010,2017,8
Sesamum,Rajasthan,Udaipur,2010,2017,8
Sesamum,Tamil Nadu,Chengalpattu Mgr / Kanchipuram,2010,2017,8
Sesamum,Tamil Nadu,Coimbatore,2010,2017,8
Sesamum,Tamil Nadu,Kanyakumari,2010,2017,5
Sesamum,Tamil Nadu,Madurai,2010,2017,7
Sesamum,Tamil Nadu,North Arcot / Vellore,2010,2017,7
Sesamum,Tamil Nadu,Ramananthapuram,2010,2017,8
Sesamum,Tamil Nadu,Salem,2010,2016,5
Sesamum,Tamil Nadu,South Arcot / Cuddalore,2010,2017,8
Sesamum,Tamil Nadu,Thanjavur,2010,2017,8
Sesamum,Tamil Nadu,The Nilgiris,2010,2017,7
Sesamum,Tamil Nadu,Thirunelveli,2010,2017,6
Sesamum,Tamil Nadu,Tiruchirapalli / Trichy,2010,2017,6
Sesamum,Telangana,Adilabad,2010,2017,8
Sesamum,Telangana,Hyderabad,2010,2017,8
Sesamum,Telangana,Karimnagar,2010,2017,8
Sesamum,Telangana,Khammam,2010,2017,8
Sesamum,Telangana,Mahabubnagar,2010,2017,8
Sesamum,Telangana,Medak,2010,2017,8
Sesamum,Telangana,Nalgonda,2010,2017,8
Sesamum,Telangana,Nizamabad,2010,2017,8
Sesamum,Telangana,Warangal,2010,2017,8
Sesamum,Uttar Pradesh,Agra,2010,2017,8
Sesamum,Uttar Pradesh,Aligarh,2010,2017,8
Sesamum,Uttar Pradesh,Allahabad,2010,2017,8
Sesamum,Uttar Pradesh,Azamgarh,2010,2017,8
Sesamum,Uttar Pradesh,Bahraich,2010,2017,8
Sesamum,Uttar Pradesh,Ballia,2010,2017,8
Sesamum,Uttar Pradesh,Banda,2010,2017,8
Sesamum,Uttar Pradesh,Barabanki,2010,2017,8
Sesamum,Uttar Pradesh,Bareilly,2010,2017,8
Sesamum,Uttar Pradesh,Basti,2010,2017,8
Sesamum,Uttar Pradesh,Bijnor,2010,2017,8
Sesamum,Uttar Pradesh,Budaun,2010,2017,8
Sesamum,Uttar Pradesh,Buland Shahar,2010,2017,8
Sesamum,Uttar Pradesh,Deoria,2010,2017,8
Sesamum,Uttar Pradesh,Etah,2010,2017,8
Sesamum,Uttar Pradesh,Etawah,2010,2017,8
Sesamum,Uttar Pradesh,Faizabad,2010,2017,8
Sesamum,Uttar Pradesh,Farrukhabad,2010,2017,8
Sesamum,Uttar Pradesh,Fatehpur,2010,2017,8
Sesamum,Uttar Pradesh,Ghazipur,2010,2017,8
Sesamum,Uttar Pradesh,Gonda,2010,2017,8
Sesamum,Uttar Pradesh,Gorakhpur,2010,2017,8
Sesamum,Uttar Pradesh,Hamirpur,2010,2017,8
Sesamum,Uttar Pradesh,Hardoi,2010,2017,8
Sesamum,Uttar Pradesh,Jalaun,2010,2017,8
Sesamum,Uttar Pradesh,Jaunpur,2010,2017,8
Sesamum,Uttar Pradesh,Jhansi,2010,2017,8
Sesamum,Uttar Pradesh,Kanpur,2010,2017,8
Sesamum,Uttar Pradesh,Kheri,2010,2017,8
Sesamum,Uttar Pradesh,Lucknow,2010,2017,8
Sesamum,Uttar Pradesh,Mainpuri,2010,2017,8
Sesamum,Uttar Pradesh,Mathura,2010,2017,8
Sesamum,Uttar Pradesh,Meerut,2010,2017,8
Sesamum,Uttar Pradesh,Mirzpur,2010,2017,8
Sesamum,Uttar Pradesh,Moradabad,2010,2017,8
Sesamum,Uttar Pradesh,Muzaffarnagar,2010,2017,8
Sesamum,Uttar Pradesh,Pilibhit,2010,2017,8
Sesamum,Uttar Pradesh,Pratapgarh,2010,2017,8
Sesamum,Uttar Pradesh,Rae-Bareily,2010,2017,8
Sesamum,Uttar Pradesh,Rampur,2010,2017,8
Sesamum,Uttar Pradesh,Saharanpur,2010,2017,8
Sesamum,Uttar Pradesh,Shahjahanpur,2010,2017,8
Sesamum,Uttar Pradesh,Sitapur,2010,2017,8
Sesamum,Uttar Pradesh,Sultanpur,2010,2017,8
Sesamum,Uttar Pradesh,Unnao,2010,2017,8
Sesamum,Uttar Pradesh,Varanasi,2010,2017,8
Sesamum,Uttarakhand,Almorah,2010,2017,8
Sesamum,Uttarakhand,Chamoli,2010,2017,8
Sesamum,Uttarakhand,Dehradun,2010,2017,8
Sesamum,Uttarakhand,Garhwal,2010,2017,8
Sesamum,Uttarakhand,Nainital,2010,2017,8
Sesamum,Uttarakhand,Pithorgarh,2010,2017,8
Sesamum,Uttarakhand,Tehri Garhwal,2010,2017,8
Sesamum,Uttarakhand,Uttar Kashi,2010,2017,8
Sesamum,West Bengal,24 Parganas,2010,2017,8
Sesamum,West Bengal,Bankura,2010,2017,8
Sesamum,West Bengal,Birbhum,2010,2017,8
Sesamum,West Bengal,Burdwan,2010,2017,8
Sesamum,West Bengal,Cooch Behar,2010,2017,8
Sesamum,West Bengal,Darjeeling,2010,2017,8
Sesamum,West Bengal,Hooghly,2010,2017,8
Sesamum,West Bengal,Howrah,2010,2017,8
Sesamum,West Bengal,Jalpaiguri,2010,2017,8
Sesamum,West Bengal,Malda,2010,2017,8
Sesamum,West Bengal,Midnapur,2010,2017,8
Sesamum,West Bengal,Murshidabad,2010,2017,8
Sesamum,West Bengal,Nadia,2010,2017,8
Sesamum,West Bengal,Purulia,2010,2017,8
Sesamum,West Bengal,West Dinajpur,2010,2017,8
Sorghum,Andhra Pradesh,Ananthapur,2010,2017,8
Sorghum,Andhra Pradesh,Chittoor,2010,2017,8
Sorghum,Andhra Pradesh,East Godavari,2010,2017,8
Sorghum,Andhra Pradesh,Guntur,2010,2017,8
Sorghum,Andhra Pradesh,Kadapa Ysr,2010,2017,8
Sorghum,Andhra Pradesh,Krishna,2010,2017,8
Sorghum,Andhra Pradesh,Kurnool,2010,2017,8
Sorghum,Andhra Pradesh,S.P.S. Nellore,2010,2017,8
Sorghum,Andhra Pradesh,Srikakulam,2010,2017,8
Sorghum,Andhra Pradesh,Visakhapatnam,2010,2017,8
Sorghum,Andhra Pradesh,West Godavari,2010,2017,8
Sorghum,Assam,Cachar,2010,2017,8
Sorghum,Assam,Darrang,2010,2017,8
Sorghum,Assam,Dibrugarh,2010,2017,8
Sorghum,Assam,Goalpara,2010,2017,8
Sorghum,Assam,Kamrup,2010,2017,8
Sorghum,Assam,Karbi Anglong,2010,2017,8
Sorghum,Assam,Lakhimpur,2010,2017,8
Sorghum,Assam,Nagaon,2010,2017,8
Sorghum,Assam,North Cachar Hil / Dima Hasao,2010,2017,8
Sorghum,Assam,Sibsagar,2010,2017,8
Sorghum,Bihar,Bhagalpur,2010,2017,8
Sorghum,Bihar,Champaran,2010,2017,8
Sorghum,Bihar,Darbhanga,2010,2017,8
Sorghum,Bihar,Gaya,2010,2017,8
Sorghum,Bihar,Mungair,2010,2017,8
Sorghum,Bihar,Muzaffarpur,2010,2017,8
Sorghum,Bihar,Patna,2010,2017,8
Sorghum,Bihar,Purnea,2010,2017,8
Sorghum,Bihar,Saharsa,2010,2017,8
Sorghum,Bihar,Saran,2010,2017,8
Sorghum,Bihar,Shahabad (Now Part Of Bhojpur District),2010,2017,8
Sorghum,Chhattisgarh,Bastar,2010,2017,8
Sorghum,Chhattisgarh,Bilaspur,2010,2017,8
Sorghum,Chhattisgarh,Durg,2010,2017,8
Sorghum,Chhattisgarh,Raigarh,2010,2017,8
Sorghum,Chhattisgarh,Raipur,2010,2017,8
Sorghum,Chhattisgarh,Surguja,2010,2017,8
Sorghum,Gujarat,Ahmedabad,2010,2017,8
Sorghum,Gujarat,Amreli,2010,2017,8
Sorghum,Gujarat,Banaskantha,2010,2017,8
Sorghum,Gujarat,Bharuch,2010,2017,8
Sorghum,Gujarat,Bhavnagar,2010,2017,8
Sorghum,Gujarat,Dangs,2010,2017,8
Sorghum,Gujarat,Jamnagar,2010,2017,8
Sorghum,Gujarat,Junagadh,2010,2017,8
Sorghum,Gujarat,Kheda,2010,2017,8
Sorghum,Gujarat,Kutch,2010,2017,8
Sorghum,Gujarat,Mehsana,2010,2017,8
Sorghum,Gujarat,Panchmahal,2010,2017,8
Sorghum,Gujarat,Rajkot,2010,2017,8
Sorghum,Gujarat,Sabarkantha,2010,2017,8
Sorghum,Gujarat,Surat,2010,2017,8
Sorghum,Gujarat,Surendranagar,2010,2017,8
Sorghum,Gujarat,Vadodara / Baroda,2010,2017,8
Sorghum,Gujarat,Valsad,2010,2017,8
Sorghum,Haryana,Ambala,2010,2017,8
Sorghum,Haryana,Gurgaon,2010,2017,8
Sorghum,Haryana,Hissar,2010,2017,8
Sorghum,Haryana,Jind,2010,2017,8
Sorghum,Haryana,Karnal,2010,2017,8
Sorghum,Haryana,Mahendragarh / Narnaul,2010,2017,8
Sorghum,Haryana,Rohtak,2010,2017,8
Sorghum,Himachal Pradesh,Bilashpur,2010,2017,8
Sorghum,Himachal Pradesh,Chamba,2010,2017,8
Sorghum,Himachal Pradesh,Kangra,2010,2017,8
Sorghum,Himachal Pradesh,Kinnaur,2010,2017,8
Sorghum,Himachal Pradesh,Kullu,2010,2017,8
Sorghum,Himachal Pradesh,Lahul & Spiti,2010,2017,8
Sorghum,Himachal Pradesh,Mandi,2010,2017,8
Sorghum,Himachal Pradesh,Shimla,2010,2017,8
Sorghum,Himachal Pradesh,Sirmaur,2010,2017,8
Sorghum,Himachal Pradesh,Solan,2010,2017,8
Sorghum,Jharkhand,Dhanbad,2010,2017,8
Sorghum,Jharkhand,Hazaribagh,2010,2017,8
Sorghum,Jharkhand,Palamau,2010,2017,8
Sorghum,Jharkhand,Ranchi,2010,2017,8
Sorghum,Jharkhand,Santhal Paragana / Dumka,2010,2017,8
Sorghum,Jharkhand,Singhbhum,2010,2017,8
Sorghum,Karnataka,Bangalore,2010,2017,8
Sorghum,Karnataka,Belgaum,2010,2017,8
Sorghum,Karnataka,Bellary,2010,2017,8
Sorghum,Karnataka,Bidar,2010,2017,8
Sorghum,Karnataka,Bijapur / Vijayapura,2010,2017,8
Sorghum,Karnataka,Chickmagalur,2010,2017,8
Sorghum,Karnataka,Chitradurga,2010,2017,8
Sorghum,Karnataka,Dakshina Kannada,2010,2017,8
Sorghum,Karnataka,Dharwad,2010,2017,8
Sorghum,Karnataka,Gulbarga / Kalaburagi,2010,2017,8
Sorghum,Karnataka,Hassan,2010,2017,8
Sorghum,Karnataka,Kodagu / Coorg,2010,2017,8
Sorghum,Karnataka,Kolar,2010,2017,8
Sorghum,Karnataka,Mandya,2010,2017,8
Sorghum,Karnataka,Mysore,2010,2017,8
Sorghum,Karnataka,Raichur,2010,2017,8
Sorghum,Karnataka,Shimoge,2010,2017,8
Sorghum,Karnataka,Tumkur,2010,2017,8
Sorghum,Karnataka,Uttara Kannada,2010,2017,8
Sorghum,Kerala,Alappuzha,2010,2017,8
Sorghum,Kerala,Eranakulam,2010,2017,8
Sorghum,Kerala,Kannur,2010,2017,8
Sorghum,Kerala,Kollam,2010,2017,8
Sorghum,Kerala,Kottayam,2010,2017,8
Sorghum,Kerala,Kozhikode,2010,2017,8
Sorghum,Kerala,Malappuram,2010,2017,8
Sorghum,Kerala,Palakkad,2010,2017,8
Sorghum,Kerala,Thiruvananthapuram,2010,2017,8
Sorghum,Kerala,Thrissur,2010,2017,8
Sorghum,Madhya Pradesh,Balaghat,2010,2017,8
Sorghum,Madhya Pradesh,Betul,2010,2017,8
Sorghum,Madhya Pradesh,Bhind,2010,2017,8
Sorghum,Madhya Pradesh,Chhatarpur,2010,2017,8
Sorghum,Madhya Pradesh,Chhindwara,2010,2017,8
Sorghum,Madhya Pradesh,Damoh,2010,2017,8
Sorghum,Madhya Pradesh,Datia,2010,2017,8
Sorghum,Madhya Pradesh,Dewas,2010,2017,8
Sorghum,Madhya Pradesh,Dhar,2010,2017,8
Sorghum,Madhya Pradesh,Guna,2010,2017,8
Sorghum,Madhya Pradesh,Gwalior,2010,2017,8
Sorghum,Madhya Pradesh,Hoshangabad,2010,2017,8
Sorghum,Madhya Pradesh,Indore,2010,2017,8
Sorghum,Madhya Pradesh,Jabalpur,2010,2017,8
Sorghum,Madhya Pradesh,Jhabua,2010,2017,8
Sorghum,Madhya Pradesh,Khandwa / East Nimar,2010,2017,8
Sorghum,Madhya Pradesh,Khargone / West Nimar,2010,2017,8
Sorghum,Madhya Pradesh,Mandla,2010,2017,8
Sorghum,Madhya Pradesh,Mandsaur,2010,2017,8
Sorghum,Madhya Pradesh,Morena,2010,2017,8
Sorghum,Madhya Pradesh,Narsinghpur,2010,2017,8
Sorghum,Madhya Pradesh,Panna,2010,2017,8
Sorghum,Madhya Pradesh,Raisen,2010,2017,8
Sorghum,Madhya Pradesh,Rajgarh,2010,2017,8
Sorghum,Madhya Pradesh,Ratlam,2010,2017,8
Sorghum,Madhya Pradesh,Rewa,2010,2016,7
Sorghum,Madhya Pradesh,Sagar,2010,2017,8
Sorghum,Madhya Pradesh,Satna,2010,2017,8
Sorghum,Madhya Pradesh,Sehore,2010,2017,8
Sorghum,Madhya Pradesh,Seoni / Shivani,2010,2017,8
Sorghum,Madhya Pradesh,Shahdol,2010,2017,8
Sorghum,Madhya Pradesh,Shajapur,2010,2017,8
Sorghum,Madhya Pradesh,Shivpuri,2010,2017,8
Sorghum,Madhya Pradesh,Sidhi,2010,2017,8
Sorghum,Madhya Pradesh,Tikamgarh,2010,2017,8
Sorghum,Madhya Pradesh,Ujjain,2010,2017,8
Sorghum,Madhya Pradesh,Vidisha,2010,2017,8
Sorghum,Maharashtra,Ahmednagar,2010,2017,8
Sorghum,Maharashtra,Akola,2010,2017,8
Sorghum,Maharashtra,Amarawati,2010,2017,8
Sorghum,Maharashtra,Aurangabad,2010,2017,8
Sorghum,Maharashtra,Beed,2010,2017,8
Sorghum,Maharashtra,Bhandara,2010,2017,8
Sorghum,Maharashtra,Bombay,2010,2016,4
Sorghum,Maharashtra,Buldhana,2010,2017,8
Sorghum,Maharashtra,Chandrapur,2010,2017,8
Sorghum,Maharashtra,Dhule,2010,2017,8
Sorghum,Maharashtra,Jalgaon,2010,2017,8
Sorghum,Maharashtra,Kolhapur,2010,2017,8
Sorghum,Maharashtra,Nagpur,2010,2017,8
Sorghum,Maharashtra,Nanded,2010,2017,8
Sorghum,Maharashtra,Nasik,2010,2017,8
Sorghum,Maharashtra,Osmanabad,2010,2017,8
Sorghum,Maharashtra,Parbhani,2010,2017,8
Sorghum,Maharashtra,Pune,2010,2017,8
Sorghum,Maharashtra,Raigad,2010,2017,8
Sorghum,Maharashtra,Ratnagiri,2010,2017,8
Sorghum,Maharashtra,Sangli,2010,2017,8
Sorghum,Maharashtra,Satara,2010,2017,8
Sorghum,Maharashtra,Solapur,2010,2017,8
Sorghum,Maharashtra,Thane,2010,2017,8
Sorghum,Maharashtra,Wardha,2010,2017,8
Sorghum,Maharashtra,Yeotmal,2010,2017,8
Sorghum,Orissa,Balasore,2010,2017,8
Sorghum,Orissa,Bolangir,2010,2017,8
Sorghum,Orissa,Cuttack,2010,2017,8
Sorghum,Orissa,Dhenkanal,2010,2017,8
Sorghum,Orissa,Ganjam,2010,2017,8
Sorghum,Orissa,Kalahandi,2010,2017,8
Sorghum,Orissa,Keonjhar,2010,2017,8
Sorghum,Orissa,Koraput,2010,2017,8
Sorghum,Orissa,Mayurbhanja,2010,2017,8
Sorghum,Orissa,Phulbani ( Kandhamal ),2010,2017,8
Sorghum,Orissa,Puri,2010,2017,8
Sorghum,Orissa,Sambalpur,2010,2017,8
Sorghum,Orissa,Sundargarh,2010,2017,8
Sorghum,Punjab,Amritsar,2010,2017,8
Sorghum,Punjab,Bhatinda,2010,2017,8
Sorghum,Punjab,Ferozpur,2010,2017,8
Sorghum,Punjab,Gurdaspur,2010,2017,8
Sorghum,Punjab,Hoshiarpur,2010,2017,8
Sorghum,Punjab,Jalandhar,2010,2017,8
Sorghum,Punjab,Kapurthala,2010,2017,8
Sorghum,Punjab,Ludhiana,2010,2017,8
Sorghum,Punjab,Patiala,2010,2017,8
Sorghum,Punjab,Roopnagar / Ropar,2010,2017,8
Sorghum,Punjab,Sangrur,2010,2016,7
Sorghum,Rajasthan,Ajmer,2010,2017,8
Sorghum,Rajasthan,Alwar,2010,2017,8
Sorghum,Rajasthan,Banswara,2010,2017,8
Sorghum,Rajasthan,Barmer,2010,2017,8
Sorghum,Rajasthan,Bharatpur,2010,2017,8
Sorghum,Rajasthan,Bhilwara,2010,2017,8
Sorghum,Rajasthan,Bikaner,2010,2017,8
Sorghum,Rajasthan,Bundi,2010,2017,8
Sorghum,Rajasthan,Chittorgarh,2010,2017,8
Sorghum,Rajasthan,Churu,2010,2017,8
Sorghum,Rajasthan,Dungarpur,2010,2017,8
Sorghum,Rajasthan,Ganganagar,2010,2017,8
Sorghum,Rajasthan,Jaipur,2010,2017,8
Sorghum,Rajasthan,Jaisalmer,2010,2017,8
Sorghum,Rajasthan,Jalore,2010,2017,8
Sorghum,Rajasthan,Jhalawar,2010,2017,8
Sorghum,Rajasthan,Jhunjhunu,2010,2017,8
Sorghum,Rajasthan,Jodhpur,2010,2017,8
Sorghum,Rajasthan,Kota,2010,2017,8
Sorghum,Rajasthan,Nagaur,2010,2017,8
Sorghum,Rajasthan,Pali,2010,2017,8
Sorghum,Rajasthan,Sikar,2010,2017,8
Sorghum,Rajasthan,Sirohi,2010,2017,8
Sorghum,Rajasthan,Swami Madhopur,2010,2017,8
Sorghum,Rajasthan,Tonk,2010,2017,8
Sorghum,Rajasthan,Udaipur,2010,2017,8
Sorghum,Tamil Nadu,Chengalpattu Mgr / Kanchipuram,2010,2017,8
Sorghum,Tamil Nadu,Coimbatore,2010,2017,8
Sorghum,Tamil Nadu,Kanyakumari,2010,2017,5
Sorghum,Tamil Nadu,Madurai,2010,2017,7
Sorghum,Tamil Nadu,North Arcot / Vellore,2010,2017,7
Sorghum,Tamil Nadu,Ramananthapuram,2010,2017,8
Sorghum,Tamil Nadu,Salem,2010,2016,5
Sorghum,Tamil Nadu,South Arcot / Cuddalore,2010,2017,8
Sorghum,Tamil Nadu,Thanjavur,2010,2017,8
Sorghum,Tamil Nadu,The Nilgiris,2010,2017,7
Sorghum,Tamil Nadu,Thirunelveli,2010,2017,6
Sorghum,Tamil Nadu,Tiruchirapalli / Trichy,2010,2017,6
Sorghum,Telangana,Adilabad,2010,2017,8
Sorghum,Telangana,Hyderabad,2010,2017,8
Sorghum,Telangana,Karimnagar,2010,2017,8
Sorghum,Telangana,Khammam,2010,2017,8
Sorghum,Telangana,Mahabubnagar,2010,2017,8
Sorghum,Telangana,Medak,2010,2017,8
Sorghum,Telangana,Nalgonda,2010,2017,8
Sorghum,Telangana,Nizamabad,2010,2017,8
Sorghum,Telangana,Warangal,2010,2017,8
Sorghum,Uttar Pradesh,Agra,2010,2017,8
Sorghum,Uttar Pradesh,Aligarh,2010,2017,8
Sorghum,Uttar Pradesh,Allahabad,2010,2017,8
Sorghum,Uttar Pradesh,Azamgarh,2010,2017,8
Sorghum,Uttar Pradesh,Bahraich,2010,2017,8
Sorghum,Uttar Pradesh,Ballia,2010,2017,8
Sorghum,Uttar Pradesh,Banda,2010,2017,8
Sorghum,Uttar Pradesh,Barabanki,2010,2017,8
Sorghum,Uttar Pradesh,Bareilly,2010,2017,8
Sorghum,Uttar Pradesh,Basti,2010,2017,8
Sorghum,Uttar Pradesh,Bijnor,2010,2017,8
Sorghum,Uttar Pradesh,Budaun,2010,2017,8
Sorghum,Uttar Pradesh,Buland Shahar,2010,2017,8
Sorghum,Uttar Pradesh,Deoria,2010,2017,8
Sorghum,Uttar Pradesh,Etah,2010,2017,8
Sorghum,Uttar Pradesh,Etawah,2010,2017,8
Sorghum,Uttar Pradesh,Faizabad,2010,2017,8
Sorghum,Uttar Pradesh,Farrukhabad,2010,2017,8
Sorghum,Uttar Pradesh,Fatehpur,2010,2017,8
Sorghum,Uttar Pradesh,Ghazipur,2010,2017,8
Sorghum,Uttar Pradesh,Gonda,2010,2017,8
Sorghum,Uttar Pradesh,Gorakhpur,2010,2017,8
Sorghum,Uttar Pradesh,Hamirpur,2010,2017,8
Sorghum,Uttar Pradesh,Hardoi,2010,2017,8
Sorghum,Uttar Pradesh,Jalaun,2010,2017,8
Sorghum,Uttar Pradesh,Jaunpur,2010,2017,8
Sorghum,Uttar Pradesh,Jhansi,2010,2017,8
Sorghum,Uttar Pradesh,Kanpur,2010,2017,8
Sorghum,Uttar Pradesh,Kheri,2010,2017,8
Sorghum,Uttar Pradesh,Lucknow,2010,2017,8
Sorghum,Uttar Pradesh,Mainpuri,2010,2017,8
Sorghum,Uttar Pradesh,Mathura,2010,2017,8
Sorghum,Uttar Pradesh,Meerut,2010,2017,8
Sorghum,Uttar Pradesh,Mirzpur,2010,2017,8
Sorghum,Uttar Pradesh,Moradabad,2010,2017,8
Sorghum,Uttar Pradesh,Muzaffarnagar,2010,2017,8
Sorghum,Uttar Pradesh,Pilibhit,2010,2017,8
Sorghum,Uttar Pradesh,Pratapgarh,2010,2017,8
Sorghum,Uttar Pradesh,Rae-Bareily,2010,2017,8
Sorghum,Uttar Pradesh,Rampur,2010,2017,8
Sorghum,Uttar Pradesh,Saharanpur,2010,2017,8
Sorghum,Uttar Pradesh,Shahjahanpur,2010,2017,8
Sorghum,Uttar Pradesh,Sitapur,2010,2017,8
Sorghum,Uttar Pradesh,Sultanpur,2010,2017,8
Sorghum,Uttar Pradesh,Unnao,2010,2017,8
Sorghum,Uttar Pradesh,Varanasi,2010,2017,8
Sorghum,Uttarakhand,Almorah,2010,2017,8
Sorghum,Uttarakhand,Chamoli,2010,2017,8
Sorghum,Uttarakhand,Dehradun,2010,2017,8
Sorghum,Uttarakhand,Garhwal,2010,2017,8
Sorghum,Uttarakhand,Nainital,2010,2017,8
Sorghum,Uttarakhand,Pithorgarh,2010,2017,8
Sorghum,Uttarakhand,Tehri Garhwal,2010,2017,8
Sorghum,Uttarakhand,Uttar Kashi,2010,2017,8
Sorghum,West Bengal,24 Parganas,2010,2017,8
Sorghum,West Bengal,Bankura,2010,2017,8
Sorghum,West Bengal,Birbhum,2010,2017,8
Sorghum,West Bengal,Burdwan,2010,2017,8
Sorghum,West Bengal,Cooch Behar,2010,2017,8
Sorghum,West Bengal,Darjeeling,2010,2017,8
Sorghum,West Bengal,Hooghly,2010,2017,8
Sorghum,West Bengal,Howrah,2010,2017,8
Sorghum,West Bengal,Jalpaiguri,2010,2017,8
Sorghum,West Bengal,Malda,2010,2017,8
Sorghum,West Bengal,Midnapur,2010,2017,8
Sorghum,West Bengal,Murshidabad,2010,2017,8
Sorghum,West Bengal,Nadia,2010,2017,8
Sorghum,West Bengal,Purulia,2010,2017,8
Sorghum,West Bengal,West Dinajpur,2010,2017,8
Soyabean,Andhra Pradesh,Ananthapur,2010,2017,8
Soyabean,Andhra Pradesh,Chittoor,2010,2017,8
Soyabean,Andhra Pradesh,East Godavari,2010,2017,8
Soyabean,Andhra Pradesh,Guntur,2010,2017,8
Soyabean,Andhra Pradesh,Kadapa Ysr,2010,2017,8
Soyabean,Andhra Pradesh,Krishna,2010,2017,8
Soyabean,Andhra Pradesh,Kurnool,2010,2017,8
Soyabean,Andhra Pradesh,S.P.S. Nellore,2010,2017,8
Soyabean,Andhra Pradesh,Srikakulam,2010,2017,8
Soyabean,Andhra Pradesh,Visakhapatnam,2010,2017,8
Soyabean,Andhra Pradesh,West Godavari,2010,2017,8
Soyabean,Assam,Cachar,2010,2017,8
Soyabean,Assam,Darrang,2010,2017,8
Soyabean,Assam,Dibrugarh,2010,2017,8
Soyabean,Assam,Goalpara,2010,2017,8
Soyabean,Assam,Kamrup,2010,2017,8
Soyabean,Assam,Karbi Anglong,2010,2017,8
Soyabean,Assam,Lakhimpur,2010,2017,8
Soyabean,Assam,Nagaon,2010,2017,8
Soyabean,Assam,North Cachar Hil / Dima Hasao,2010,2017,8
Soyabean,Assam,Sibsagar,2010,2017,8
Soyabean,Bihar,Bhagalpur,2010,2017,8
Soyabean,Bihar,Champaran,2010,2017,8
Soyabean,Bihar,Darbhanga,2010,2017,8
Soyabean,Bihar,Gaya,2010,2017,8
Soyabean,Bihar,Mungair,2010,2017,8
Soyabean,Bihar,Muzaffarpur,2010,2017,8
Soyabean,Bihar,Patna,2010,2017,8
Soyabean,Bihar,Purnea,2010,2017,8
Soyabean,Bihar,Saharsa,2010,2017,8
Soyabean,Bihar,Saran,2010,2017,8
Soyabean,Bihar,Shahabad (Now Part Of Bhojpur District),2010,2017,8
Soyabean,Chhattisgarh,Bastar,2010,2017,8
Soyabean,Chhattisgarh,Bilaspur,2010,2017,8
Soyabean,Chhattisgarh,Durg,2010,2017,8
Soyabean,Chhattisgarh,Raigarh,2010,2017,8
Soyabean,Chhattisgarh,Raipur,2010,2017,8
Soyabean,Chhattisgarh,Surguja,2010,2017,8
Soyabean,Gujarat,Ahmedabad,2010,2017,8
Soyabean,Gujarat,Amreli,2010,2017,8
Soyabean,Gujarat,Banaskantha,2010,2017,8
Soyabean,Gujarat,Bharuch,2010,2017,8
Soyabean,Gujarat,Bhavnagar,2010,2017,8
Soyabean,Gujarat,Dangs,2010,2017,8
Soyabean,Gujarat,Jamnagar,2010,2017,8
Soyabean,Gujarat,Junagadh,2010,2017,8
Soyabean,Gujarat,Kheda,2010,2017,8
Soyabean,Gujarat,Kutch,2010,2017,8
Soyabean,Gujarat,Mehsana,2010,2017,8
Soyabean,Gujarat,Panchmahal,2010,2017,8
Soyabean,Gujarat,Rajkot,2010,2017,8
Soyabean,Gujarat,Sabarkantha,2010,2017,8
Soyabean,Gujarat,Surat,2010,2017,8
Soyabean,Gujarat,Surendranagar,2010,2017,8
Soyabean,Gujarat,Vadodara / Baroda,2010,2017,8
Soyabean,Gujarat,Valsad,2010,2017,8
Soyabean,Haryana,Ambala,2010,2017,8
Soyabean,Haryana,Gurgaon,2010,2017,8
Soyabean,Haryana,Hissar,2010,2017,8
Soyabean,Haryana,Jind,2010,2017,8
Soyabean,Haryana,Karnal,2010,2017,8
Soyabean,Haryana,Mahendragarh / Narnaul,2010,2017,8
Soyabean,Haryana,Rohtak,2010,2017,8
Soyabean,Himachal Pradesh,Bilashpur,2010,2017,8
Soyabean,Himachal Pradesh,Chamba,2010,2017,8
Soyabean,Himachal Pradesh,Kangra,2010,2017,8
Soyabean,Himachal Pradesh,Kinnaur,2010,2017,8
Soyabean,Himachal Pradesh,Kullu,2010,2017,8
Soyabean,Himachal Pradesh,Lahul & Spiti,2010,2017,8
Soyabean,Himachal Pradesh,Mandi,2010,2017,8
Soyabean,Himachal Pradesh,Shimla,2010,2017,8
Soyabean,Himachal Pradesh,Sirmaur,2010,2017,8
Soyabean,Himachal Pradesh,Solan,2010,2017,8
Soyabean,Jharkhand,Dhanbad,2010,2017,8
Soyabean,Jharkhand,Hazaribagh,2010,2017,8
Soyabean,Jharkhand,Palamau,2010,2017,8
Soyabean,Jharkhand,Ranchi,2010,2017,8
Soyabean,Jharkhand,Santhal Paragana / Dumka,2010,2017,8
Soyabean,Jharkhand,Singhbhum,2010,2017,8
Soyabean,Karnataka,Bangalore,2010,2017,8
Soyabean,Karnataka,Belgaum,2010,2017,8
Soyabean,Karnataka,Bellary,2010,2017,8
Soyabean,Karnataka,Bidar,2010,2017,8
Soyabean,Karnataka,Bijapur / Vijayapura,2010,2017,8
Soyabean,Karnataka,Chickmagalur,2010,2017,8
Soyabean,Karnataka,Chitradurga,2010,2017,8
Soyabean,Karnataka,Dakshina Kannada,2010,2017,8
Soyabean,Karnataka,Dharwad,2010,2017,8
Soyabean,Karnataka,Gulbarga / Kalaburagi,2010,2017,8
Soyabean,Karnataka,Hassan,2010,2017,8
Soyabean,Karnataka,Kodagu / Coorg,2010,2017,8
Soyabean,Karnataka,Kolar,2010,2017,8
Soyabean,Karnataka,Mandya,2010,2017,8
Soyabean,Karnataka,Mysore,2010,2017,8
Soyabean,Karnataka,Raichur,2010,2017,8
Soyabean,Karnataka,Shimoge,2010,2017,8
Soyabean,Karnataka,Tumkur,2010,2017,8
Soyabean,Karnataka,Uttara Kannada,2010,2017,8
Soyabean,Kerala,Alappuzha,2010,2017,8
Soyabean,Kerala,Eranakulam,2010,2017,8
Soyabean,Kerala,Kannur,2010,2017,8
Soyabean,Kerala,Kollam,2010,2017,8
Soyabean,Kerala,Kottayam,2010,2017,8
Soyabean,Kerala,Kozhikode,2010,2017,8
Soyabean,Kerala,Malappuram,2010,2017,8
Soyabean,Kerala,Palakkad,2010,2017,8
Soyabean,Kerala,Thiruvananthapuram,2010,2017,8
Soyabean,Kerala,Thrissur,2010,2017,8
Soyabean,Madhya Pradesh,Balaghat,2010,2017,8
Soyabean,Madhya Pradesh,Betul,2010,2017,8
Soyabean,Madhya Pradesh,Bhind,2010,2017,8
Soyabean,Madhya Pradesh,Chhatarpur,2010,2017,8
Soyabean,Madhya Pradesh,Chhindwara,2010,2017,8
Soyabean,Madhya Pradesh,Damoh,2010,2017,8
Soyabean,Madhya Pradesh,Datia,2010,2017,8
Soyabean,Madhya Pradesh,Dewas,2010,2017,8
Soyabean,Madhya Pradesh,Dhar,2010,2017,8
Soyabean,Madhya Pradesh,Guna,2010,2017,8
Soyabean,Madhya Pradesh,Gwalior,2010,2017,8
Soyabean,Madhya Pradesh,Hoshangabad,2010,2017,8
Soyabean,Madhya Pradesh,Indore,2010,2017,8
Soyabean,Madhya Pradesh,Jabalpur,2010,2017,8
Soyabean,Madhya Pradesh,Jhabua,2010,2017,8
Soyabean,Madhya Pradesh,Khandwa / East Nimar,2010,2017,8
Soyabean,Madhya Pradesh,Khargone / West Nimar,2010,2017,8
Soyabean,Madhya Pradesh,Mandla,2010,2017,8
Soyabean,Madhya Pradesh,Mandsaur,2010,2017,8
Soyabean,Madhya Pradesh,Morena,2010,2017,8
Soyabean,Madhya Pradesh,Narsinghpur,2010,2017,8
Soyabean,Madhya Pradesh,Panna,2010,2017,8
Soyabean,Madhya Pradesh,Raisen,2010,2017,8
Soyabean,Madhya Pradesh,Rajgarh,2010,2017,8
Soyabean,Madhya Pradesh,Ratlam,2010,2017,8
Soyabean,Madhya Pradesh,Rewa,2010,2016,7
Soyabean,Madhya Pradesh,Sagar,2010,2017,8
Soyabean,Madhya Pradesh,Satna,2010,2017,8
Soyabean,Madhya Pradesh,Sehore,2010,2017,8
Soyabean,Madhya Pradesh,Seoni / Shivani,2010,2017,8
Soyabean,Madhya Pradesh,Shahdol,2010,2017,8
Soyabean,Madhya Pradesh,Shajapur,2010,2017,8
Soyabean,Madhya Pradesh,Shivpuri,2010,2017,8
Soyabean,Madhya Pradesh,Sidhi,2010,2017,8
Soyabean,Madhya Pradesh,Tikamgarh,2010,2017,8
Soyabean,Madhya Pradesh,Ujjain,2010,2017,8
Soyabean,Madhya Pradesh,Vidisha,2010,2017,8
Soyabean,Maharashtra,Ahmednagar,2010,2017,8
Soyabean,Maharashtra,Akola,2010,2017,8
Soyabean,Maharashtra,Amarawati,2010,2017,8
Soyabean,Maharashtra,Aurangabad,2010,2017,8
Soyabean,Maharashtra,Beed,2010,2017,8
Soyabean,Maharashtra,Bhandara,2010,2017,8
Soyabean,Maharashtra,Bombay,2010,2016,4
Soyabean,Maharashtra,Buldhana,2010,2017,8
Soyabean,Maharashtra,Chandrapur,2010,2017,8
Soyabean,Maharashtra,Dhule,2010,2017,8
Soyabean,Maharashtra,Jalgaon,2010,2017,8
Soyabean,Maharashtra,Kolhapur,2010,2017,8
Soyabean,Maharashtra,Nagpur,2010,2017,8
Soyabean,Maharashtra,Nanded,2010,2017,8
Soyabean,Maharashtra,Nasik,2010,2017,8
Soyabean,Maharashtra,Osmanabad,2010,2017,8
Soyabean,Maharashtra,Parbhani,2010,2017,8
Soyabean,Maharashtra,Pune,2010,2017,8
Soyabean,Maharashtra,Raigad,2010,2017,8
Soyabean,Maharashtra,Ratnagiri,2010,2017,8
Soyabean,Maharashtra,Sangli,2010,2017,8
Soyabean,Maharashtra,Satara,2010,2017,8
Soyabean,Maharashtra,Solapur,2010,2017,8
Soyabean,Maharashtra,Thane,2010,2017,8
Soyabean,Maharashtra,Wardha,2010,2017,8
Soyabean,Maharashtra,Yeotmal,2010,2017,8
Soyabean,Orissa,Balasore,2010,2017,8
Soyabean,Orissa,Bolangir,2010,2017,8
Soyabean,Orissa,Cuttack,2010,2017,8
Soyabean,Orissa,Dhenkanal,2010,2017,8
Soyabean,Orissa,Ganjam,2010,2017,8
Soyabean,Orissa,Kalahandi,2010,2017,8
Soyabean,Orissa,Keonjhar,2010,2017,8
Soyabean,Orissa,Koraput,2010,2017,8
Soyabean,Orissa,Mayurbhanja,2010,2017,8
Soyabean,Orissa,Phulbani ( Kandhamal ),2010,2017,8
Soyabean,Orissa,Puri,2010,2017,8
Soyabean,Orissa,Sambalpur,2010,2017,8
Soyabean,Orissa,Sundargarh,2010,2017,8
Soyabean,Punjab,Amritsar,2010,2017,8
Soyabean,Punjab,Bhatinda,2010,2017,8
Soyabean,Punjab,Ferozpur,2010,2017,8
Soyabean,Punjab,Gurdaspur,2010,2017,8
Soyabean,Punjab,Hoshiarpur,2010,2017,8
Soyabean,Punjab,Jalandhar,2010,2017,8
Soyabean,Punjab,Kapurthala,2010,2017,8
Soyabean,Punjab,Ludhiana,2010,2017,8
Soyabean,Punjab,Patiala,2010,2017,8
Soyabean,Punjab,Roopnagar / Ropar,2010,2017,8
Soyabean,Punjab,Sangrur,2010,2016,7
Soyabean,Rajasthan,Ajmer,2010,2017,8
Soyabean,Rajasthan,Alwar,2010,2017,8
Soyabean,Rajasthan,Banswara,2010,2017,8
Soyabean,Rajasthan,Barmer,2010,2017,8
Soyabean,Rajasthan,Bharatpur,2010,2017,8
Soyabean,Rajasthan,Bhilwara,2010,2017,8
Soyabean,Rajasthan,Bikaner,2010,2017,8
Soyabean,Rajasthan,Bundi,2010,2017,8
Soyabean,Rajasthan,Chittorgarh,2010,2017,8
Soyabean,Rajasthan,Churu,2010,2017,8
Soyabean,Rajasthan,Dungarpur,2010,2017,8
Soyabean,Rajasthan,Ganganagar,2010,2017,8
Soyabean,Rajasthan,Jaipur,2010,2017,8
Soyabean,Rajasthan,Jaisalmer,2010,2017,8
Soyabean,Rajasthan,Jalore,2010,2017,8
Soyabean,Rajasthan,Jhalawar,2010,2017,8
Soyabean,Rajasthan,Jhunjhunu,2010,2017,8
Soyabean,Rajasthan,Jodhpur,2010,2017,8
Soyabean,Rajasthan,Kota,2010,2017,8
Soyabean,Rajasthan,Nagaur,2010,2017,8
Soyabean,Rajasthan,Pali,2010,2017,8
Soyabean,Rajasthan,Sikar,2010,2017,8
Soyabean,Rajasthan,Sirohi,2010,2017,8
Soyabean,Rajasthan,Swami Madhopur,2010,2017,8
Soyabean,Rajasthan,Tonk,2010,2017,8
Soyabean,Rajasthan,Udaipur,2010,2017,8
Soyabean,Tamil Nadu,Chengalpattu Mgr / Kanchipuram,2010,2017,8
Soyabean,Tamil Nadu,Coimbatore,2010,2017,8
Soyabean,Tamil Nadu,Kanyakumari,2010,2017,5
Soyabean,Tamil Nadu,Madurai,2010,2017,7
Soyabean,Tamil Nadu,North Arcot / Vellore,2010,2017,7
Soyabean,Tamil Nadu,Ramananthapuram,2010,2017,8
Soyabean,Tamil Nadu,Salem,2010,2016,5
Soyabean,Tamil Nadu,South Arcot / Cuddalore,2010,2017,8
Soyabean,Tamil Nadu,Thanjavur,2010,2017,8
Soyabean,Tamil Nadu,The Nilgiris,2010,2017,7
Soyabean,Tamil Nadu,Thirunelveli,2010,2017,6
Soyabean,Tamil Nadu,Tiruchirapalli / Trichy,2010,2017,6
Soyabean,Telangana,Adilabad,2010,2017,8
Soyabean,Telangana,Hyderabad,2010,2017,8
Soyabean,Telangana,Karimnagar,2010,2017,8
Soyabean,Telangana,Khammam,2010,2017,8
Soyabean,Telangana,Mahabubnagar,2010,2017,8
Soyabean,Telangana,Medak,2010,2017,8
Soyabean,Telangana,Nalgonda,2010,2017,8
Soyabean,Telangana,Nizamabad,2010,2017,8
Soyabean,Telangana,Warangal,2010,2017,8
Soyabean,Uttar Pradesh,Agra,2010,2017,8
Soyabean,Uttar Pradesh,Aligarh,2010,2017,8
Soyabean,Uttar Pradesh,Allahabad,2010,2017,8
Soyabean,Uttar Pradesh,Azamgarh,2010,2017,8
Soyabean,Uttar Pradesh,Bahraich,2010,2017,8
Soyabean,Uttar Pradesh,Ballia,2010,2017,8
Soyabean,Uttar Pradesh,Banda,2010,2017,8
Soyabean,Uttar Pradesh,Barabanki,2010,2017,8
Soyabean,Uttar Pradesh,Bareilly,2010,2017,8
Soyabean,Uttar Pradesh,Basti,2010,2017,8
Soyabean,Uttar Pradesh,Bijnor,2010,2017,8
Soyabean,Uttar Pradesh,Budaun,2010,2017,8
Soyabean,Uttar Pradesh,Buland Shahar,2010,2017,8
Soyabean,Uttar Pradesh,Deoria,2010,2017,8
Soyabean,Uttar Pradesh,Etah,2010,2017,8
Soyabean,Uttar Pradesh,Etawah,2010,2017,8
Soyabean,Uttar Pradesh,Faizabad,2010,2017,8
Soyabean,Uttar Pradesh,Farrukhabad,2010,2017,8
Soyabean,Uttar Pradesh,Fatehpur,2010,2017,8
Soyabean,Uttar Pradesh,Ghazipur,2010,2017,8
Soyabean,Uttar Pradesh,Gonda,2010,2017,8
Soyabean,Uttar Pradesh,Gorakhpur,2010,2017,8
Soyabean,Uttar Pradesh,Hamirpur,2010,2017,8
Soyabean,Uttar Pradesh,Hardoi,2010,2017,8
Soyabean,Uttar Pradesh,Jalaun,2010,2017,8
Soyabean,Uttar Pradesh,Jaunpur,2010,2017,8
Soyabean,Uttar Pradesh,Jhansi,2010,2017,8
Soyabean,Uttar Pradesh,Kanpur,2010,2017,8
Soyabean,Uttar Pradesh,Kheri,2010,2017,8
Soyabean,Uttar Pradesh,Lucknow,2010,2017,8
Soyabean,Uttar Pradesh,Mainpuri,2010,2017,8
Soyabean,Uttar Pradesh,Mathura,2010,2017,8
Soyabean,Uttar Pradesh,Meerut,2010,2017,8
Soyabean,Uttar Pradesh,Mirzpur,2010,2017,8
Soyabean,Uttar Pradesh,Moradabad,2010,2017,8
Soyabean,Uttar Pradesh,Muzaffarnagar,2010,2017,8
Soyabean,Uttar Pradesh,Pilibhit,2010,2017,8
Soyabean,Uttar Pradesh,Pratapgarh,2010,2017,8
Soyabean,Uttar Pradesh,Rae-Bareily,2010,2017,8
Soyabean,Uttar Pradesh,Rampur,2010,2017,8
Soyabean,Uttar Pradesh,Saharanpur,2010,2017,8
Soyabean,Uttar Pradesh,Shahjahanpur,2010,2017,8
Soyabean,Uttar Pradesh,Sitapur,2010,2017,8
Soyabean,Uttar Pradesh,Sultanpur,2010,2017,8
Soyabean,Uttar Pradesh,Unnao,2010,2017,8
Soyabean,Uttar Pradesh,Varanasi,2010,2017,8
Soyabean,Uttarakhand,Almorah,2010,2017,8
Soyabean,Uttarakhand,Chamoli,2010,2017,8
Soyabean,Uttarakhand,Dehradun,2010,2017,8
Soyabean,Uttarakhand,Garhwal,2010,2017,8
Soyabean,Uttarakhand,Nainital,2010,2017,8
Soyabean,Uttarakhand,Pithorgarh,2010,2017,8
Soyabean,Uttarakhand,Tehri Garhwal,2010,2017,8
Soyabean,Uttarakhand,Uttar Kashi,2010,2017,8
Soyabean,West Bengal,24 Parganas,2010,2017,8
Soyabean,West Bengal,Bankura,2010,2017,8
Soyabean,West Bengal,Birbhum,2010,2017,8
Soyabean,West Bengal,Burdwan,2010,2017,8
Soyabean,West Bengal,Cooch Behar,2010,2017,8
Soyabean,West Bengal,Darjeeling,2010,2017,8
Soyabean,West Bengal,Hooghly,2010,2017,8
Soyabean,West Bengal,Howrah,2010,2017,8
Soyabean,West Bengal,Jalpaiguri,2010,2017,8
Soyabean,West Bengal,Malda,2010,2017,8
Soyabean,West Bengal,Midnapur,2010,2017,8
Soyabean,West Bengal,Murshidabad,2010,2017,8
Soyabean,West Bengal,Nadia,2010,2017,8
Soyabean,West Bengal,Purulia,2010,2017,8
Soyabean,West Bengal,West Dinajpur,2010,2017,8
Sugarcane,Andhra Pradesh,Ananthapur,2010,2017,8
Sugarcane,Andhra Pradesh,Chittoor,2010,2017,8
Sugarcane,Andhra Pradesh,East Godavari,2010,2017,8
Sugarcane,Andhra Pradesh,Guntur,2010,2017,8
Sugarcane,Andhra Pradesh,Kadapa Ysr,2010,2017,8
Sugarcane,Andhra Pradesh,Krishna,2010,2017,8
Sugarcane,Andhra Pradesh,Kurnool,2010,2017,8
Sugarcane,Andhra Pradesh,S.P.S. Nellore,2010,2017,8
Sugarcane,Andhra Pradesh,Srikakulam,2010,2017,8
Sugarcane,Andhra Pradesh,Visakhapatnam,2010,2017,8
Sugarcane,Andhra Pradesh,West Godavari,2010,2017,8
Sugarcane,Assam,Cachar,2010,2017,8
Sugarcane,Assam,Darrang,2010,2017,8
Sugarcane,Assam,Dibrugarh,2010,2017,8
Sugarcane,Assam,Goalpara,2010,2017,8
Sugarcane,Assam,Kamrup,2010,2017,8
Sugarcane,Assam,Karbi Anglong,2010,2017,8
Sugarcane,Assam,Lakhimpur,2010,2017,8
Sugarcane,Assam,Nagaon,2010,2017,8
Sugarcane,Assam,North Cachar Hil / Dima Hasao,2010,2017,8
Sugarcane,Assam,Sibsagar,2010,2017,8
Sugarcane,Bihar,Bhagalpur,2010,2017,8
Sugarcane,Bihar,Champaran,2010,2017,8
Sugarcane,Bihar,Darbhanga,2010,2017,8
Sugarcane,Bihar,Gaya,2010,2017,8
Sugarcane,Bihar,Mungair,2010,2017,8
Sugarcane,Bihar,Muzaffarpur,2010,2017,8
Sugarcane,Bihar,Patna,2010,2017,8
Sugarcane,Bihar,Purnea,2010,2017,8
Sugarcane,Bihar,Saharsa,2010,2017,8
Sugarcane,Bihar,Saran,2010,2017,8
Sugarcane,Bihar,Shahabad (Now Part Of Bhojpur District),2010,2017,8
Sugarcane,Chhattisgarh,Bastar,2010,2017,8
Sugarcane,Chhattisgarh,Bilaspur,2010,2017,8
Sugarcane,Chhattisgarh,Durg,2010,2017,8
Sugarcane,Chhattisgarh,Raigarh,2010,2017,8
Sugarcane,Chhattisgarh,Raipur,2010,2017,8
Sugarcane,Chhattisgarh,Surguja,2010,2017,8
Sugarcane,Gujarat,Ahmedabad,2010,2017,8
Sugarcane,Gujarat,Amreli,2010,2017,8
Sugarcane,Gujarat,Banaskantha,2010,2017,8
Sugarcane,Gujarat,Bharuch,2010,2017,8
Sugarcane,Gujarat,Bhavnagar,2010,2017,8
Sugarcane,Gujarat,Dangs,2010,2017,8
Sugarcane,Gujarat,Jamnagar,2010,2017,8
Sugarcane,Gujarat,Junagadh,2010,2017,8
Sugarcane,Gujarat,Kheda,2010,2017,8
Sugarcane,Gujarat,Kutch,2010,2017,8
Sugarcane,Gujarat,Mehsana,2010,2017,8
Sugarcane,Gujarat,Panchmahal,2010,2017,8
Sugarcane,Gujarat,Rajkot,2010,2017,8
Sugarcane,Gujarat,Sabarkantha,2010,2017,8
Sugarcane,Gujarat,Surat,2010,2017,8
Sugarcane,Gujarat,Surendranagar,2010,2017,8
Sugarcane,Gujarat,Vadodara / Baroda,2010,2017,8
Sugarcane,Gujarat,Valsad,2010,2017,8
Sugarcane,Haryana,Ambala,2010,2017,8
Sugarcane,Haryana,Gurgaon,2010,2017,8
Sugarcane,Haryana,Hissar,2010,2017,8
Sugarcane,Haryana,Jind,2010,2017,8
Sugarcane,Haryana,Karnal,2010,2017,8
Sugarcane,Haryana,Mahendragarh / Narnaul,2010,2017,8
Sugarcane,Haryana,Rohtak,2010,2017,8
Sugarcane,Himachal Pradesh,Bilashpur,2010,2017,8
Sugarcane,Himachal Pradesh,Chamba,2010,2017,8
Sugarcane,Himachal Pradesh,Kangra,2010,2017,8
Sugarcane,Himachal Pradesh,Kinnaur,2010,2017,8
Sugarcane,Himachal Pradesh,Kullu,2010,2017,8
Sugarcane,Himachal Pradesh,Lahul & Spiti,2010,2017,8
Sugarcane,Himachal Pradesh,Mandi,2010,2017,8
Sugarcane,Himachal Pradesh,Shimla,2010,2017,8
Sugarcane,Himachal Pradesh,Sirmaur,2010,2017,8
Sugarcane,Himachal Pradesh,Solan,2010,2017,8
Sugarcane,Jharkhand,Dhanbad,2010,2017,8
Sugarcane,Jharkhand,Hazaribagh,2010,2017,8
Sugarcane,Jharkhand,Palamau,2010,2017,8
Sugarcane,Jharkhand,Ranchi,2010,2017,8
Sugarcane,Jharkhand,Santhal Paragana / Dumka,2010,2017,8
Sugarcane,Jharkhand,Singhbhum,2010,2017,8
Sugarcane,Karnataka,Bangalore,2010,2017,8
Sugarcane,Karnataka,Belgaum,2010,2017,8
Sugarcane,Karnataka,Bellary,2010,2017,8
Sugarcane,Karnataka,Bidar,2010,2017,8
Sugarcane,Karnataka,Bijapur / Vijayapura,2010,2017,8
Sugarcane,Karnataka,Chickmagalur,2010,2017,8
Sugarcane,Karnataka,Chitradurga,2010,2017,8
Sugarcane,Karnataka,Dakshina Kannada,2010,2017,8
Sugarcane,Karnataka,Dharwad,2010,2017,8
Sugarcane,Karnataka,Gulbarga / Kalaburagi,2010,2017,8
Sugarcane,Karnataka,Hassan,2010,2017,8
Sugarcane,Karnataka,Kodagu / Coorg,2010,2017,8
Sugarcane,Karnataka,Kolar,2010,2017,8
Sugarcane,Karnataka,Mandya,2010,2017,8
Sugarcane,Karnataka,Mysore,2010,2017,8
Sugarcane,Karnataka,Raichur,2010,2017,8
Sugarcane,Karnataka,Shimoge,2010,2017,8
Sugarcane,Karnataka,Tumkur,2010,2017,8
Sugarcane,Karnataka,Uttara Kannada,2010,2017,8
Sugarcane,Kerala,Alappuzha,2010,2017,8
Sugarcane,Kerala,Eranakulam,2010,2017,8
Sugarcane,Kerala,Kannur,2010,2017,8
Sugarcane,Kerala,Kollam,2010,2017,8
Sugarcane,Kerala,Kottayam,2010,2017,8
Sugarcane,Kerala,Kozhikode,2010,2017,8
Sugarcane,Kerala,Malappuram,2010,2017,8
Sugarcane,Kerala,Palakkad,2010,2017,8
Sugarcane,Kerala,Thiruvananthapuram,2010,2017,8
Sugarcane,Kerala,Thrissur,2010,2017,8
Sugarcane,Madhya Pradesh,Balaghat,2010,2017,8
Sugarcane,Madhya Pradesh,Betul,2010,2017,8
Sugarcane,Madhya Pradesh,Bhind,2010,2017,8
Sugarcane,Madhya Pradesh,Chhatarpur,2010,2017,8
Sugarcane,Madhya Pradesh,Chhindwara,2010,2017,8
Sugarcane,Madhya Pradesh,Damoh,2010,2017,8
Sugarcane,Madhya Pradesh,Datia,2010,2017,8
Sugarcane,Madhya Pradesh,Dewas,2010,2017,8
Sugarcane,Madhya Pradesh,Dhar,2010,2017,8
Sugarcane,Madhya Pradesh,Guna,2010,2017,8
Sugarcane,Madhya Pradesh,Gwalior,2010,2017,8
Sugarcane,Madhya Pradesh,Hoshangabad,2010,2017,8
Sugarcane,Madhya Pradesh,Indore,2010,2017,8
Sugarcane,Madhya Pradesh,Jabalpur,2010,2017,8
Sugarcane,Madhya Pradesh,Jhabua,2010,2017,8
Sugarcane,Madhya Pradesh,Khandwa / East Nimar,2010,2017,8
Sugarcane,Madhya Pradesh,Khargone / West Nimar,2010,2017,8
Sugarcane,Madhya Pradesh,Mandla,2010,2017,8
Sugarcane,Madhya Pradesh,Mandsaur,2010,2017,8
Sugarcane,Madhya Pradesh,Morena,2010,2017,8
Sugarcane,Madhya Pradesh,Narsinghpur,2010,2017,8
Sugarcane,Madhya Pradesh,Panna,2010,2017,8
Sugarcane,Madhya Pradesh,Raisen,2010,2017,8
Sugarcane,Madhya Pradesh,Rajgarh,2010,2017,8
Sugarcane,Madhya Pradesh,Ratlam,2010,2017,8
Sugarcane,Madhya Pradesh,Rewa,2010,2016,7
Sugarcane,Madhya Pradesh,Sagar,2010,2017,8
Sugarcane,Madhya Pradesh,Satna,2010,2017,8
Sugarcane,Madhya Pradesh,Sehore,2010,2017,8
Sugarcane,Madhya Pradesh,Seoni / Shivani,2010,2017,8
Sugarcane,Madhya Pradesh,Shahdol,2010,2017,8
Sugarcane,Madhya Pradesh,Shajapur,2010,2017,8
Sugarcane,Madhya Pradesh,Shivpuri,2010,2017,8
Sugarcane,Madhya Pradesh,Sidhi,2010,2017,8
Sugarcane,Madhya Pradesh,Tikamgarh,2010,2017,8
Sugarcane,Madhya Pradesh,Ujjain,2010,2017,8
Sugarcane,Madhya Pradesh,Vidisha,2010,2017,8
Sugarcane,Maharashtra,Ahmednagar,2010,2017,8
Sugarcane,Maharashtra,Akola,2010,2017,8
Sugarcane,Maharashtra,Amarawati,2010,2017,8
Sugarcane,Maharashtra,Aurangabad,2010,2017,8
Sugarcane,Maharashtra,Beed,2010,2017,8
Sugarcane,Maharashtra,Bhandara,2010,2017,8
Sugarcane,Maharashtra,Bombay,2010,2016,4
Sugarcane,Maharashtra,Buldhana,2010,2017,8
Sugarcane,Maharashtra,Chandrapur,2010,2017,8
Sugarcane,Maharashtra,Dhule,2010,2017,8
Sugarcane,Maharashtra,Jalgaon,2010,2017,8
Sugarcane,Maharashtra,Kolhapur,2010,2017,8
Sugarcane,Maharashtra,Nagpur,2010,2017,8
Sugarcane,Maharashtra,Nanded,2010,2017,8
Sugarcane,Maharashtra,Nasik,2010,2017,8
Sugarcane,Maharashtra,Osmanabad,2010,2017,8
Sugarcane,Maharashtra,Parbhani,2010,2017,8
Sugarcane,Maharashtra,Pune,2010,2017,8
Sugarcane,Maharashtra,Raigad,2010,2017,8
Sugarcane,Maharashtra,Ratnagiri,2010,2017,8
Sugarcane,Maharashtra,Sangli,2010,2017,8
Sugarcane,Maharashtra,Satara,2010,2017,8
Sugarcane,Maharashtra,Solapur,2010,2017,8
Sugarcane,Maharashtra,Thane,2010,2017,8
Sugarcane,Maharashtra,Wardha,2010,2017,8
Sugarcane,Maharashtra,Yeotmal,2010,2017,8
Sugarcane,Orissa,Balasore,2010,2017,8
Sugarcane,Orissa,Bolangir,2010,2017,8
Sugarcane,Orissa,Cuttack,2010,2017,8
Sugarcane,Orissa,Dhenkanal,2010,2017,8
Sugarcane,Orissa,Ganjam,2010,2017,8
Sugarcane,Orissa,Kalahandi,2010,2017,8
Sugarcane,Orissa,Keonjhar,2010,2017,8
Sugarcane,Orissa,Koraput,2010,2017,8
Sugarcane,Orissa,Mayurbhanja,2010,2017,8
Sugarcane,Orissa,Phulbani ( Kandhamal ),2010,2017,8
Sugarcane,Orissa,Puri,2010,2017,8
Sugarcane,Orissa,Sambalpur,2010,2017,8
Sugarcane,Orissa,Sundargarh,2010,2017,8
Sugarcane,Punjab,Amritsar,2010,2017,8
Sugarcane,Punjab,Bhatinda,2010,2017,8
Sugarcane,Punjab,Ferozpur,2010,2017,8
Sugarcane,Punjab,Gurdaspur,2010,2017,8
Sugarcane,Punjab,Hoshiarpur,2010,2017,8
Sugarcane,Punjab,Jalandhar,2010,2017,8
Sugarcane,Punjab,Kapurthala,2010,2017,8
Sugarcane,Punjab,Ludhiana,2010,2017,8
Sugarcane,Punjab,Patiala,2010,2017,8
Sugarcane,Punjab,Roopnagar / Ropar,2010,2017,8
Sugarcane,Punjab,Sangrur,2010,2016,7
Sugarcane,Rajasthan,Ajmer,2010,2017,8
Sugarcane,Rajasthan,Alwar,2010,2017,8
Sugarcane,Rajasthan,Banswara,2010,2017,8
Sugarcane,Rajasthan,Barmer,2010,2017,8
Sugarcane,Rajasthan,Bharatpur,2010,2017,8
Sugarcane,Rajasthan,Bhilwara,2010,2017,8
Sugarcane,Rajasthan,Bikaner,2010,2017,8
Sugarcane,Rajasthan,Bundi,2010,2017,8
Sugarcane,Rajasthan,Chittorgarh,2010,2017,8
Sugarcane,Rajasthan,Churu,2010,2017,8
Sugarcane,Rajasthan,Dungarpur,2010,2017,8
Sugarcane,Rajasthan,Ganganagar,2010,2017,8
Sugarcane,Rajasthan,Jaipur,2010,2017,8
Sugarcane,Rajasthan,Jaisalmer,2010,2017,8
Sugarcane,Rajasthan,Jalore,2010,2017,8
Sugarcane,Rajasthan,Jhalawar,2010,2017,8
Sugarcane,Rajasthan,Jhunjhunu,2010,2017,8
Sugarcane,Rajasthan,Jodhpur,2010,2017,8
Sugarcane,Rajasthan,Kota,2010,2017,8
Sugarcane,Rajasthan,Nagaur,2010,2017,8
Sugarcane,Rajasthan,Pali,2010,2017,8
Sugarcane,Rajasthan,Sikar,2010,2017,8
Sugarcane,Rajasthan,Sirohi,2010,2017,8
Sugarcane,Rajasthan,Swami Madhopur,2010,2017,8
Sugarcane,Rajasthan,Tonk,2010,2017,8
Sugarcane,Rajasthan,Udaipur,2010,2017,8
Sugarcane,Tamil Nadu,Chengalpattu Mgr / Kanchipuram,2010,2017,8
Sugarcane,Tamil Nadu,Coimbatore,2010,2017,8
Sugarcane,Tamil Nadu,Kanyakumari,2010,2017,5
Sugarcane,Tamil Nadu,Madurai,2010,2017,7
Sugarcane,Tamil Nadu,North Arcot / Vellore,2010,2017,7
Sugarcane,Tamil Nadu,Ramananthapuram,2010,2017,8
Sugarcane,Tamil Nadu,Salem,2010,2016,5
Sugarcane,Tamil Nadu,South Arcot / Cuddalore,2010,2017,8
Sugarcane,Tamil Nadu,Thanjavur,2010,2017,8
Sugarcane,Tamil Nadu,The Nilgiris,2010,2017,7
Sugarcane,Tamil Nadu,Thirunelveli,2010,2017,6
Sugarcane,Tamil Nadu,Tiruchirapalli / Trichy,2010,2017,6
Sugarcane,Telangana,Adilabad,2010,2017,8
Sugarcane,Telangana,Hyderabad,2010,2017,8
Sugarcane,Telangana,Karimnagar,2010,2017,8
Sugarcane,Telangana,Khammam,2010,2017,8
Sugarcane,Telangana,Mahabubnagar,2010,2017,8
Sugarcane,Telangana,Medak,2010,2017,8
Sugarcane,Telangana,Nalgonda,2010,2017,8
Sugarcane,Telangana,Nizamabad,2010,2017,8
Sugarcane,Telangana,Warangal,2010,2017,8
Sugarcane,Uttar Pradesh,Agra,2010,2017,8
Sugarcane,Uttar Pradesh,Aligarh,2010,2017,8
Sugarcane,Uttar Pradesh,Allahabad,2010,2017,8
Sugarcane,Uttar Pradesh,Azamgarh,2010,2017,8
Sugarcane,Uttar Pradesh,Bahraich,2010,2017,8
Sugarcane,Uttar Pradesh,Ballia,2010,2017,8
Sugarcane,Uttar Pradesh,Banda,2010,2017,8
Sugarcane,Uttar Pradesh,Barabanki,2010,2017,8
Sugarcane,Uttar Pradesh,Bareilly,2010,2017,8
Sugarcane,Uttar Pradesh,Basti,2010,2017,8
Sugarcane,Uttar Pradesh,Bijnor,2010,2017,8
Sugarcane,Uttar Pradesh,Budaun,2010,2017,8
Sugarcane,Uttar Pradesh,Buland Shahar,2010,2017,8
Sugarcane,Uttar Pradesh,Deoria,2010,2017,8
Sugarcane,Uttar Pradesh,Etah,2010,2017,8
Sugarcane,Uttar Pradesh,Etawah,2010,2017,8
Sugarcane,Uttar Pradesh,Faizabad,2010,2017,8
Sugarcane,Uttar Pradesh,Farrukhabad,2010,2017,8
Sugarcane,Uttar Pradesh,Fatehpur,2010,2017,8
Sugarcane,Uttar Pradesh,Ghazipur,2010,2017,8
Sugarcane,Uttar Pradesh,Gonda,2010,2017,8
Sugarcane,Uttar Pradesh,Gorakhpur,2010,2017,8
Sugarcane,Uttar Pradesh,Hamirpur,2010,2017,8
Sugarcane,Uttar Pradesh,Hardoi,2010,2017,8
Sugarcane,Uttar Pradesh,Jalaun,2010,2017,8
Sugarcane,Uttar Pradesh,Jaunpur,2010,2017,8
Sugarcane,Uttar Pradesh,Jhansi,2010,2017,8
Sugarcane,Uttar Pradesh,Kanpur,2010,2017,8
Sugarcane,Uttar Pradesh,Kheri,2010,2017,8
Sugarcane,Uttar Pradesh,Lucknow,2010,2017,8
Sugarcane,Uttar Pradesh,Mainpuri,2010,2017,8
Sugarcane,Uttar Pradesh,Mathura,2010,2017,8
Sugarcane,Uttar Pradesh,Meerut,2010,2017,8
Sugarcane,Uttar Pradesh,Mirzpur,2010,2017,8
Sugarcane,Uttar Pradesh,Moradabad,2010,2017,8
Sugarcane,Uttar Pradesh,Muzaffarnagar,2010,2017,8
Sugarcane,Uttar Pradesh,Pilibhit,2010,2017,8
Sugarcane,Uttar Pradesh,Pratapgarh,2010,2017,8
Sugarcane,Uttar Pradesh,Rae-Bareily,2010,2017,8
Sugarcane,Uttar Pradesh,Rampur,2010,2017,8
Sugarcane,Uttar Pradesh,Saharanpur,2010,2017,8
Sugarcane,Uttar Pradesh,Shahjahanpur,2010,2017,8
Sugarcane,Uttar Pradesh,Sitapur,2010,2017,8
Sugarcane,Uttar Pradesh,Sultanpur,2010,2017,8
Sugarcane,Uttar Pradesh,Unnao,2010,2017,8
Sugarcane,Uttar Pradesh,Varanasi,2010,2017,8
Sugarcane,Uttarakhand,Almorah,2010,2017,8
Sugarcane,Uttarakhand,Chamoli,2010,2017,8
Sugarcane,Uttarakhand,Dehradun,2010,2017,8
Sugarcane,Uttarakhand,Garhwal,2010,2017,8
Sugarcane,Uttarakhand,Nainital,2010,2017,8
Sugarcane,Uttarakhand,Pithorgarh,2010,2017,8
Sugarcane,Uttarakhand,Tehri Garhwal,2010,2017,8
Sugarcane,Uttarakhand,Uttar Kashi,2010,2017,8
Sugarcane,West Bengal,24 Parganas,2010,2017,8
Sugarcane,West Bengal,Bankura,2010,2017,8
Sugarcane,West Bengal,Birbhum,2010,2017,8
Sugarcane,West Bengal,Burdwan,2010,2017,8
Sugarcane,West Bengal,Cooch Behar,2010,2017,8
Sugarcane,West Bengal,Darjeeling,2010,2017,8
Sugarcane,West Bengal,Hooghly,2010,2017,8
Sugarcane,West Bengal,Howrah,2010,2017,8
Sugarcane,West Bengal,Jalpaiguri,2010,2017,8
Sugarcane,West Bengal,Malda,2010,2017,8
Sugarcane,West Bengal,Midnapur,2010,2017,8
Sugarcane,West Bengal,Murshidabad,2010,2017,8
Sugarcane,West Bengal,Nadia,2010,2017,8
Sugarcane,West Bengal,Purulia,2010,2017,8
Sugarcane,West Bengal,West Dinajpur,2010,2017,8
Sunflower,Andhra Pradesh,Ananthapur,2010,2017,8
Sunflower,Andhra Pradesh,Chittoor,2010,2017,8
Sunflower,Andhra Pradesh,East Godavari,2010,2017,8
Sunflower,Andhra Pradesh,Guntur,2010,2017,8
Sunflower,Andhra Pradesh,Kadapa Ysr,2010,2017,8
Sunflower,Andhra Pradesh,Krishna,2010,2017,8
Sunflower,Andhra Pradesh,Kurnool,2010,2017,8
Sunflower,Andhra Pradesh,S.P.S. Nellore,2010,2017,8
Sunflower,Andhra Pradesh,Srikakulam,2010,2017,8
Sunflower,Andhra Pradesh,Visakhapatnam,2010,2017,8
Sunflower,Andhra Pradesh,West Godavari,2010,2017,8
Sunflower,Assam,Cachar,2010,2017,8
Sunflower,Assam,Darrang,2010,2017,8
Sunflower,Assam,Dibrugarh,2010,2017,8
Sunflower,Assam,Goalpara,2010,2017,8
Sunflower,Assam,Kamrup,2010,2017,8
Sunflower,Assam,Karbi Anglong,2010,2017,8
Sunflower,Assam,Lakhimpur,2010,2017,8
Sunflower,Assam,Nagaon,2010,2017,8
Sunflower,Assam,North Cachar Hil / Dima Hasao,2010,2017,8
Sunflower,Assam,Sibsagar,2010,2017,8
Sunflower,Bihar,Bhagalpur,2010,2017,8
Sunflower,Bihar,Champaran,2010,2017,8
Sunflower,Bihar,Darbhanga,2010,2017,8
Sunflower,Bihar,Gaya,2010,2017,8
Sunflower,Bihar,Mungair,2010,2017,8
Sunflower,Bihar,Muzaffarpur,2010,2017,8
Sunflower,Bihar,Patna,2010,2017,8
Sunflower,Bihar,Purnea,2010,2017,8
Sunflower,Bihar,Saharsa,2010,2017,8
Sunflower,Bihar,Saran,2010,2017,8
Sunflower,Bihar,Shahabad (Now Part Of Bhojpur District),2010,2017,8
Sunflower,Chhattisgarh,Bastar,2010,2017,8
Sunflower,Chhattisgarh,Bilaspur,2010,2017,8
Sunflower,Chhattisgarh,Durg,2010,2017,8
Sunflower,Chhattisgarh,Raigarh,2010,2017,8
Sunflower,Chhattisgarh,Raipur,2010,2017,8
Sunflower,Chhattisgarh,Surguja,2010,2017,8
Sunflower,Gujarat,Ahmedabad,2010,2017,8
Sunflower,Gujarat,Amreli,2010,2017,8
Sunflower,Gujarat,Banaskantha,2010,2017,8
Sunflower,Gujarat,Bharuch,2010,2017,8
Sunflower,Gujarat,Bhavnagar,2010,2017,8
Sunflower,Gujarat,Dangs,2010,2017,8
Sunflower,Gujarat,Jamnagar,2010,2017,8
Sunflower,Gujarat,Junagadh,2010,2017,8
Sunflower,Gujarat,Kheda,2010,2017,8
Sunflower,Gujarat,Kutch,2010,2017,8
Sunflower,Gujarat,Mehsana,2010,2017,8
Sunflower,Gujarat,Panchmahal,2010,2017,8
Sunflower,Gujarat,Rajkot,2010,2017,8
Sunflower,Gujarat,Sabarkantha,2010,2017,8
Sunflower,Gujarat,Surat,2010,2017,8
Sunflower,Gujarat,Surendranagar,2010,2017,8
Sunflower,Gujarat,Vadodara / Baroda,2010,2017,8
Sunflower,Gujarat,Valsad,2010,2017,8
Sunflower,Haryana,Ambala,2010,2017,8
Sunflower,Haryana,Gurgaon,2010,2017,8
Sunflower,Haryana,Hissar,2010,2017,8
Sunflower,Haryana,Jind,2010,2017,8
Sunflower,Haryana,Karnal,2010,2017,8
Sunflower,Haryana,Mahendragarh / Narnaul,2010,2017,8
Sunflower,Haryana,Rohtak,2010,2017,8
Sunflower,Himachal Pradesh,Bilashpur,2010,2017,8
Sunflower,Himachal Pradesh,Chamba,2010,2017,8
Sunflower,Himachal Pradesh,Kangra,2010,2017,8
Sunflower,Himachal Pradesh,Kinnaur,2010,2017,8
Sunflower,Himachal Pradesh,Kullu,2010,2017,8
Sunflower,Himachal Pradesh,Lahul & Spiti,2010,2017,8
Sunflower,Himachal Pradesh,Mandi,2010,2017,8
Sunflower,Himachal Pradesh,Shimla,2010,2017,8
Sunflower,Himachal Pradesh,Sirmaur,2010,2017,8
Sunflower,Himachal Pradesh,Solan,2010,2017,8
Sunflower,Jharkhand,Dhanbad,2010,2017,8
Sunflower,Jharkhand,Hazaribagh,2010,2017,8
Sunflower,Jharkhand,Palamau,2010,2017,8
Sunflower,Jharkhand,Ranchi,2010,2017,8
Sunflower,Jharkhand,Santhal Paragana / Dumka,2010,2017,8
Sunflower,Jharkhand,Singhbhum,2010,2017,8
Sunflower,Karnataka,Bangalore,2010,2017,8
Sunflower,Karnataka,Belgaum,2010,2017,8
Sunflower,Karnataka,Bellary,2010,2017,8
Sunflower,Karnataka,Bidar,2010,2017,8
Sunflower,Karnataka,Bijapur / Vijayapura,2010,2017,8
Sunflower,Karnataka,Chickmagalur,2010,2017,8
Sunflower,Karnataka,Chitradurga,2010,2017,8
Sunflower,Karnataka,Dakshina Kannada,2010,2017,8
Sunflower,Karnataka,Dharwad,2010,2017,8
Sunflower,Karnataka,Gulbarga / Kalaburagi,2010,2017,8
Sunflower,Karnataka,Hassan,2010,2017,8
Sunflower,Karnataka,Kodagu / Coorg,2010,2017,8
Sunflower,Karnataka,Kolar,2010,2017,8
Sunflower,Karnataka,Mandya,2010,2017,8
Sunflower,Karnataka,Mysore,2010,2017,8
Sunflower,Karnataka,Raichur,2010,2017,8
Sunflower,Karnataka,Shimoge,2010,2017,8
Sunflower,Karnataka,Tumkur,2010,2017,8
Sunflower,Karnataka,Uttara Kannada,2010,2017,8
Sunflower,Kerala,Alappuzha,2010,2017,8
Sunflower,Kerala,Eranakulam,2010,2017,8
Sunflower,Kerala,Kannur,2010,2017,8
Sunflower,Kerala,Kollam,2010,2017,8
Sunflower,Kerala,Kottayam,2010,2017,8
Sunflower,Kerala,Kozhikode,2010,2017,8
Sunflower,Kerala,Malappuram,2010,2017,8
Sunflower,Kerala,Palakkad,2010,2017,8
Sunflower,Kerala,Thiruvananthapuram,2010,2017,8
Sunflower,Kerala,Thrissur,2010,2017,8
Sunflower,Madhya Pradesh,Balaghat,2010,2017,8
Sunflower,Madhya Pradesh,Betul,2010,2017,8
Sunflower,Madhya Pradesh,Bhind,2010,2017,8
Sunflower,Madhya Pradesh,Chhatarpur,2010,2017,8
Sunflower,Madhya Pradesh,Chhindwara,2010,2017,8
Sunflower,Madhya Pradesh,Damoh,2010,2017,8
Sunflower,Madhya Pradesh,Datia,2010,2017,8
Sunflower,Madhya Pradesh,Dewas,2010,2017,8
Sunflower,Madhya Pradesh,Dhar,2010,2017,8
Sunflower,Madhya Pradesh,Guna,2010,2017,8
Sunflower,Madhya Pradesh,Gwalior,2010,2017,8
Sunflower,Madhya Pradesh,Hoshangabad,2010,2017,8
Sunflower,Madhya Pradesh,Indore,2010,2017,8
Sunflower,Madhya Pradesh,Jabalpur,2010,2017,8
Sunflower,Madhya Pradesh,Jhabua,2010,2017,8
Sunflower,Madhya Pradesh,Khandwa / East Nimar,2010,2017,8
Sunflower,Madhya Pradesh,Khargone / West Nimar,2010,2017,8
Sunflower,Madhya Pradesh,Mandla,2010,2017,8
Sunflower,Madhya Pradesh,Mandsaur,2010,2017,8
Sunflower,Madhya Pradesh,Morena,2010,2017,8
Sunflower,Madhya Pradesh,Narsinghpur,2010,2017,8
Sunflower,Madhya Pradesh,Panna,2010,2017,8
Sunflower,Madhya Pradesh,Raisen,2010,2017,8
Sunflower,Madhya Pradesh,Rajgarh,2010,2017,8
Sunflower,Madhya Pradesh,Ratlam,2010,2017,8
Sunflower,Madhya Pradesh,Rewa,2010,2016,7
Sunflower,Madhya Pradesh,Sagar,2010,2017,8
Sunflower,Madhya Pradesh,Satna,2010,2017,8
Sunflower,Madhya Pradesh,Sehore,2010,2017,8
Sunflower,Madhya Pradesh,Seoni / Shivani,2010,2017,8
Sunflower,Madhya Pradesh,Shahdol,2010,2017,8
Sunflower,Madhya Pradesh,Shajapur,2010,2017,8
Sunflower,Madhya Pradesh,Shivpuri,2010,2017,8
Sunflower,Madhya Pradesh,Sidhi,2010,2017,8
Sunflower,Madhya Pradesh,Tikamgarh,2010,2017,8
Sunflower,Madhya Pradesh,Ujjain,2010,2017,8
Sunflower,Madhya Pradesh,Vidisha,2010,2017,8
Sunflower,Maharashtra,Ahmednagar,2010,2017,8
Sunflower,Maharashtra,Akola,2010,2017,8
Sunflower,Maharashtra,Amarawati,2010,2017,8
Sunflower,Maharashtra,Aurangabad,2010,2017,8
Sunflower,Maharashtra,Beed,2010,2017,8
Sunflower,Maharashtra,Bhandara,2010,2017,8
Sunflower,Maharashtra,Bombay,2010,2016,4
Sunflower,Maharashtra,Buldhana,2010,2017,8
Sunflower,Maharashtra,Chandrapur,2010,2017,8
Sunflower,Maharashtra,Dhule,2010,2017,8
Sunflower,Maharashtra,Jalgaon,2010,2017,8
Sunflower,Maharashtra,Kolhapur,2010,2017,8
Sunflower,Maharashtra,Nagpur,2010,2017,8
Sunflower,Maharashtra,Nanded,2010,2017,8
Sunflower,Maharashtra,Nasik,2010,2017,8
Sunflower,Maharashtra,Osmanabad,2010,2017,8
Sunflower,Maharashtra,Parbhani,2010,2017,8
Sunflower,Maharashtra,Pune,2010,2017,8
Sunflower,Maharashtra,Raigad,2010,2017,8
Sunflower,Maharashtra,Ratnagiri,2010,2017,8
Sunflower,Maharashtra,Sangli,2010,2017,8
Sunflower,Maharashtra,Satara,2010,2017,8
Sunflower,Maharashtra,Solapur,2010,2017,8
Sunflower,Maharashtra,Thane,2010,2017,8
Sunflower,Maharashtra,Wardha,2010,2017,8
Sunflower,Maharashtra,Yeotmal,2010,2017,8
Sunflower,Orissa,Balasore,2010,2017,8
Sunflower,Orissa,Bolangir,2010,2017,8
Sunflower,Orissa,Cuttack,2010,2017,8
Sunflower,Orissa,Dhenkanal,2010,2017,8
Sunflower,Orissa,Ganjam,2010,2017,8
Sunflower,Orissa,Kalahandi,2010,2017,8
Sunflower,Orissa,Keonjhar,2010,2017,8
Sunflower,Orissa,Koraput,2010,2017,8
Sunflower,Orissa,Mayurbhanja,2010,2017,8
Sunflower,Orissa,Phulbani ( Kandhamal ),2010,2017,8
Sunflower,Orissa,Puri,2010,2017,8
Sunflower,Orissa,Sambalpur,2010,2017,8
Sunflower,Orissa,Sundargarh,2010,2017,8
Sunflower,Punjab,Amritsar,2010,2017,8
Sunflower,Punjab,Bhatinda,2010,2017,8
Sunflower,Punjab,Ferozpur,2010,2017,8
Sunflower,Punjab,Gurdaspur,2010,2017,8
Sunflower,Punjab,Hoshiarpur,2010,2017,8
Sunflower,Punjab,Jalandhar,2010,2017,8
Sunflower,Punjab,Kapurthala,2010,2017,8
Sunflower,Punjab,Ludhiana,2010,2017,8
Sunflower,Punjab,Patiala,2010,2017,8
Sunflower,Punjab,Roopnagar / Ropar,2010,2017,8
Sunflower,Punjab,Sangrur,2010,2016,7
Sunflower,Rajasthan,Ajmer,2010,2017,8
Sunflower,Rajasthan,Alwar,2010,2017,8
Sunflower,Rajasthan,Banswara,2010,2017,8
Sunflower,Rajasthan,Barmer,2010,2017,8
Sunflower,Rajasthan,Bharatpur,2010,2017,8
Sunflower,Rajasthan,Bhilwara,2010,2017,8
Sunflower,Rajasthan,Bikaner,2010,2017,8
Sunflower,Rajasthan,Bundi,2010,2017,8
Sunflower,Rajasthan,Chittorgarh,2010,2017,8
Sunflower,Rajasthan,Churu,2010,2017,8
Sunflower,Rajasthan,Dungarpur,2010,2017,8
Sunflower,Rajasthan,Ganganagar,2010,2017,8
Sunflower,Rajasthan,Jaipur,2010,2017,8
Sunflower,Rajasthan,Jaisalmer,2010,2017,8
Sunflower,Rajasthan,Jalore,2010,2017,8
Sunflower,Rajasthan,Jhalawar,2010,2017,8
Sunflower,Rajasthan,Jhunjhunu,2010,2017,8
Sunflower,Rajasthan,Jodhpur,2010,2017,8
Sunflower,Rajasthan,Kota,2010,2017,8
Sunflower,Rajasthan,Nagaur,2010,2017,8
Sunflower,Rajasthan,Pali,2010,2017,8
Sunflower,Rajasthan,Sikar,2010,2017,8
Sunflower,Rajasthan,Sirohi,2010,2017,8
Sunflower,Rajasthan,Swami Madhopur,2010,2017,8
Sunflower,Rajasthan,Tonk,2010,2017,8
Sunflower,Rajasthan,Udaipur,2010,2017,8
Sunflower,Tamil Nadu,Chengalpattu Mgr / Kanchipuram,2010,2017,8
Sunflower,Tamil Nadu,Coimbatore,2010,2017,8
Sunflower,Tamil Nadu,Kanyakumari,2010,2017,5
Sunflower,Tamil Nadu,Madurai,2010,2017,7
Sunflower,Tamil Nadu,North Arcot / Vellore,2010,2017,7
Sunflower,Tamil Nadu,Ramananthapuram,2010,2017,8
Sunflower,Tamil Nadu,Salem,2010,2016,5
Sunflower,Tamil Nadu,South Arcot / Cuddalore,2010,2017,8
Sunflower,Tamil Nadu,Thanjavur,2010,2017,8
Sunflower,Tamil Nadu,The Nilgiris,2010,2017,7
Sunflower,Tamil Nadu,Thirunelveli,2010,2017,6
Sunflower,Tamil Nadu,Tiruchirapalli / Trichy,2010,2017,6
Sunflower,Telangana,Adilabad,2010,2017,8
Sunflower,Telangana,Hyderabad,2010,2017,8
Sunflower,Telangana,Karimnagar,2010,2017,8
Sunflower,Telangana,Khammam,2010,2017,8
Sunflower,Telangana,Mahabubnagar,2010,2017,8
Sunflower,Telangana,Medak,2010,2017,8
Sunflower,Telangana,Nalgonda,2010,2017,8
Sunflower,Telangana,Nizamabad,2010,2017,8
Sunflower,Telangana,Warangal,2010,2017,8
Sunflower,Uttar Pradesh,Agra,2010,2017,8
Sunflower,Uttar Pradesh,Aligarh,2010,2017,8
Sunflower,Uttar Pradesh,Allahabad,2010,2017,8
Sunflower,Uttar Pradesh,Azamgarh,2010,2017,8
Sunflower,Uttar Pradesh,Bahraich,2010,2017,8
Sunflower,Uttar Pradesh,Ballia,2010,2017,8
Sunflower,Uttar Pradesh,Banda,2010,2017,8
Sunflower,Uttar Pradesh,Barabanki,2010,2017,8
Sunflower,Uttar Pradesh,Bareilly,2010,2017,8
Sunflower,Uttar Pradesh,Basti,2010,2017,8
Sunflower,Uttar Pradesh,Bijnor,2010,2017,8
Sunflower,Uttar Pradesh,Budaun,2010,2017,8
Sunflower,Uttar Pradesh,Buland Shahar,2010,2017,8
Sunflower,Uttar Pradesh,Deoria,2010,2017,8
Sunflower,Uttar Pradesh,Etah,2010,2017,8
Sunflower,Uttar Pradesh,Etawah,2010,2017,8
Sunflower,Uttar Pradesh,Faizabad,2010,2017,8
Sunflower,Uttar Pradesh,Farrukhabad,2010,2017,8
Sunflower,Uttar Pradesh,Fatehpur,2010,2017,8
Sunflower,Uttar Pradesh,Ghazipur,2010,2017,8
Sunflower,Uttar Pradesh,Gonda,2010,2017,8
Sunflower,Uttar Pradesh,Gorakhpur,2010,2017,8
Sunflower,Uttar Pradesh,Hamirpur,2010,2017,8
Sunflower,Uttar Pradesh,Hardoi,2010,2017,8
Sunflower,Uttar Pradesh,Jalaun,2010,2017,8
Sunflower,Uttar Pradesh,Jaunpur,2010,2017,8
Sunflower,Uttar Pradesh,Jhansi,2010,2017,8
Sunflower,Uttar Pradesh,Kanpur,2010,2017,8
Sunflower,Uttar Pradesh,Kheri,2010,2017,8
Sunflower,Uttar Pradesh,Lucknow,2010,2017,8
Sunflower,Uttar Pradesh,Mainpuri,2010,2017,8
Sunflower,Uttar Pradesh,Mathura,2010,2017,8
Sunflower,Uttar Pradesh,Meerut,2010,2017,8
Sunflower,Uttar Pradesh,Mirzpur,2010,2017,8
Sunflower,Uttar Pradesh,Moradabad,2010,2017,8
Sunflower,Uttar Pradesh,Muzaffarnagar,2010,2017,8
Sunflower,Uttar Pradesh,Pilibhit,2010,2017,8
Sunflower,Uttar Pradesh,Pratapgarh,2010,2017,8
Sunflower,Uttar Pradesh,Rae-Bareily,2010,2017,8
Sunflower,Uttar Pradesh,Rampur,2010,2017,8
Sunflower,Uttar Pradesh,Saharanpur,2010,2017,8
Sunflower,Uttar Pradesh,Shahjahanpur,2010,2017,8
Sunflower,Uttar Pradesh,Sitapur,2010,2017,8
Sunflower,Uttar Pradesh,Sultanpur,2010,2017,8
Sunflower,Uttar Pradesh,Unnao,2010,2017,8
Sunflower,Uttar Pradesh,Varanasi,2010,2017,8
Sunflower,Uttarakhand,Almorah,2010,2017,8
Sunflower,Uttarakhand,Chamoli,2010,2017,8
Sunflower,Uttarakhand,Dehradun,2010,2017,8
Sunflower,Uttarakhand,Garhwal,2010,2017,8
Sunflower,Uttarakhand,Nainital,2010,2017,8
Sunflower,Uttarakhand,Pithorgarh,2010,2017,8
Sunflower,Uttarakhand,Tehri Garhwal,2010,2017,8
Sunflower,Uttarakhand,Uttar Kashi,2010,2017,8
Sunflower,West Bengal,24 Parganas,2010,2017,8
Sunflower,West Bengal,Bankura,2010,2017,8
Sunflower,West Bengal,Birbhum,2010,2017,8
Sunflower,West Bengal,Burdwan,2010,2017,8
Sunflower,West Bengal,Cooch Behar,2010,2017,8
Sunflower,West Bengal,Darjeeling,2010,2017,8
Sunflower,West Bengal,Hooghly,2010,2017,8
Sunflower,West Bengal,Howrah,2010,2017,8
Sunflower,West Bengal,Jalpaiguri,2010,2017,8
Sunflower,West Bengal,Malda,2010,2017,8
Sunflower,West Bengal,Midnapur,2010,2017,8
Sunflower,West Bengal,Murshidabad,2010,2017,8
Sunflower,West Bengal,Nadia,2010,2017,8
Sunflower,West Bengal,Purulia,2010,2017,8
Sunflower,West Bengal,West Dinajpur,2010,2017,8
Vegetables,Andhra Pradesh,Ananthapur,2010,2017,8
Vegetables,Andhra Pradesh,Chittoor,2010,2017,8
Vegetables,Andhra Pradesh,East Godavari,2010,2017,8
Vegetables,Andhra Pradesh,Guntur,2010,2017,8
Vegetables,Andhra Pradesh,Kadapa Ysr,2010,2017,8
Vegetables,Andhra Pradesh,Krishna,2010,2017,8
Vegetables,Andhra Pradesh,Kurnool,2010,2017,8
Vegetables,Andhra Pradesh,S.P.S. Nellore,2010,2017,8
Vegetables,Andhra Pradesh,Srikakulam,2010,2017,8
Vegetables,Andhra Pradesh,Visakhapatnam,2010,2017,8
Vegetables,Andhra Pradesh,West Godavari,2010,2017,8
Vegetables,Assam,Cachar,2010,2017,8
Vegetables,Assam,Darrang,2010,2017,8
Vegetables,Assam,Dibrugarh,2010,2017,8
Vegetables,Assam,Goalpara,2010,2017,8
Vegetables,Assam,Kamrup,2010,2017,8
Vegetables,Assam,Karbi Anglong,2010,2017,8
Vegetables,Assam,Lakhimpur,2010,2017,8
Vegetables,Assam,Nagaon,2010,2017,8
Vegetables,Assam,North Cachar Hil / Dima Hasao,2010,2017,8
Vegetables,Assam,Sibsagar,2010,2017,8
Vegetables,Bihar,Bhagalpur,2010,2017,8
Vegetables,Bihar,Champaran,2010,2017,8
Vegetables,Bihar,Darbhanga,2010,2017,8
Vegetables,Bihar,Gaya,2010,2017,8
Vegetables,Bihar,Mungair,2010,2017,8
Vegetables,Bihar,Muzaffarpur,2010,2017,8
Vegetables,Bihar,Patna,2010,2017,8
Vegetables,Bihar,Purnea,2010,2017,8
Vegetables,Bihar,Saharsa,2010,2017,8
Vegetables,Bihar,Saran,2010,2017,8
Vegetables,Bihar,Shahabad (Now Part Of Bhojpur District),2010,2017,8
Vegetables,Chhattisgarh,Bastar,2010,2017,8
Vegetables,Chhattisgarh,Bilaspur,2010,2017,8
Vegetables,Chhattisgarh,Durg,2010,2017,8
Vegetables,Chhattisgarh,Raigarh,2010,2017,8
Vegetables,Chhattisgarh,Raipur,2010,2017,8
Vegetables,Chhattisgarh,Surguja,2010,2017,8
Vegetables,Gujarat,Ahmedabad,2010,2017,8
Vegetables,Gujarat,Amreli,2010,2017,8
Vegetables,Gujarat,Banaskantha,2010,2017,8
Vegetables,Gujarat,Bharuch,2010,2017,8
Vegetables,Gujarat,Bhavnagar,2010,2017,8
Vegetables,Gujarat,Dangs,2010,2017,8
Vegetables,Gujarat,Jamnagar,2010,2017,8
Vegetables,Gujarat,Junagadh,2010,2017,8
Vegetables,Gujarat,Kheda,2010,2017,8
Vegetables,Gujarat,Kutch,2010,2017,8
Vegetables,Gujarat,Mehsana,2010,2017,8
Vegetables,Gujarat,Panchmahal,2010,2017,8
Vegetables,Gujarat,Rajkot,2010,2017,8
Vegetables,Gujarat,Sabarkantha,2010,2017,8
Vegetables,Gujarat,Surat,2010,2017,8
Vegetables,Gujarat,Surendranagar,2010,2017,8
Vegetables,Gujarat,Vadodara / Baroda,2010,2017,8
Vegetables,Gujarat,Valsad,2010,2017,8
Vegetables,Haryana,Ambala,2010,2017,8
Vegetables,Haryana,Gurgaon,2010,2017,8
Vegetables,Haryana,Hissar,2010,2017,8
Vegetables,Haryana,Jind,2010,2017,8
Vegetables,Haryana,Karnal,2010,2017,8
Vegetables,Haryana,Mahendragarh / Narnaul,2010,2017,8
Vegetables,Haryana,Rohtak,2010,2017,8
Vegetables,Himachal Pradesh,Bilashpur,2010,2017,8
Vegetables,Himachal Pradesh,Chamba,2010,2017,8
Vegetables,Himachal Pradesh,Kangra,2010,2017,8
Vegetables,Himachal Pradesh,Kinnaur,2010,2017,8
Vegetables,Himachal Pradesh,Kullu,2010,2017,8
Vegetables,Himachal Pradesh,Lahul & Spiti,2010,2017,8
Vegetables,Himachal Pradesh,Mandi,2010,2017,8
Vegetables,Himachal Pradesh,Shimla,2010,2017,8
Vegetables,Himachal Pradesh,Sirmaur,2010,2017,8
Vegetables,Himachal Pradesh,Solan,2010,2017,8
Vegetables,Jharkhand,Dhanbad,2010,2017,8
Vegetables,Jharkhand,Hazaribagh,2010,2017,8
Vegetables,Jharkhand,Palamau,2010,2017,8
Vegetables,Jharkhand,Ranchi,2010,2017,8
Vegetables,Jharkhand,Santhal Paragana / Dumka,2010,2017,8
Vegetables,Jharkhand,Singhbhum,2010,2017,8
Vegetables,Karnataka,Bangalore,2010,2017,8
Vegetables,Karnataka,Belgaum,2010,2017,8
Vegetables,Karnataka,Bellary,2010,2017,8
Vegetables,Karnataka,Bidar,2010,2017,8
Vegetables,Karnataka,Bijapur / Vijayapura,2010,2017,8
Vegetables,Karnataka,Chickmagalur,2010,2017,8
Vegetables,Karnataka,Chitradurga,2010,2017,8
Vegetables,Karnataka,Dakshina Kannada,2010,2017,8
Vegetables,Karnataka,Dharwad,2010,2017,8
Vegetables,Karnataka,Gulbarga / Kalaburagi,2010,2017,8
Vegetables,Karnataka,Hassan,2010,2017,8
Vegetables,Karnataka,Kodagu / Coorg,2010,2017,8
Vegetables,Karnataka,Kolar,2010,2017,8
Vegetables,Karnataka,Mandya,2010,2017,8
Vegetables,Karnataka,Mysore,2010,2017,8
Vegetables,Karnataka,Raichur,2010,2017,8
Vegetables,Karnataka,Shimoge,2010,2017,8
Vegetables,Karnataka,Tumkur,2010,2017,8
Vegetables,Karnataka,Uttara Kannada,2010,2017,8
Vegetables,Kerala,Alappuzha,2010,2017,8
Vegetables,Kerala,Eranakulam,2010,2017,8
Vegetables,Kerala,Kannur,2010,2017,8
Vegetables,Kerala,Kollam,2010,2017,8
Vegetables,Kerala,Kottayam,2010,2017,8
Vegetables,Kerala,Kozhikode,2010,2017,8
Vegetables,Kerala,Malappuram,2010,2017,8
Vegetables,Kerala,Palakkad,2010,2017,8
Vegetables,Kerala,Thiruvananthapuram,2010,2017,8
Vegetables,Kerala,Thrissur,2010,2017,8
Vegetables,Madhya Pradesh,Balaghat,2010,2017,8
Vegetables,Madhya Pradesh,Betul,2010,2017,8
Vegetables,Madhya Pradesh,Bhind,2010,2017,8
Vegetables,Madhya Pradesh,Chhatarpur,2010,2017,8
Vegetables,Madhya Pradesh,Chhindwara,2010,2017,8
Vegetables,Madhya Pradesh,Damoh,2010,2017,8
Vegetables,Madhya Pradesh,Datia,2010,2017,8
Vegetables,Madhya Pradesh,Dewas,2010,2017,8
Vegetables,Madhya Pradesh,Dhar,2010,2017,8
Vegetables,Madhya Pradesh,Guna,2010,2017,8
Vegetables,Madhya Pradesh,Gwalior,2010,2017,8
Vegetables,Madhya Pradesh,Hoshangabad,2010,2017,8
Vegetables,Madhya Pradesh,Indore,2010,2017,8
Vegetables,Madhya Pradesh,Jabalpur,2010,2017,8
Vegetables,Madhya Pradesh,Jhabua,2010,2017,8
Vegetables,Madhya Pradesh,Khandwa / East Nimar,2010,2017,8
Vegetables,Madhya Pradesh,Khargone / West Nimar,2010,2017,8
Vegetables,Madhya Pradesh,Mandla,2010,2017,8
Vegetables,Madhya Pradesh,Mandsaur,2010,2017,8
Vegetables,Madhya Pradesh,Morena,2010,2017,8
Vegetables,Madhya Pradesh,Narsinghpur,2010,2017,8
Vegetables,Madhya Pradesh,Panna,2010,2017,8
Vegetables,Madhya Pradesh,Raisen,2010,2017,8
Vegetables,Madhya Pradesh,Rajgarh,2010,2017,8
Vegetables,Madhya Pradesh,Ratlam,2010,2017,8
Vegetables,Madhya Pradesh,Rewa,2010,2016,7
Vegetables,Madhya Pradesh,Sagar,2010,2017,8
Vegetables,Madhya Pradesh,Satna,2010,2017,8
Vegetables,Madhya Pradesh,Sehore,2010,2017,8
Vegetables,Madhya Pradesh,Seoni / Shivani,2010,2017,8
Vegetables,Madhya Pradesh,Shahdol,2010,2017,8
Vegetables,Madhya Pradesh,Shajapur,2010,2017,8
Vegetables,Madhya Pradesh,Shivpuri,2010,2017,8
Vegetables,Madhya Pradesh,Sidhi,2010,2017,8
Vegetables,Madhya Pradesh,Tikamgarh,2010,2017,8
Vegetables,Madhya Pradesh,Ujjain,2010,2017,8
Vegetables,Madhya Pradesh,Vidisha,2010,2017,8
Vegetables,Maharashtra,Ahmednagar,2010,2017,8
Vegetables,Maharashtra,Akola,2010,2017,8
Vegetables,Maharashtra,Amarawati,2010,2017,8
Vegetables,Maharashtra,Aurangabad,2010,2017,8
Vegetables,Maharashtra,Beed,2010,2017,8
Vegetables,Maharashtra,Bhandara,2010,2017,8
Vegetables,Maharashtra,Bombay,2010,2016,4
Vegetables,Maharashtra,Buldhana,2010,2017,8
Vegetables,Maharashtra,Chandrapur,2010,2017,8
Vegetables,Maharashtra,Dhule,2010,2017,8
Vegetables,Maharashtra,Jalgaon,2010,2017,8
Vegetables,Maharashtra,Kolhapur,2010,2017,8
Vegetables,Maharashtra,Nagpur,2010,2017,8
Vegetables,Maharashtra,Nanded,2010,2017,8
Vegetables,Maharashtra,Nasik,2010,2017,8
Vegetables,Maharashtra,Osmanabad,2010,2017,8
Vegetables,Maharashtra,Parbhani,2010,2017,8
Vegetables,Maharashtra,Pune,2010,2017,8
Vegetables,Maharashtra,Raigad,2010,2017,8
Vegetables,Maharashtra,Ratnagiri,2010,2017,8
Vegetables,Maharashtra,Sangli,2010,2017,8
Vegetables,Maharashtra,Satara,2010,2017,8
Vegetables,Maharashtra,Solapur,2010,2017,8
Vegetables,Maharashtra,Thane,2010,2017,8
Vegetables,Maharashtra,Wardha,2010,2017,8
Vegetables,Maharashtra,Yeotmal,2010,2017,8
Vegetables,Orissa,Balasore,2010,2017,8
Vegetables,Orissa,Bolangir,2010,2017,8
Vegetables,Orissa,Cuttack,2010,2017,8
Vegetables,Orissa,Dhenkanal,2010,2017,8
Vegetables,Orissa,Ganjam,2010,2017,8
Vegetables,Orissa,Kalahandi,2010,2017,8
Vegetables,Orissa,Keonjhar,2010,2017,8
Vegetables,Orissa,Koraput,2010,2017,8
Vegetables,Orissa,Mayurbhanja,2010,2017,8
Vegetables,Orissa,Phulbani ( Kandhamal ),2010,2017,8
Vegetables,Orissa,Puri,2010,2017,8
Vegetables,Orissa,Sambalpur,2010,2017,8
Vegetables,Orissa,Sundargarh,2010,2017,8
Vegetables,Punjab,Amritsar,2010,2017,8
Vegetables,Punjab,Bhatinda,2010,2017,8
Vegetables,Punjab,Ferozpur,2010,2017,8
Vegetables,Punjab,Gurdaspur,2010,2017,8
Vegetables,Punjab,Hoshiarpur,2010,2017,8
Vegetables,Punjab,Jalandhar,2010,2017,8
Vegetables,Punjab,Kapurthala,2010,2017,8
Vegetables,Punjab,Ludhiana,2010,2017,8
Vegetables,Punjab,Patiala,2010,2017,8
Vegetables,Punjab,Roopnagar / Ropar,2010,2017,8
Vegetables,Punjab,Sangrur,2010,2016,7
Vegetables,Rajasthan,Ajmer,2010,2017,8
Vegetables,Rajasthan,Alwar,2010,2017,8
Vegetables,Rajasthan,Banswara,2010,2017,8
Vegetables,Rajasthan,Barmer,2010,2017,8
Vegetables,Rajasthan,Bharatpur,2010,2017,8
Vegetables,Rajasthan,Bhilwara,2010,2017,8
Vegetables,Rajasthan,Bikaner,2010,2017,8
Vegetables,Rajasthan,Bundi,2010,2017,8
Vegetables,Rajasthan,Chittorgarh,2010,2017,8
Vegetables,Rajasthan,Churu,2010,2017,8
Vegetables,Rajasthan,Dungarpur,2010,2017,8
Vegetables,Rajasthan,Ganganagar,2010,2017,8
Vegetables,Rajasthan,Jaipur,2010,2017,8
Vegetables,Rajasthan,Jaisalmer,2010,2017,8
Vegetables,Rajasthan,Jalore,2010,2017,8
Vegetables,Rajasthan,Jhalawar,2010,2017,8
Vegetables,Rajasthan,Jhunjhunu,2010,2017,8
Vegetables,Rajasthan,Jodhpur,2010,2017,8
Vegetables,Rajasthan,Kota,2010,2017,8
Vegetables,Rajasthan,Nagaur,2010,2017,8
Vegetables,Rajasthan,Pali,2010,2017,8
Vegetables,Rajasthan,Sikar,2010,2017,8
Vegetables,Rajasthan,Sirohi,2010,2017,8
Vegetables,Rajasthan,Swami Madhopur,2010,2017,8
Vegetables,Rajasthan,Tonk,2010,2017,8
Vegetables,Rajasthan,Udaipur,2010,2017,8
Vegetables,Tamil Nadu,Chengalpattu Mgr / Kanchipuram,2010,2017,8
Vegetables,Tamil Nadu,Coimbatore,2010,2017,8
Vegetables,Tamil Nadu,Kanyakumari,2010,2017,5
Vegetables,Tamil Nadu,Madurai,2010,2017,7
Vegetables,Tamil Nadu,North Arcot / Vellore,2010,2017,7
Vegetables,Tamil Nadu,Ramananthapuram,2010,2017,8
Vegetables,Tamil Nadu,Salem,2010,2016,5
Vegetables,Tamil Nadu,South Arcot / Cuddalore,2010,2017,8
Vegetables,Tamil Nadu,Thanjavur,2010,2017,8
Vegetables,Tamil Nadu,The Nilgiris,2010,2017,7
Vegetables,Tamil Nadu,Thirunelveli,2010,2017,6
Vegetables,Tamil Nadu,Tiruchirapalli / Trichy,2010,2017,6
Vegetables,Telangana,Adilabad,2010,2017,8
Vegetables,Telangana,Hyderabad,2010,2017,8
Vegetables,Telangana,Karimnagar,2010,2017,8
Vegetables,Telangana,Khammam,2010,2017,8
Vegetables,Telangana,Mahabubnagar,2010,2017,8
Vegetables,Telangana,Medak,2010,2017,8
Vegetables,Telangana,Nalgonda,2010,2017,8
Vegetables,Telangana,Nizamabad,2010,2017,8
Vegetables,Telangana,Warangal,2010,2017,8
Vegetables,Uttar Pradesh,Agra,2010,2017,8
Vegetables,Uttar Pradesh,Aligarh,2010,2017,8
Vegetables,Uttar Pradesh,Allahabad,2010,2017,8
Vegetables,Uttar Pradesh,Azamgarh,2010,2017,8
Vegetables,Uttar Pradesh,Bahraich,2010,2017,8
Vegetables,Uttar Pradesh,Ballia,2010,2017,8
Vegetables,Uttar Pradesh,Banda,2010,2017,8
Vegetables,Uttar Pradesh,Barabanki,2010,2017,8
Vegetables,Uttar Pradesh,Bareilly,2010,2017,8
Vegetables,Uttar Pradesh,Basti,2010,2017,8
Vegetables,Uttar Pradesh,Bijnor,2010,2017,8
Vegetables,Uttar Pradesh,Budaun,2010,2017,8
Vegetables,Uttar Pradesh,Buland Shahar,2010,2017,8
Vegetables,Uttar Pradesh,Deoria,2010,2017,8
Vegetables,Uttar Pradesh,Etah,2010,2017,8
Vegetables,Uttar Pradesh,Etawah,2010,2017,8
Vegetables,Uttar Pradesh,Faizabad,2010,2017,8
Vegetables,Uttar Pradesh,Farrukhabad,2010,2017,8
Vegetables,Uttar Pradesh,Fatehpur,2010,2017,8
Vegetables,Uttar Pradesh,Ghazipur,2010,2017,8
Vegetables,Uttar Pradesh,Gonda,2010,2017,8
Vegetables,Uttar Pradesh,Gorakhpur,2010,2017,8
Vegetables,Uttar Pradesh,Hamirpur,2010,2017,8
Vegetables,Uttar Pradesh,Hardoi,2010,2017,8
Vegetables,Uttar Pradesh,Jalaun,2010,2017,8
Vegetables,Uttar Pradesh,Jaunpur,2010,2017,8
Vegetables,Uttar Pradesh,Jhansi,2010,2017,8
Vegetables,Uttar Pradesh,Kanpur,2010,2017,8
Vegetables,Uttar Pradesh,Kheri,2010,2017,8
Vegetables,Uttar Pradesh,Lucknow,2010,2017,8
Vegetables,Uttar Pradesh,Mainpuri,2010,2017,8
Vegetables,Uttar Pradesh,Mathura,2010,2017,8
Vegetables,Uttar Pradesh,Meerut,2010,2017,8
Vegetables,Uttar Pradesh,Mirzpur,2010,2017,8
Vegetables,Uttar Pradesh,Moradabad,2010,2017,8
Vegetables,Uttar Pradesh,Muzaffarnagar,2010,2017,8
Vegetables,Uttar Pradesh,Pilibhit,2010,2017,8
Vegetables,Uttar Pradesh,Pratapgarh,2010,2017,8
Vegetables,Uttar Pradesh,Rae-Bareily,2010,2017,8
Vegetables,Uttar Pradesh,Rampur,2010,2017,8
Vegetables,Uttar Pradesh,Saharanpur,2010,2017,8
Vegetables,Uttar Pradesh,Shahjahanpur,2010,2017,8
Vegetables,Uttar Pradesh,Sitapur,2010,2017,8
Vegetables,Uttar Pradesh,Sultanpur,2010,2017,8
Vegetables,Uttar Pradesh,Unnao,2010,2017,8
Vegetables,Uttar Pradesh,Varanasi,2010,2017,8
Vegetables,Uttarakhand,Almorah,2010,2017,8
Vegetables,Uttarakhand,Chamoli,2010,2017,8
Vegetables,Uttarakhand,Dehradun,2010,2017,8
Vegetables,Uttarakhand,Garhwal,2010,2017,8
Vegetables,Uttarakhand,Nainital,2010,2017,8
Vegetables,Uttarakhand,Pithorgarh,2010,2017,8
Vegetables,Uttarakhand,Tehri Garhwal,2010,2017,8
Vegetables,Uttarakhand,Uttar Kashi,2010,2017,8
Vegetables,West Bengal,24 Parganas,2010,2017,8
Vegetables,West Bengal,Bankura,2010,2017,8
Vegetables,West Bengal,Birbhum,2010,2017,8
Vegetables,West Bengal,Burdwan,2010,2017,8
Vegetables,West Bengal,Cooch Behar,2010,2017,8
Vegetables,West Bengal,Darjeeling,2010,2017,8
Vegetables,West Bengal,Hooghly,2010,2017,8
Vegetables,West Bengal,Howrah,2010,2017,8
Vegetables,West Bengal,Jalpaiguri,2010,2017,8
Vegetables,West Bengal,Malda,2010,2017,8
Vegetables,West Bengal,Midnapur,2010,2017,8
Vegetables,West Bengal,Murshidabad,2010,2017,8
Vegetables,West Bengal,Nadia,2010,2017,8
Vegetables,West Bengal,Purulia,2010,2017,8
Vegetables,West Bengal,West Dinajpur,2010,2017,8
Wheat,Andhra Pradesh,Ananthapur,2010,2017,8
Wheat,Andhra Pradesh,Chittoor,2010,2017,8
Wheat,Andhra Pradesh,East Godavari,2010,2017,8
Wheat,Andhra Pradesh,Guntur,2010,2017,8
Wheat,Andhra Pradesh,Kadapa Ysr,2010,2017,8
Wheat,Andhra Pradesh,Krishna,2010,2017,8
Wheat,Andhra Pradesh,Kurnool,2010,2017,8
Wheat,Andhra Pradesh,S.P.S. Nellore,2010,2017,8
Wheat,Andhra Pradesh,Srikakulam,2010,2017,8
Wheat,Andhra Pradesh,Visakhapatnam,2010,2017,8
Wheat,Andhra Pradesh,West Godavari,2010,2017,8
Wheat,Assam,Cachar,2010,2017,8
Wheat,Assam,Darrang,2010,2017,8
Wheat,Assam,Dibrugarh,2010,2017,8
Wheat,Assam,Goalpara,2010,2017,8
Wheat,Assam,Kamrup,2010,2017,8
Wheat,Assam,Karbi Anglong,2010,2017,8
Wheat,Assam,Lakhimpur,2010,2017,8
Wheat,Assam,Nagaon,2010,2017,8
Wheat,Assam,North Cachar Hil / Dima Hasao,2010,2017,8
Wheat,Assam,Sibsagar,2010,2017,8
Wheat,Bihar,Bhagalpur,2010,2017,8
Wheat,Bihar,Champaran,2010,2017,8
Wheat,Bihar,Darbhanga,2010,2017,8
Wheat,Bihar,Gaya,2010,2017,8
Wheat,Bihar,Mungair,2010,2017,8
Wheat,Bihar,Muzaffarpur,2010,2017,8
Wheat,Bihar,Patna,2010,2017,8
Wheat,Bihar,Purnea,2010,2017,8
Wheat,Bihar,Saharsa,2010,2017,8
Wheat,Bihar,Saran,2010,2017,8
Wheat,Bihar,Shahabad (Now Part Of Bhojpur District),2010,2017,8
Wheat,Chhattisgarh,Bastar,2010,2017,8
Wheat,Chhattisgarh,Bilaspur,2010,2017,8
Wheat,Chhattisgarh,Durg,2010,2017,8
Wheat,Chhattisgarh,Raigarh,2010,2017,8
Wheat,Chhattisgarh,Raipur,2010,2017,8
Wheat,Chhattisgarh,Surguja,2010,2017,8
Wheat,Gujarat,Ahmedabad,2010,2017,8
Wheat,Gujarat,Amreli,2010,2017,8
Wheat,Gujarat,Banaskantha,2010,2017,8
Wheat,Gujarat,Bharuch,2010,2017,8
Wheat,Gujarat,Bhavnagar,2010,2017,8
Wheat,Gujarat,Dangs,2010,2017,8
Wheat,Gujarat,Jamnagar,2010,2017,8
Wheat,Gujarat,Junagadh,2010,2017,8
Wheat,Gujarat,Kheda,2010,2017,8
Wheat,Gujarat,Kutch,2010,2017,8
Wheat,Gujarat,Mehsana,2010,2017,8
Wheat,Gujarat,Panchmahal,2010,2017,8
Wheat,Gujarat,Rajkot,2010,2017,8
Wheat,Gujarat,Sabarkantha,2010,2017,8
Wheat,Gujarat,Surat,2010,2017,8
Wheat,Gujarat,Surendranagar,2010,2017,8
Wheat,Gujarat,Vadodara / Baroda,2010,2017,8
Wheat,Gujarat,Valsad,2010,2017,8
Wheat,Haryana,Ambala,2010,2017,8
Wheat,Haryana,Gurgaon,2010,2017,8
Wheat,Haryana,Hissar,2010,2017,8
Wheat,Haryana,Jind,2010,2017,8
Wheat,Haryana,Karnal,2010,2017,8
Wheat,Haryana,Mahendragarh / Narnaul,2010,2017,8
Wheat,Haryana,Rohtak,2010,2017,8
Wheat,Himachal Pradesh,Bilashpur,2010,2017,8
Wheat,Himachal Pradesh,Chamba,2010,2017,8
Wheat,Himachal Pradesh,Kangra,2010,2017,8
Wheat,Himachal Pradesh,Kinnaur,2010,2017,8
Wheat,Himachal Pradesh,Kullu,2010,2017,8
Wheat,Himachal Pradesh,Lahul & Spiti,2010,2017,8
Wheat,Himachal Pradesh,Mandi,2010,2017,8
Wheat,Himachal Pradesh,Shimla,2010,2017,8
Wheat,Himachal Pradesh,Sirmaur,2010,2017,8
Wheat,Himachal Pradesh,Solan,2010,2017,8
Wheat,Jharkhand,Dhanbad,2010,2017,8
Wheat,Jharkhand,Hazaribagh,2010,2017,8
Wheat,Jharkhand,Palamau,2010,2017,8
Wheat,Jharkhand,Ranchi,2010,2017,8
Wheat,Jharkhand,Santhal Paragana / Dumka,2010,2017,8
Wheat,Jharkhand,Singhbhum,2010,2017,8
Wheat,Karnataka,Bangalore,2010,2017,8
Wheat,Karnataka,Belgaum,2010,2017,8
Wheat,Karnataka,Bellary,2010,2017,8
Wheat,Karnataka,Bidar,2010,2017,8
Wheat,Karnataka,Bijapur / Vijayapura,2010,2017,8
Wheat,Karnataka,Chickmagalur,2010,2017,8
Wheat,Karnataka,Chitradurga,2010,2017,8
Wheat,Karnataka,Dakshina Kannada,2010,2017,8
Wheat,Karnataka,Dharwad,2010,2017,8
Wheat,Karnataka,Gulbarga / Kalaburagi,2010,2017,8
Wheat,Karnataka,Hassan,2010,2017,8
Wheat,Karnataka,Kodagu / Coorg,2010,2017,8
Wheat,Karnataka,Kolar,2010,2017,8
Wheat,Karnataka,Mandya,2010,2017,8
Wheat,Karnataka,Mysore,2010,2017,8
Wheat,Karnataka,Raichur,2010,2017,8
Wheat,Karnataka,Shimoge,2010,2017,8
Wheat,Karnataka,Tumkur,2010,2017,8
Wheat,Karnataka,Uttara Kannada,2010,2017,8
Wheat,Kerala,Alappuzha,2010,2017,8
Wheat,Kerala,Eranakulam,2010,2017,8
Wheat,Kerala,Kannur,2010,2017,8
Wheat,Kerala,Kollam,2010,2017,8
Wheat,Kerala,Kottayam,2010,2017,8
Wheat,Kerala,Kozhikode,2010,2017,8
Wheat,Kerala,Malappuram,2010,2017,8
Wheat,Kerala,Palakkad,2010,2017,8
Wheat,Kerala,Thiruvananthapuram,2010,2017,8
Wheat,Kerala,Thrissur,2010,2017,8
Wheat,Madhya Pradesh,Balaghat,2010,2017,8
Wheat,Madhya Pradesh,Betul,2010,2017,8
Wheat,Madhya Pradesh,Bhind,2010,2017,8
Wheat,Madhya Pradesh,Chhatarpur,2010,2017,8
Wheat,Madhya Pradesh,Chhindwara,2010,2017,8
Wheat,Madhya Pradesh,Damoh,2010,2017,8
Wheat,Madhya Pradesh,Datia,2010,2017,8
Wheat,Madhya Pradesh,Dewas,2010,2017,8
Wheat,Madhya Pradesh,Dhar,2010,2017,8
Wheat,Madhya Pradesh,Guna,2010,2017,8
Wheat,Madhya Pradesh,Gwalior,2010,2017,8
Wheat,Madhya Pradesh,Hoshangabad,2010,2017,8
Wheat,Madhya Pradesh,Indore,2010,2017,8
Wheat,Madhya Pradesh,Jabalpur,2010,2017,8
Wheat,Madhya Pradesh,Jhabua,2010,2017,8
Wheat,Madhya Pradesh,Khandwa / East Nimar,2010,2017,8
Wheat,Madhya Pradesh,Khargone / West Nimar,2010,2017,8
Wheat,Madhya Pradesh,Mandla,2010,2017,8
Wheat,Madhya Pradesh,Mandsaur,2010,2017,8
Wheat,Madhya Pradesh,Morena,2010,2017,8
Wheat,Madhya Pradesh,Narsinghpur,2010,2017,8
Wheat,Madhya Pradesh,Panna,2010,2017,8
Wheat,Madhya Pradesh,Raisen,2010,2017,8
Wheat,Madhya Pradesh,Rajgarh,2010,2017,8
Wheat,Madhya Pradesh,Ratlam,2010,2017,8
Wheat,Madhya Pradesh,Rewa,2010,2016,7
Wheat,Madhya Pradesh,Sagar,2010,2017,8
Wheat,Madhya Pradesh,Satna,2010,2017,8
Wheat,Madhya Pradesh,Sehore,2010,2017,8
Wheat,Madhya Pradesh,Seoni / Shivani,2010,2017,8
Wheat,Madhya Pradesh,Shahdol,2010,2017,8
Wheat,Madhya Pradesh,Shajapur,2010,2017,8
Wheat,Madhya Pradesh,Shivpuri,2010,2017,8
Wheat,Madhya Pradesh,Sidhi,2010,2017,8
Wheat,Madhya Pradesh,Tikamgarh,2010,2017,8
Wheat,Madhya Pradesh,Ujjain,2010,2017,8
Wheat,Madhya Pradesh,Vidisha,2010,2017,8
Wheat,Maharashtra,Ahmednagar,2010,2017,8
Wheat,Maharashtra,Akola,2010,2017,8
Wheat,Maharashtra,Amarawati,2010,2017,8
Wheat,Maharashtra,Aurangabad,2010,2017,8
Wheat,Maharashtra,Beed,2010,2017,8
Wheat,Maharashtra,Bhandara,2010,2017,8
Wheat,Maharashtra,Bombay,2010,2016,4
Wheat,Maharashtra,Buldhana,2010,2017,8
Wheat,Maharashtra,Chandrapur,2010,2017,8
Wheat,Maharashtra,Dhule,2010,2017,8
Wheat,Maharashtra,Jalgaon,2010,2017,8
Wheat,Maharashtra,Kolhapur,2010,2017,8
Wheat,Maharashtra,Nagpur,2010,2017,8
Wheat,Maharashtra,Nanded,2010,2017,8
Wheat,Maharashtra,Nasik,2010,2017,8
Wheat,Maharashtra,Osmanabad,2010,2017,8
Wheat,Maharashtra,Parbhani,2010,2017,8
Wheat,Maharashtra,Pune,2010,2017,8
Wheat,Maharashtra,Raigad,2010,2017,8
Wheat,Maharashtra,Ratnagiri,2010,2017,8
Wheat,Maharashtra,Sangli,2010,2017,8
Wheat,Maharashtra,Satara,2010,2017,8
Wheat,Maharashtra,Solapur,2010,2017,8
Wheat,Maharashtra,Thane,2010,2017,8
Wheat,Maharashtra,Wardha,2010,2017,8
Wheat,Maharashtra,Yeotmal,2010,2017,8
Wheat,Orissa,Balasore,2010,2017,8
Wheat,Orissa,Bolangir,2010,2017,8
Wheat,Orissa,Cuttack,2010,2017,8
Wheat,Orissa,Dhenkanal,2010,2017,8
Wheat,Orissa,Ganjam,2010,2017,8
Wheat,Orissa,Kalahandi,2010,2017,8
Wheat,Orissa,Keonjhar,2010,2017,8
Wheat,Orissa,Koraput,2010,2017,8
Wheat,Orissa,Mayurbhanja,2010,2017,8
Wheat,Orissa,Phulbani ( Kandhamal ),2010,2017,8
Wheat,Orissa,Puri,2010,2017,8
Wheat,Orissa,Sambalpur,2010,2017,8
Wheat,Orissa,Sundargarh,2010,2017,8
Wheat,Punjab,Amritsar,2010,2017,8
Wheat,Punjab,Bhatinda,2010,2017,8
Wheat,Punjab,Ferozpur,2010,2017,8
Wheat,Punjab,Gurdaspur,2010,2017,8
Wheat,Punjab,Hoshiarpur,2010,2017,8
Wheat,Punjab,Jalandhar,2010,2017,8
Wheat,Punjab,Kapurthala,2010,2017,8
Wheat,Punjab,Ludhiana,2010,2017,8
Wheat,Punjab,Patiala,2010,2017,8
Wheat,Punjab,Roopnagar / Ropar,2010,2017,8
Wheat,Punjab,Sangrur,2010,2016,7
Wheat,Rajasthan,Ajmer,2010,2017,8
Wheat,Rajasthan,Alwar,2010,2017,8
Wheat,Rajasthan,Banswara,2010,2017,8
Wheat,Rajasthan,Barmer,2010,2017,8
Wheat,Rajasthan,Bharatpur,2010,2017,8
Wheat,Rajasthan,Bhilwara,2010,2017,8
Wheat,Rajasthan,Bikaner,2010,2017,8
Wheat,Rajasthan,Bundi,2010,2017,8
Wheat,Rajasthan,Chittorgarh,2010,2017,8
Wheat,Rajasthan,Churu,2010,2017,8
Wheat,Rajasthan,Dungarpur,2010,2017,8
Wheat,Rajasthan,Ganganagar,2010,2017,8
Wheat,Rajasthan,Jaipur,2010,2017,8
Wheat,Rajasthan,Jaisalmer,2010,2017,8
Wheat,Rajasthan,Jalore,2010,2017,8
Wheat,Rajasthan,Jhalawar,2010,2017,8
Wheat,Rajasthan,Jhunjhunu,2010,2017,8
Wheat,Rajasthan,Jodhpur,2010,2017,8
Wheat,Rajasthan,Kota,2010,2017,8
Wheat,Rajasthan,Nagaur,2010,2017,8
Wheat,Rajasthan,Pali,2010,2017,8
Wheat,Rajasthan,Sikar,2010,2017,8
Wheat,Rajasthan,Sirohi,2010,2017,8
Wheat,Rajasthan,Swami Madhopur,2010,2017,8
Wheat,Rajasthan,Tonk,2010,2017,8
Wheat,Rajasthan,Udaipur,2010,2017,8
Wheat,Tamil Nadu,Chengalpattu Mgr / Kanchipuram,2010,2017,8
Wheat,Tamil Nadu,Coimbatore,2010,2017,8
Wheat,Tamil Nadu,Kanyakumari,2010,2017,5
Wheat,Tamil Nadu,Madurai,2010,2017,7
Wheat,Tamil Nadu,North Arcot / Vellore,2010,2017,7
Wheat,Tamil Nadu,Ramananthapuram,2010,2017,8
Wheat,Tamil Nadu,Salem,2010,2016,5
Wheat,Tamil Nadu,South Arcot / Cuddalore,2010,2017,8
Wheat,Tamil Nadu,Thanjavur,2010,2017,8
Wheat,Tamil Nadu,The Nilgiris,2010,2017,7
Wheat,Tamil Nadu,Thirunelveli,2010,2017,6
Wheat,Tamil Nadu,Tiruchirapalli / Trichy,2010,2017,6
Wheat,Telangana,Adilabad,2010,2017,8
Wheat,Telangana,Hyderabad,2010,2017,8
Wheat,Telangana,Karimnagar,2010,2017,8
Wheat,Telangana,Khammam,2010,2017,8
Wheat,Telangana,Mahabubnagar,2010,2017,8
Wheat,Telangana,Medak,2010,2017,8
Wheat,Telangana,Nalgonda,2010,2017,8
Wheat,Telangana,Nizamabad,2010,2017,8
Wheat,Telangana,Warangal,2010,2017,8
Wheat,Uttar Pradesh,Agra,2010,2017,8
Wheat,Uttar Pradesh,Aligarh,2010,2017,8
Wheat,Uttar Pradesh,Allahabad,2010,2017,8
Wheat,Uttar Pradesh,Azamgarh,2010,2017,8
Wheat,Uttar Pradesh,Bahraich,2010,2017,8
Wheat,Uttar Pradesh,Ballia,2010,2017,8
Wheat,Uttar Pradesh,Banda,2010,2017,8
Wheat,Uttar Pradesh,Barabanki,2010,2017,8
Wheat,Uttar Pradesh,Bareilly,2010,2017,8
Wheat,Uttar Pradesh,Basti,2010,2017,8
Wheat,Uttar Pradesh,Bijnor,2010,2017,8
Wheat,Uttar Pradesh,Budaun,2010,2017,8
Wheat,Uttar Pradesh,Buland Shahar,2010,2017,8
Wheat,Uttar Pradesh,Deoria,2010,2017,8
Wheat,Uttar Pradesh,Etah,2010,2017,8
Wheat,Uttar Pradesh,Etawah,2010,2017,8
Wheat,Uttar Pradesh,Faizabad,2010,2017,8
Wheat,Uttar Pradesh,Farrukhabad,2010,2017,8
Wheat,Uttar Pradesh,Fatehpur,2010,2017,8
Wheat,Uttar Pradesh,Ghazipur,2010,2017,8
Wheat,Uttar Pradesh,Gonda,2010,2017,8
Wheat,Uttar Pradesh,Gorakhpur,2010,2017,8
Wheat,Uttar Pradesh,Hamirpur,2010,2017,8
Wheat,Uttar Pradesh,Hardoi,2010,2017,8
Wheat,Uttar Pradesh,Jalaun,2010,2017,8
Wheat,Uttar Pradesh,Jaunpur,2010,2017,8
Wheat,Uttar Pradesh,Jhansi,2010,2017,8
Wheat,Uttar Pradesh,Kanpur,2010,2017,8
Wheat,Uttar Pradesh,Kheri,2010,2017,8
Wheat,Uttar Pradesh,Lucknow,2010,2017,8
Wheat,Uttar Pradesh,Mainpuri,2010,2017,8
Wheat,Uttar Pradesh,Mathura,2010,2017,8
Wheat,Uttar Pradesh,Meerut,2010,2017,8
Wheat,Uttar Pradesh,Mirzpur,2010,2017,8
Wheat,Uttar Pradesh,Moradabad,2010,2017,8
Wheat,Uttar Pradesh,Muzaffarnagar,2010,2017,8
Wheat,Uttar Pradesh,Pilibhit,2010,2017,8
Wheat,Uttar Pradesh,Pratapgarh,2010,2017,8
Wheat,Uttar Pradesh,Rae-Bareily,2010,2017,8
Wheat,Uttar Pradesh,Rampur,2010,2017,8
Wheat,Uttar Pradesh,Saharanpur,2010,2017,8
Wheat,Uttar Pradesh,Shahjahanpur,2010,2017,8
Wheat,Uttar Pradesh,Sitapur,2010,2017,8
Wheat,Uttar Pradesh,Sultanpur,2010,2017,8
Wheat,Uttar Pradesh,Unnao,2010,2017,8
Wheat,Uttar Pradesh,Varanasi,2010,2017,8
Wheat,Uttarakhand,Almorah,2010,2017,8
Wheat,Uttarakhand,Chamoli,2010,2017,8
Wheat,Uttarakhand,Dehradun,2010,2017,8
Wheat,Uttarakhand,Garhwal,2010,2017,8
Wheat,Uttarakhand,Nainital,2010,2017,8
Wheat,Uttarakhand,Pithorgarh,2010,2017,8
Wheat,Uttarakhand,Tehri Garhwal,2010,2017,8
Wheat,Uttarakhand,Uttar Kashi,2010,2017,8
Wheat,West Bengal,24 Parganas,2010,2017,8
Wheat,West Bengal,Bankura,2010,2017,8
Wheat,West Bengal,Birbhum,2010,2017,8
Wheat,West Bengal,Burdwan,2010,2017,8
Wheat,West Bengal,Cooch Behar,2010,2017,8
Wheat,West Bengal,Darjeeling,2010,2017,8
Wheat,West Bengal,Hooghly,2010,2017,8
Wheat,West Bengal,Howrah,2010,2017,8
Wheat,West Bengal,Jalpaiguri,2010,2017,8
Wheat,West Bengal,Malda,2010,2017,8
Wheat,West Bengal,Midnapur,2010,2017,8
Wheat,West Bengal,Murshidabad,2010,2017,8
Wheat,West Bengal,Nadia,2010,2017,8
Wheat,West Bengal,Purulia,2010,2017,8
Wheat,West Bengal,West Dinajpur,2010,2017,8
