crop,state,district,observations_count,ml_mae,baseline_mae,ml_improvement_pct,ml_win_rate,is_best_ml_district,is_worst_ml_district,is_high_error_district
Minor Pulses,Andhra Pradesh,Ananthapur,4,206.76,128.66,-60.7,0.0,False,True,False
Minor Pulses,Andhra Pradesh,Chittoor,4,51.6,127.06,59.39,75.0,True,False,False
Minor Pulses,Andhra Pradesh,East Godavari,4,61.93,160.97,61.53,75.0,True,False,False
Minor Pulses,Andhra Pradesh,Guntur,4,222.01,343.07,35.29,100.0,True,False,False
Minor Pulses,Andhra Pradesh,Kadapa Ysr,4,53.19,80.11,33.6,75.0,True,False,False
Minor Pulses,Andhra Pradesh,Krishna,4,282.72,240.93,-17.35,25.0,False,True,False
Minor Pulses,Andhra Pradesh,Kurnool,4,311.45,430.24,27.61,50.0,False,False,False
Minor Pulses,Andhra Pradesh,S.P.S. Nellore,4,162.21,251.66,35.54,100.0,True,False,False
Minor Pulses,Andhra Pradesh,Srikakulam,4,76.93,59.96,-28.3,25.0,False,True,False
Minor Pulses,Andhra Pradesh,Visakhapatnam,4,103.97,72.64,-43.13,0.0,False,True,False
Minor Pulses,Andhra Pradesh,West Godavari,4,178.91,256.43,30.23,75.0,True,False,False
Minor Pulses,Assam,Cachar,4,122.39,133.85,8.56,50.0,False,False,False
Minor Pulses,Assam,Darrang,4,48.07,101.01,52.41,100.0,True,False,False
Minor Pulses,Assam,Dibrugarh,4,106.75,137.32,22.26,50.0,False,False,False
Minor Pulses,Assam,Goalpara,4,49.97,54.03,7.51,25.0,False,True,False
Minor Pulses,Assam,Kamrup,4,78.2,80.03,2.29,25.0,False,True,False
Minor Pulses,Assam,Karbi Anglong,4,60.58,64.5,6.08,50.0,False,False,False
Minor Pulses,Assam,Lakhimpur,4,109.29,127.22,14.09,25.0,False,True,False
Minor Pulses,Assam,Nagaon,4,112.95,125.99,10.35,50.0,False,False,False
Minor Pulses,Assam,North Cachar Hil / Dima Hasao,4,235.0,81.93,-186.83,50.0,False,True,False
Minor Pulses,Assam,Sibsagar,4,21.54,65.06,66.89,50.0,False,False,False
Minor Pulses,Bihar,Bhagalpur,4,102.4,113.23,9.56,50.0,False,False,False
Minor Pulses,Bihar,Champaran,4,194.68,232.65,16.32,50.0,False,False,False
Minor Pulses,Bihar,Darbhanga,4,40.36,18.64,-116.52,25.0,False,True,False
Minor Pulses,Bihar,Gaya,4,100.83,72.95,-38.22,50.0,False,True,False
Minor Pulses,Bihar,Mungair,4,181.87,162.76,-11.74,25.0,False,True,False
Minor Pulses,Bihar,Muzaffarpur,4,68.17,108.48,37.16,75.0,True,False,False
Minor Pulses,Bihar,Patna,4,247.29,202.81,-21.93,25.0,False,True,False
Minor Pulses,Bihar,Purnea,4,103.6,90.34,-14.68,25.0,False,True,False
Minor Pulses,Bihar,Saharsa,4,246.62,180.55,-36.59,25.0,False,True,False
Minor Pulses,Bihar,Saran,4,117.28,196.86,40.42,75.0,True,False,False
Minor Pulses,Bihar,Shahabad (Now Part Of Bhojpur District),4,114.26,129.09,11.49,50.0,False,False,False
Minor Pulses,Chhattisgarh,Bastar,4,133.05,39.82,-234.13,25.0,False,True,False
Minor Pulses,Chhattisgarh,Bilaspur,4,142.03,159.15,10.76,25.0,False,True,False
Minor Pulses,Chhattisgarh,Durg,4,366.76,424.21,13.54,75.0,True,False,False
Minor Pulses,Chhattisgarh,Raigarh,4,155.73,23.61,-559.59,0.0,False,True,False
Minor Pulses,Chhattisgarh,Raipur,4,393.28,469.0,16.14,75.0,True,False,False
Minor Pulses,Chhattisgarh,Surguja,4,118.56,24.7,-380.0,0.0,False,True,False
Minor Pulses,Gujarat,Ahmedabad,4,61.12,65.58,6.8,25.0,False,True,False
Minor Pulses,Gujarat,Amreli,4,24.57,35.24,30.28,50.0,False,False,False
Minor Pulses,Gujarat,Banaskantha,4,75.76,161.21,53.01,75.0,True,False,False
Minor Pulses,Gujarat,Bharuch,4,91.2,54.8,-66.42,25.0,False,True,False
Minor Pulses,Gujarat,Bhavnagar,4,44.86,42.4,-5.8,50.0,False,False,False
Minor Pulses,Gujarat,Dangs,4,108.17,86.41,-25.18,25.0,False,True,False
Minor Pulses,Gujarat,Jamnagar,4,83.78,114.14,26.6,50.0,False,False,False
Minor Pulses,Gujarat,Junagadh,4,193.35,151.76,-27.41,50.0,False,True,False
Minor Pulses,Gujarat,Kheda,4,39.84,39.84,0.0,25.0,False,True,False
Minor Pulses,Gujarat,Kutch,4,106.77,72.24,-47.8,50.0,False,True,False
Minor Pulses,Gujarat,Mehsana,4,72.18,42.55,-69.64,0.0,False,True,False
Minor Pulses,Gujarat,Panchmahal,4,167.53,154.71,-8.29,25.0,False,True,False
Minor Pulses,Gujarat,Rajkot,4,64.5,63.2,-2.06,50.0,False,False,False
Minor Pulses,Gujarat,Sabarkantha,4,47.48,61.56,22.87,50.0,False,False,False
Minor Pulses,Gujarat,Surat,4,70.54,93.74,24.75,75.0,True,False,False
Minor Pulses,Gujarat,Surendranagar,4,44.59,22.05,-102.22,0.0,False,True,False
Minor Pulses,Gujarat,Vadodara / Baroda,4,65.02,67.03,3.0,50.0,False,False,False
Minor Pulses,Gujarat,Valsad,4,80.48,42.46,-89.54,0.0,False,True,False
Minor Pulses,Haryana,Ambala,4,3456.86,2668.89,-29.52,0.0,False,True,True
Minor Pulses,Haryana,Gurgaon,4,4099.57,3244.94,-26.34,25.0,False,True,True
Minor Pulses,Haryana,Hissar,4,559.57,94.33,-493.2,0.0,False,True,True
Minor Pulses,Haryana,Jind,4,3953.84,5845.81,32.36,50.0,False,False,True
Minor Pulses,Haryana,Karnal,4,5950.73,4601.55,-29.32,50.0,False,True,True
Minor Pulses,Haryana,Mahendragarh / Narnaul,4,2251.92,1776.96,-26.73,50.0,False,True,True
Minor Pulses,Haryana,Rohtak,4,4011.61,2422.41,-65.6,25.0,False,True,True
Minor Pulses,Himachal Pradesh,Bilashpur,4,500.09,221.5,-125.77,0.0,False,True,True
Minor Pulses,Himachal Pradesh,Chamba,4,766.44,1107.36,30.79,50.0,False,False,True
Minor Pulses,Himachal Pradesh,Kangra,4,727.34,797.87,8.84,50.0,False,False,True
Minor Pulses,Himachal Pradesh,Kinnaur,4,1116.23,1645.72,32.17,100.0,True,False,True
Minor Pulses,Himachal Pradesh,Kullu,4,718.11,1062.44,32.41,50.0,False,False,True
Minor Pulses,Himachal Pradesh,Lahul & Spiti,4,2569.28,2587.21,0.69,50.0,False,False,True
Minor Pulses,Himachal Pradesh,Mandi,4,1320.49,958.16,-37.82,50.0,False,True,True
Minor Pulses,Himachal Pradesh,Shimla,4,1193.62,1083.76,-10.14,50.0,False,True,True
Minor Pulses,Himachal Pradesh,Sirmaur,4,903.95,884.17,-2.24,50.0,False,False,True
Minor Pulses,Himachal Pradesh,Solan,4,788.12,500.27,-57.54,25.0,False,True,True
Minor Pulses,Jharkhand,Dhanbad,4,715.1,723.2,1.12,50.0,False,False,True
Minor Pulses,Jharkhand,Hazaribagh,4,364.81,291.58,-25.11,25.0,False,True,False
Minor Pulses,Jharkhand,Palamau,4,299.39,269.02,-11.29,25.0,False,True,False
Minor Pulses,Jharkhand,Ranchi,4,553.51,613.99,9.85,50.0,False,False,True
Minor Pulses,Jharkhand,Santhal Paragana / Dumka,4,877.14,944.1,7.09,25.0,False,True,True
Minor Pulses,Jharkhand,Singhbhum,4,384.31,366.35,-4.9,50.0,False,False,False
Minor Pulses,Karnataka,Bangalore,4,383.9,281.35,-36.45,50.0,False,True,False
Minor Pulses,Karnataka,Belgaum,4,153.91,98.18,-56.76,25.0,False,True,False
Minor Pulses,Karnataka,Bellary,4,133.76,206.17,35.12,75.0,True,False,False
Minor Pulses,Karnataka,Bidar,4,198.48,167.47,-18.52,50.0,False,True,False
Minor Pulses,Karnataka,Bijapur / Vijayapura,4,302.97,131.93,-129.64,0.0,False,True,False
Minor Pulses,Karnataka,Chickmagalur,4,139.64,168.33,17.04,25.0,False,True,False
Minor Pulses,Karnataka,Chitradurga,4,138.12,133.41,-3.53,50.0,False,False,False
Minor Pulses,Karnataka,Dakshina Kannada,4,52.23,48.98,-6.64,75.0,False,False,False
Minor Pulses,Karnataka,Dharwad,4,222.63,30.96,-619.09,0.0,False,True,False
Minor Pulses,Karnataka,Gulbarga / Kalaburagi,4,191.8,270.6,29.12,100.0,True,False,False
Minor Pulses,Karnataka,Hassan,4,100.42,65.94,-52.29,25.0,False,True,False
Minor Pulses,Karnataka,Kodagu / Coorg,4,473.59,145.31,-225.92,25.0,False,True,False
Minor Pulses,Karnataka,Kolar,4,373.92,244.33,-53.04,25.0,False,True,False
Minor Pulses,Karnataka,Mandya,4,48.67,21.48,-126.58,0.0,False,True,False
Minor Pulses,Karnataka,Mysore,4,63.78,70.68,9.76,50.0,False,False,False
Minor Pulses,Karnataka,Raichur,4,173.44,51.88,-234.31,0.0,False,True,False
Minor Pulses,Karnataka,Shimoge,4,276.7,88.79,-211.63,25.0,False,True,False
Minor Pulses,Karnataka,Tumkur,4,141.74,111.61,-27.0,0.0,False,True,False
Minor Pulses,Karnataka,Uttara Kannada,4,231.42,62.88,-268.03,25.0,False,True,False
Minor Pulses,Kerala,Alappuzha,4,359.37,331.01,-8.57,75.0,False,False,False
Minor Pulses,Kerala,Eranakulam,4,450.68,503.97,10.57,25.0,False,True,False
Minor Pulses,Kerala,Kannur,4,356.16,338.57,-5.2,25.0,False,True,False
Minor Pulses,Kerala,Kollam,4,601.84,327.08,-84.0,0.0,False,True,True
Minor Pulses,Kerala,Kottayam,4,1823.47,1333.53,-36.74,50.0,False,True,True
Minor Pulses,Kerala,Kozhikode,4,369.6,352.22,-4.93,25.0,False,True,False
Minor Pulses,Kerala,Malappuram,4,764.7,542.89,-40.86,25.0,False,True,True
Minor Pulses,Kerala,Palakkad,4,457.25,459.77,0.55,25.0,False,True,False
Minor Pulses,Kerala,Thiruvananthapuram,4,429.8,454.5,5.43,25.0,False,True,False
Minor Pulses,Kerala,Thrissur,4,802.64,324.16,-147.61,25.0,False,True,True
Minor Pulses,Madhya Pradesh,Balaghat,4,299.42,222.46,-34.59,25.0,False,True,False
Minor Pulses,Madhya Pradesh,Betul,4,198.16,210.1,5.68,50.0,False,False,False
Minor Pulses,Madhya Pradesh,Bhind,4,293.78,353.96,17.0,50.0,False,False,False
Minor Pulses,Madhya Pradesh,Chhatarpur,4,195.08,208.98,6.65,50.0,False,False,False
Minor Pulses,Madhya Pradesh,Chhindwara,4,145.42,167.53,13.2,50.0,False,False,False
Minor Pulses,Madhya Pradesh,Damoh,4,222.32,508.22,56.26,50.0,False,False,False
Minor Pulses,Madhya Pradesh,Datia,4,341.81,450.89,24.19,75.0,True,False,False
Minor Pulses,Madhya Pradesh,Dewas,4,348.86,355.32,1.82,75.0,False,False,False
Minor Pulses,Madhya Pradesh,Dhar,4,137.13,197.04,30.4,75.0,True,False,False
Minor Pulses,Madhya Pradesh,Guna,4,184.0,336.08,45.25,25.0,False,True,False
Minor Pulses,Madhya Pradesh,Gwalior,4,387.46,471.51,17.83,75.0,True,False,False
Minor Pulses,Madhya Pradesh,Hoshangabad,4,265.2,289.54,8.41,75.0,True,False,False
Minor Pulses,Madhya Pradesh,Indore,4,383.55,481.45,20.33,75.0,True,False,False
Minor Pulses,Madhya Pradesh,Jabalpur,4,291.1,304.28,4.33,50.0,False,False,False
Minor Pulses,Madhya Pradesh,Jhabua,4,258.96,325.54,20.45,75.0,True,False,False
Minor Pulses,Madhya Pradesh,Khandwa / East Nimar,4,242.0,343.42,29.53,100.0,True,False,False
Minor Pulses,Madhya Pradesh,Khargone / West Nimar,4,190.31,233.86,18.62,100.0,True,False,False
Minor Pulses,Madhya Pradesh,Mandla,4,170.98,209.21,18.27,50.0,False,False,False
Minor Pulses,Madhya Pradesh,Mandsaur,4,243.5,321.03,24.15,75.0,True,False,False
Minor Pulses,Madhya Pradesh,Morena,4,251.39,529.88,52.56,75.0,True,False,False
Minor Pulses,Madhya Pradesh,Narsinghpur,4,275.01,255.88,-7.48,50.0,False,False,False
Minor Pulses,Madhya Pradesh,Panna,4,410.52,632.85,35.13,75.0,True,False,False
Minor Pulses,Madhya Pradesh,Raisen,4,322.26,532.7,39.5,50.0,False,False,False
Minor Pulses,Madhya Pradesh,Rajgarh,4,281.98,335.33,15.91,50.0,False,False,False
Minor Pulses,Madhya Pradesh,Ratlam,4,120.19,332.94,63.9,50.0,False,False,False
Minor Pulses,Madhya Pradesh,Rewa,3,181.77,222.29,18.23,66.67,False,False,False
Minor Pulses,Madhya Pradesh,Sagar,4,256.73,259.96,1.24,25.0,False,True,False
Minor Pulses,Madhya Pradesh,Satna,4,133.07,203.7,34.67,75.0,True,False,False
Minor Pulses,Madhya Pradesh,Sehore,4,189.64,405.51,53.23,50.0,False,False,False
Minor Pulses,Madhya Pradesh,Seoni / Shivani,4,93.16,114.56,18.68,50.0,False,False,False
Minor Pulses,Madhya Pradesh,Shahdol,4,107.69,96.87,-11.17,25.0,False,True,False
Minor Pulses,Madhya Pradesh,Shajapur,4,261.13,273.67,4.58,50.0,False,False,False
Minor Pulses,Madhya Pradesh,Shivpuri,4,126.91,177.63,28.55,75.0,True,False,False
Minor Pulses,Madhya Pradesh,Sidhi,4,115.02,137.58,16.4,50.0,False,False,False
Minor Pulses,Madhya Pradesh,Tikamgarh,4,297.83,345.22,13.73,50.0,False,False,False
Minor Pulses,Madhya Pradesh,Ujjain,4,118.64,327.43,63.77,100.0,True,False,False
Minor Pulses,Madhya Pradesh,Vidisha,4,220.56,338.04,34.75,50.0,False,False,False
Minor Pulses,Maharashtra,Ahmednagar,4,237.83,312.52,23.9,50.0,False,False,False
Minor Pulses,Maharashtra,Akola,4,291.56,237.0,-23.02,25.0,False,True,False
Minor Pulses,Maharashtra,Amarawati,4,258.03,299.41,13.82,75.0,True,False,False
Minor Pulses,Maharashtra,Aurangabad,4,387.97,381.74,-1.63,75.0,False,False,False
Minor Pulses,Maharashtra,Beed,4,242.07,185.94,-30.19,50.0,False,True,False
Minor Pulses,Maharashtra,Bhandara,4,96.94,157.33,38.38,50.0,False,False,False
Minor Pulses,Maharashtra,Buldhana,4,226.51,224.32,-0.98,50.0,False,False,False
Minor Pulses,Maharashtra,Chandrapur,4,120.63,156.68,23.01,50.0,False,False,False
Minor Pulses,Maharashtra,Dhule,4,47.0,100.29,53.14,50.0,False,False,False
Minor Pulses,Maharashtra,Jalgaon,4,152.18,177.65,14.34,75.0,True,False,False
Minor Pulses,Maharashtra,Kolhapur,4,110.26,144.47,23.68,75.0,True,False,False
Minor Pulses,Maharashtra,Nagpur,4,153.67,131.83,-16.57,50.0,False,True,False
Minor Pulses,Maharashtra,Nanded,4,216.07,169.96,-27.13,50.0,False,True,False
Minor Pulses,Maharashtra,Nasik,4,144.35,271.39,46.81,100.0,True,False,False
Minor Pulses,Maharashtra,Osmanabad,4,269.79,295.18,8.6,25.0,False,True,False
Minor Pulses,Maharashtra,Parbhani,4,256.46,194.28,-32.01,25.0,False,True,False
Minor Pulses,Maharashtra,Pune,4,110.12,141.96,22.43,75.0,True,False,False
Minor Pulses,Maharashtra,Raigad,4,182.88,189.73,3.61,75.0,False,False,False
Minor Pulses,Maharashtra,Ratnagiri,4,89.92,28.04,-220.68,25.0,False,True,False
Minor Pulses,Maharashtra,Sangli,4,242.57,268.21,9.56,75.0,True,False,False
Minor Pulses,Maharashtra,Satara,4,116.58,132.07,11.73,50.0,False,False,False
Minor Pulses,Maharashtra,Solapur,4,199.8,200.38,0.29,50.0,False,False,False
Minor Pulses,Maharashtra,Thane,4,166.8,109.74,-52.0,75.0,False,True,False
Minor Pulses,Maharashtra,Wardha,4,601.79,618.98,2.78,50.0,False,False,True
Minor Pulses,Maharashtra,Yeotmal,4,225.74,171.88,-31.34,0.0,False,True,False
Minor Pulses,Orissa,Balasore,4,30.84,10.9,-182.94,0.0,False,True,False
Minor Pulses,Orissa,Bolangir,4,29.08,7.19,-304.45,0.0,False,True,False
Minor Pulses,Orissa,Cuttack,4,23.72,14.33,-65.53,25.0,False,True,False
Minor Pulses,Orissa,Dhenkanal,4,46.66,10.45,-346.51,25.0,False,True,False
Minor Pulses,Orissa,Ganjam,4,25.27,5.77,-337.95,25.0,False,True,False
Minor Pulses,Orissa,Kalahandi,4,22.9,5.78,-296.19,50.0,False,True,False
Minor Pulses,Orissa,Keonjhar,4,18.76,16.13,-16.31,75.0,False,True,False
Minor Pulses,Orissa,Koraput,4,43.11,20.7,-108.26,25.0,False,True,False
Minor Pulses,Orissa,Mayurbhanja,4,19.77,11.63,-69.99,25.0,False,True,False
Minor Pulses,Orissa,Phulbani ( Kandhamal ),4,46.52,20.62,-125.61,25.0,False,True,False
Minor Pulses,Orissa,Puri,4,26.77,17.04,-57.1,25.0,False,True,False
Minor Pulses,Orissa,Sambalpur,4,36.51,13.13,-178.07,25.0,False,True,False
Minor Pulses,Orissa,Sundargarh,4,35.52,9.42,-277.07,0.0,False,True,False
Minor Pulses,Punjab,Amritsar,4,128.87,150.3,14.26,75.0,True,False,False
Minor Pulses,Punjab,Bhatinda,4,235.97,233.35,-1.12,25.0,False,True,False
Minor Pulses,Punjab,Ferozpur,4,162.53,115.78,-40.38,25.0,False,True,False
Minor Pulses,Punjab,Gurdaspur,4,105.95,176.8,40.07,50.0,False,False,False
Minor Pulses,Punjab,Hoshiarpur,4,200.38,233.37,14.14,50.0,False,False,False
Minor Pulses,Punjab,Jalandhar,4,426.3,369.27,-15.44,50.0,False,True,False
Minor Pulses,Punjab,Kapurthala,4,656.39,662.5,0.92,50.0,False,False,True
Minor Pulses,Punjab,Ludhiana,4,179.15,148.03,-21.02,50.0,False,True,False
Minor Pulses,Punjab,Patiala,4,308.0,489.43,37.07,50.0,False,False,False
Minor Pulses,Punjab,Roopnagar / Ropar,4,142.79,137.67,-3.72,50.0,False,False,False
Minor Pulses,Punjab,Sangrur,3,232.07,88.8,-161.34,33.33,False,True,False
Minor Pulses,Rajasthan,Ajmer,4,102.29,121.03,15.48,25.0,False,True,False
Minor Pulses,Rajasthan,Alwar,4,1480.57,809.72,-82.85,25.0,False,True,True
Minor Pulses,Rajasthan,Banswara,4,162.76,164.88,1.29,50.0,False,False,False
Minor Pulses,Rajasthan,Barmer,4,281.56,113.48,-148.11,0.0,False,True,False
Minor Pulses,Rajasthan,Bharatpur,4,417.21,437.32,4.6,75.0,False,False,False
Minor Pulses,Rajasthan,Bhilwara,4,168.42,171.72,1.92,25.0,False,True,False
Minor Pulses,Rajasthan,Bikaner,4,99.38,136.53,27.21,50.0,False,False,False
Minor Pulses,Rajasthan,Bundi,4,91.32,102.18,10.63,50.0,False,False,False
Minor Pulses,Rajasthan,Chittorgarh,4,152.21,165.57,8.07,25.0,False,True,False
Minor Pulses,Rajasthan,Churu,4,115.11,73.42,-56.78,50.0,False,True,False
Minor Pulses,Rajasthan,Dungarpur,4,114.15,108.25,-5.45,25.0,False,True,False
Minor Pulses,Rajasthan,Ganganagar,4,87.74,133.71,34.38,50.0,False,False,False
Minor Pulses,Rajasthan,Jaipur,4,175.47,208.13,15.69,75.0,True,False,False
Minor Pulses,Rajasthan,Jaisalmer,4,189.81,120.81,-57.11,25.0,False,True,False
Minor Pulses,Rajasthan,Jalore,4,134.0,157.68,15.02,50.0,False,False,False
Minor Pulses,Rajasthan,Jhalawar,4,202.59,180.68,-12.13,25.0,False,True,False
Minor Pulses,Rajasthan,Jhunjhunu,4,215.72,245.22,12.03,50.0,False,False,False
Minor Pulses,Rajasthan,Jodhpur,4,140.69,216.99,35.16,75.0,True,False,False
Minor Pulses,Rajasthan,Kota,4,160.16,138.62,-15.54,50.0,False,True,False
Minor Pulses,Rajasthan,Nagaur,4,55.99,103.45,45.88,75.0,True,False,False
Minor Pulses,Rajasthan,Pali,4,94.04,77.69,-21.05,50.0,False,True,False
Minor Pulses,Rajasthan,Sikar,4,250.7,241.33,-3.88,50.0,False,False,False
Minor Pulses,Rajasthan,Sirohi,4,249.12,174.16,-43.04,25.0,False,True,False
Minor Pulses,Rajasthan,Swami Madhopur,4,161.89,195.65,17.26,50.0,False,False,False
Minor Pulses,Rajasthan,Tonk,4,90.35,124.2,27.25,100.0,True,False,False
Minor Pulses,Rajasthan,Udaipur,4,88.81,80.54,-10.27,25.0,False,True,False
Minor Pulses,Tamil Nadu,Chengalpattu Mgr / Kanchipuram,4,138.76,120.65,-15.01,25.0,False,True,False
Minor Pulses,Tamil Nadu,Coimbatore,4,148.21,184.14,19.51,50.0,False,False,False
Minor Pulses,Tamil Nadu,Kanyakumari,3,374.97,226.39,-65.63,0.0,False,True,False
Minor Pulses,Tamil Nadu,Madurai,4,186.92,191.17,2.22,50.0,False,False,False
Minor Pulses,Tamil Nadu,North Arcot / Vellore,3,176.0,131.69,-33.65,33.33,False,True,False
Minor Pulses,Tamil Nadu,Ramananthapuram,4,152.41,200.08,23.83,50.0,False,False,False
Minor Pulses,Tamil Nadu,South Arcot / Cuddalore,4,199.32,224.7,11.3,50.0,False,False,False
Minor Pulses,Tamil Nadu,Thanjavur,4,100.54,164.6,38.92,75.0,True,False,False
Minor Pulses,Tamil Nadu,The Nilgiris,3,510.77,549.74,7.09,33.33,False,False,True
Minor Pulses,Tamil Nadu,Thirunelveli,3,259.59,292.85,11.36,66.67,False,False,False
Minor Pulses,Tamil Nadu,Tiruchirapalli / Trichy,3,268.21,245.44,-9.28,66.67,False,False,False
Minor Pulses,Telangana,Adilabad,4,93.11,16.51,-463.96,25.0,False,True,False
Minor Pulses,Telangana,Hyderabad,4,116.74,147.81,21.02,75.0,True,False,False
Minor Pulses,Telangana,Karimnagar,4,125.05,74.41,-68.06,25.0,False,True,False
Minor Pulses,Telangana,Khammam,4,177.76,158.86,-11.9,25.0,False,True,False
Minor Pulses,Telangana,Mahabubnagar,4,146.57,153.02,4.22,50.0,False,False,False
Minor Pulses,Telangana,Medak,4,129.74,100.2,-29.48,50.0,False,True,False
Minor Pulses,Telangana,Nalgonda,4,151.69,154.69,1.94,50.0,False,False,False
Minor Pulses,Telangana,Nizamabad,4,289.52,214.38,-35.05,0.0,False,True,False
Minor Pulses,Telangana,Warangal,4,270.6,247.52,-9.32,25.0,False,True,False
Minor Pulses,Uttar Pradesh,Agra,4,431.69,319.45,-35.14,0.0,False,True,False
Minor Pulses,Uttar Pradesh,Aligarh,4,503.05,579.32,13.17,50.0,False,False,True
Minor Pulses,Uttar Pradesh,Allahabad,4,263.29,337.14,21.9,100.0,True,False,False
Minor Pulses,Uttar Pradesh,Azamgarh,4,453.19,392.6,-15.43,50.0,False,True,False
Minor Pulses,Uttar Pradesh,Bahraich,4,494.38,502.76,1.67,50.0,False,False,False
Minor Pulses,Uttar Pradesh,Ballia,4,411.01,446.54,7.96,75.0,True,False,False
Minor Pulses,Uttar Pradesh,Banda,4,176.54,201.71,12.48,75.0,True,False,False
Minor Pulses,Uttar Pradesh,Barabanki,4,188.27,243.51,22.68,50.0,False,False,False
Minor Pulses,Uttar Pradesh,Bareilly,4,438.35,419.2,-4.57,50.0,False,False,False
Minor Pulses,Uttar Pradesh,Basti,4,428.17,311.67,-37.38,25.0,False,True,False
Minor Pulses,Uttar Pradesh,Bijnor,4,292.53,306.28,4.49,75.0,False,False,False
Minor Pulses,Uttar Pradesh,Budaun,4,325.95,227.47,-43.29,25.0,False,True,False
Minor Pulses,Uttar Pradesh,Buland Shahar,4,307.35,269.07,-14.23,25.0,False,True,False
Minor Pulses,Uttar Pradesh,Deoria,4,336.97,322.61,-4.45,50.0,False,False,False
Minor Pulses,Uttar Pradesh,Etah,4,518.75,483.12,-7.37,25.0,False,True,True
Minor Pulses,Uttar Pradesh,Etawah,4,296.25,300.7,1.48,50.0,False,False,False
Minor Pulses,Uttar Pradesh,Faizabad,4,325.27,213.49,-52.36,0.0,False,True,False
Minor Pulses,Uttar Pradesh,Farrukhabad,4,321.37,340.86,5.72,75.0,True,False,False
Minor Pulses,Uttar Pradesh,Fatehpur,4,284.74,228.51,-24.61,50.0,False,True,False
Minor Pulses,Uttar Pradesh,Ghazipur,4,294.83,347.4,15.13,50.0,False,False,False
Minor Pulses,Uttar Pradesh,Gonda,4,309.9,329.85,6.05,50.0,False,False,False
Minor Pulses,Uttar Pradesh,Gorakhpur,4,277.52,297.64,6.76,50.0,False,False,False
Minor Pulses,Uttar Pradesh,Hamirpur,4,179.86,254.22,29.25,75.0,True,False,False
Minor Pulses,Uttar Pradesh,Hardoi,4,297.12,236.16,-25.81,25.0,False,True,False
Minor Pulses,Uttar Pradesh,Jalaun,4,699.17,562.85,-24.22,25.0,False,True,True
Minor Pulses,Uttar Pradesh,Jaunpur,4,437.14,454.92,3.91,50.0,False,False,False
Minor Pulses,Uttar Pradesh,Jhansi,4,297.09,230.12,-29.1,50.0,False,True,False
Minor Pulses,Uttar Pradesh,Kanpur,4,247.28,273.05,9.44,25.0,False,True,False
Minor Pulses,Uttar Pradesh,Kheri,4,334.64,329.51,-1.56,75.0,False,False,False
Minor Pulses,Uttar Pradesh,Lucknow,4,351.37,295.62,-18.86,25.0,False,True,False
Minor Pulses,Uttar Pradesh,Mainpuri,4,469.38,420.59,-11.6,25.0,False,True,False
Minor Pulses,Uttar Pradesh,Mathura,4,595.71,294.62,-102.2,25.0,False,True,True
Minor Pulses,Uttar Pradesh,Meerut,4,255.1,274.01,6.9,50.0,False,False,False
Minor Pulses,Uttar Pradesh,Mirzpur,4,237.61,264.1,10.03,25.0,False,True,False
Minor Pulses,Uttar Pradesh,Moradabad,4,252.91,266.68,5.16,50.0,False,False,False
Minor Pulses,Uttar Pradesh,Muzaffarnagar,4,256.2,221.66,-15.58,25.0,False,True,False
Minor Pulses,Uttar Pradesh,Pilibhit,4,590.96,472.46,-25.08,50.0,False,True,True
Minor Pulses,Uttar Pradesh,Pratapgarh,4,306.51,279.05,-9.84,75.0,False,False,False
Minor Pulses,Uttar Pradesh,Rae-Bareily,4,215.16,151.46,-42.06,25.0,False,True,False
Minor Pulses,Uttar Pradesh,Rampur,4,317.97,303.01,-4.94,50.0,False,False,False
Minor Pulses,Uttar Pradesh,Saharanpur,4,353.45,320.03,-10.44,50.0,False,True,False
Minor Pulses,Uttar Pradesh,Shahjahanpur,4,371.76,382.87,2.9,75.0,False,False,False
Minor Pulses,Uttar Pradesh,Sitapur,4,287.03,215.92,-32.93,25.0,False,True,False
Minor Pulses,Uttar Pradesh,Sultanpur,4,318.36,227.13,-40.17,0.0,False,True,False
Minor Pulses,Uttar Pradesh,Unnao,4,286.47,219.86,-30.3,0.0,False,True,False
Minor Pulses,Uttar Pradesh,Varanasi,4,192.57,243.03,20.76,75.0,True,False,False
Minor Pulses,Uttarakhand,Almorah,4,293.05,387.29,24.33,50.0,False,False,False
Minor Pulses,Uttarakhand,Chamoli,4,360.81,469.06,23.08,50.0,False,False,False
Minor Pulses,Uttarakhand,Dehradun,4,322.69,451.34,28.5,50.0,False,False,False
Minor Pulses,Uttarakhand,Garhwal,4,252.48,379.91,33.54,75.0,True,False,False
Minor Pulses,Uttarakhand,Nainital,4,310.19,429.99,27.86,50.0,False,False,False
Minor Pulses,Uttarakhand,Pithorgarh,4,370.04,459.31,19.44,50.0,False,False,False
Minor Pulses,Uttarakhand,Tehri Garhwal,4,276.95,406.33,31.84,75.0,True,False,False
Minor Pulses,Uttarakhand,Uttar Kashi,4,301.68,400.89,24.75,50.0,False,False,False
Minor Pulses,West Bengal,24 Parganas,4,60.33,66.49,9.26,50.0,False,False,False
Minor Pulses,West Bengal,Bankura,4,189.29,171.1,-10.63,50.0,False,True,False
Minor Pulses,West Bengal,Birbhum,4,172.86,169.22,-2.15,25.0,False,True,False
Minor Pulses,West Bengal,Burdwan,4,121.78,110.28,-10.43,50.0,False,True,False
Minor Pulses,West Bengal,Cooch Behar,4,87.93,62.02,-41.78,50.0,False,True,False
Minor Pulses,West Bengal,Darjeeling,4,122.06,116.05,-5.18,75.0,False,False,False
Minor Pulses,West Bengal,Hooghly,4,172.59,199.45,13.47,50.0,False,False,False
Minor Pulses,West Bengal,Howrah,4,94.54,113.74,16.88,50.0,False,False,False
Minor Pulses,West Bengal,Jalpaiguri,4,80.08,107.73,25.67,75.0,True,False,False
Minor Pulses,West Bengal,Malda,4,126.94,68.28,-85.91,0.0,False,True,False
Minor Pulses,West Bengal,Midnapur,4,234.5,147.79,-58.67,50.0,False,True,False
Minor Pulses,West Bengal,Murshidabad,4,144.24,127.11,-13.48,25.0,False,True,False
Minor Pulses,West Bengal,Nadia,4,54.08,63.87,15.33,75.0,True,False,False
Minor Pulses,West Bengal,Purulia,4,95.23,86.59,-9.98,50.0,False,False,False
Minor Pulses,West Bengal,West Dinajpur,4,69.12,57.32,-20.59,25.0,False,True,False
Maize,Andhra Pradesh,Ananthapur,4,331.6,476.18,30.36,75.0,True,False,False
Maize,Andhra Pradesh,Chittoor,4,941.64,1005.59,6.36,75.0,True,False,False
Maize,Andhra Pradesh,East Godavari,4,1315.31,1065.86,-23.4,50.0,False,True,True
Maize,Andhra Pradesh,Guntur,4,1634.49,935.2,-74.77,0.0,False,True,True
Maize,Andhra Pradesh,Kadapa Ysr,4,3349.98,2835.02,-18.16,25.0,False,True,True
Maize,Andhra Pradesh,Krishna,4,961.61,400.94,-139.84,25.0,False,True,False
Maize,Andhra Pradesh,Kurnool,4,840.9,819.95,-2.56,75.0,False,False,False
Maize,Andhra Pradesh,S.P.S. Nellore,4,1137.05,672.62,-69.05,0.0,False,True,True
Maize,Andhra Pradesh,Srikakulam,4,421.37,222.46,-89.41,25.0,False,True,False
Maize,Andhra Pradesh,Visakhapatnam,4,555.2,714.63,22.31,75.0,True,False,False
Maize,Andhra Pradesh,West Godavari,4,856.33,649.39,-31.87,50.0,False,True,False
Maize,Assam,Cachar,4,776.95,348.37,-123.02,0.0,False,True,False
Maize,Assam,Darrang,4,710.86,2127.15,66.58,100.0,True,False,False
Maize,Assam,Dibrugarh,4,1305.63,1052.98,-23.99,25.0,False,True,True
Maize,Assam,Goalpara,4,315.96,842.18,62.48,75.0,True,False,False
Maize,Assam,Kamrup,4,403.33,1158.81,65.19,100.0,True,False,False
Maize,Assam,Karbi Anglong,4,622.56,801.27,22.3,50.0,False,False,False
Maize,Assam,Lakhimpur,4,1267.55,1060.05,-19.57,50.0,False,True,True
Maize,Assam,Nagaon,4,251.32,591.56,57.52,50.0,False,False,False
Maize,Assam,North Cachar Hil / Dima Hasao,4,1313.13,1010.77,-29.91,50.0,False,True,True
Maize,Assam,Sibsagar,4,776.91,499.8,-55.44,25.0,False,True,False
Maize,Bihar,Bhagalpur,4,1098.44,892.47,-23.08,25.0,False,True,True
Maize,Bihar,Champaran,4,673.27,754.99,10.82,75.0,True,False,False
Maize,Bihar,Darbhanga,4,1111.29,1359.26,18.24,50.0,False,False,True
Maize,Bihar,Gaya,4,625.15,536.35,-16.56,25.0,False,True,False
Maize,Bihar,Mungair,4,814.89,705.18,-15.56,25.0,False,True,False
Maize,Bihar,Muzaffarpur,4,437.72,629.11,30.42,75.0,True,False,False
Maize,Bihar,Patna,4,561.8,499.77,-12.41,25.0,False,True,False
Maize,Bihar,Purnea,4,1414.78,1794.23,21.15,75.0,True,False,True
Maize,Bihar,Saharsa,4,1059.48,863.5,-22.7,50.0,False,True,True
Maize,Bihar,Saran,4,609.52,414.95,-46.89,25.0,False,True,False
Maize,Bihar,Shahabad (Now Part Of Bhojpur District),4,460.08,227.59,-102.15,25.0,False,True,False
Maize,Chhattisgarh,Bastar,4,406.22,404.92,-0.32,50.0,False,False,False
Maize,Chhattisgarh,Bilaspur,4,271.79,306.06,11.2,75.0,True,False,False
Maize,Chhattisgarh,Durg,4,277.0,252.41,-9.74,50.0,False,False,False
Maize,Chhattisgarh,Raigarh,4,396.57,339.01,-16.98,25.0,False,True,False
Maize,Chhattisgarh,Raipur,4,280.44,352.75,20.5,75.0,True,False,False
Maize,Chhattisgarh,Surguja,4,363.83,348.22,-4.48,25.0,False,True,False
Maize,Gujarat,Ahmedabad,4,296.91,386.55,23.19,75.0,True,False,False
Maize,Gujarat,Amreli,4,934.02,939.6,0.59,50.0,False,False,False
Maize,Gujarat,Banaskantha,4,152.0,210.03,27.63,50.0,False,False,False
Maize,Gujarat,Bharuch,4,78.84,76.51,-3.05,50.0,False,False,False
Maize,Gujarat,Bhavnagar,4,269.93,224.0,-20.5,50.0,False,True,False
Maize,Gujarat,Dangs,4,1059.68,862.14,-22.91,25.0,False,True,True
Maize,Gujarat,Junagadh,4,1063.22,1109.06,4.13,50.0,False,False,True
Maize,Gujarat,Kheda,4,250.09,235.5,-6.2,50.0,False,False,False
Maize,Gujarat,Kutch,4,363.31,726.77,50.01,75.0,True,False,False
Maize,Gujarat,Mehsana,4,217.78,189.8,-14.74,50.0,False,True,False
Maize,Gujarat,Panchmahal,4,341.26,263.99,-29.27,50.0,False,True,False
Maize,Gujarat,Rajkot,4,179.1,619.71,71.1,100.0,True,False,False
Maize,Gujarat,Sabarkantha,4,308.77,407.24,24.18,75.0,True,False,False
Maize,Gujarat,Surat,4,246.58,446.61,44.79,100.0,True,False,False
Maize,Gujarat,Surendranagar,3,345.53,811.89,57.44,100.0,True,False,False
Maize,Gujarat,Vadodara / Baroda,4,105.42,178.56,40.96,75.0,True,False,False
Maize,Gujarat,Valsad,4,517.74,1056.81,51.01,100.0,True,False,False
Maize,Haryana,Ambala,4,350.49,418.46,16.24,75.0,True,False,False
Maize,Haryana,Gurgaon,4,0.62,0.0,0.0,0.0,False,True,False
Maize,Haryana,Hissar,4,171.67,0.0,0.0,0.0,False,True,False
Maize,Haryana,Jind,4,0.62,0.0,0.0,0.0,False,True,False
Maize,Haryana,Karnal,4,1127.21,1045.4,-7.83,50.0,False,False,True
Maize,Haryana,Mahendragarh / Narnaul,4,0.62,0.0,0.0,0.0,False,True,False
Maize,Haryana,Rohtak,4,5408.03,5503.5,1.73,75.0,False,False,True
Maize,Himachal Pradesh,Bilashpur,4,410.81,467.65,12.15,75.0,True,False,False
Maize,Himachal Pradesh,Chamba,4,531.99,603.97,11.92,50.0,False,False,False
Maize,Himachal Pradesh,Kangra,4,319.05,408.17,21.83,75.0,True,False,False
Maize,Himachal Pradesh,Kinnaur,4,482.86,567.26,14.88,75.0,True,False,False
Maize,Himachal Pradesh,Kullu,4,575.73,642.02,10.33,50.0,False,False,False
Maize,Himachal Pradesh,Lahul & Spiti,4,511.78,536.31,4.57,50.0,False,False,False
Maize,Himachal Pradesh,Mandi,4,195.72,58.62,-233.88,0.0,False,True,False
Maize,Himachal Pradesh,Shimla,4,475.16,511.81,7.16,75.0,True,False,False
Maize,Himachal Pradesh,Sirmaur,4,488.47,461.07,-5.94,50.0,False,False,False
Maize,Himachal Pradesh,Solan,4,595.1,611.62,2.7,50.0,False,False,False
Maize,Jharkhand,Dhanbad,4,590.47,442.16,-33.54,25.0,False,True,False
Maize,Jharkhand,Hazaribagh,4,911.38,763.99,-19.29,50.0,False,True,False
Maize,Jharkhand,Palamau,4,650.18,712.84,8.79,50.0,False,False,False
Maize,Jharkhand,Ranchi,4,692.55,636.29,-8.84,50.0,False,False,False
Maize,Jharkhand,Santhal Paragana / Dumka,4,573.01,439.17,-30.48,25.0,False,True,False
Maize,Jharkhand,Singhbhum,4,248.42,302.35,17.84,75.0,True,False,False
Maize,Karnataka,Bangalore,4,696.78,957.06,27.2,75.0,True,False,False
Maize,Karnataka,Belgaum,4,920.98,853.43,-7.92,50.0,False,False,False
Maize,Karnataka,Bellary,4,363.58,337.45,-7.74,50.0,False,False,False
Maize,Karnataka,Bidar,4,1187.39,1229.02,3.39,75.0,False,False,True
Maize,Karnataka,Bijapur / Vijayapura,4,568.59,573.57,0.87,25.0,False,True,False
Maize,Karnataka,Chickmagalur,4,438.37,418.38,-4.78,50.0,False,False,False
Maize,Karnataka,Chitradurga,4,734.82,777.31,5.47,75.0,True,False,False
Maize,Karnataka,Dakshina Kannada,3,679.51,725.18,6.3,66.67,False,False,False
Maize,Karnataka,Dharwad,4,681.47,575.89,-18.33,25.0,False,True,False
Maize,Karnataka,Gulbarga / Kalaburagi,4,896.03,782.32,-14.53,25.0,False,True,False
Maize,Karnataka,Hassan,4,1243.97,1281.94,2.96,50.0,False,False,True
Maize,Karnataka,Kodagu / Coorg,4,1264.09,1347.94,6.22,25.0,False,True,True
Maize,Karnataka,Kolar,4,1112.74,1156.92,3.82,75.0,False,False,True
Maize,Karnataka,Mandya,4,1176.21,1013.21,-16.09,25.0,False,True,True
Maize,Karnataka,Mysore,4,798.35,972.54,17.91,100.0,True,False,False
Maize,Karnataka,Raichur,4,1129.43,1061.51,-6.4,50.0,False,False,True
Maize,Karnataka,Shimoge,4,775.69,540.62,-43.48,25.0,False,True,False
Maize,Karnataka,Tumkur,4,407.98,445.35,8.39,50.0,False,False,False
Maize,Karnataka,Uttara Kannada,4,1080.72,872.92,-23.81,25.0,False,True,True
Maize,Kerala,Alappuzha,4,0.62,0.0,0.0,0.0,False,True,False
Maize,Kerala,Eranakulam,3,732.64,1155.56,36.6,33.33,False,False,False
Maize,Kerala,Kannur,4,0.62,0.0,0.0,0.0,False,True,False
Maize,Kerala,Kollam,4,0.62,0.0,0.0,0.0,False,True,False
Maize,Kerala,Kozhikode,4,0.62,0.0,0.0,0.0,False,True,False
Maize,Kerala,Malappuram,4,0.62,0.0,0.0,0.0,False,True,False
Maize,Kerala,Palakkad,4,474.42,642.69,26.18,100.0,True,False,False
Maize,Kerala,Thiruvananthapuram,4,0.62,0.0,0.0,0.0,False,True,False
Maize,Kerala,Thrissur,4,0.62,0.0,0.0,0.0,False,True,False
Maize,Madhya Pradesh,Balaghat,4,460.73,648.02,28.9,75.0,True,False,False
Maize,Madhya Pradesh,Betul,4,802.03,717.89,-11.72,50.0,False,True,False
Maize,Madhya Pradesh,Bhind,4,2.52,0.0,0.0,0.0,False,True,False
Maize,Madhya Pradesh,Chhatarpur,4,418.89,318.35,-31.58,25.0,False,True,False
Maize,Madhya Pradesh,Chhindwara,4,1181.37,1286.99,8.21,50.0,False,False,True
Maize,Madhya Pradesh,Damoh,4,266.34,168.9,-57.69,25.0,False,True,False
Maize,Madhya Pradesh,Datia,4,454.61,394.89,-15.12,50.0,False,True,False
Maize,Madhya Pradesh,Dewas,4,639.07,949.5,32.69,75.0,True,False,False
Maize,Madhya Pradesh,Dhar,4,246.02,623.68,60.55,100.0,True,False,False
Maize,Madhya Pradesh,Guna,4,320.23,410.53,22.0,50.0,False,False,False
Maize,Madhya Pradesh,Gwalior,4,1099.27,1344.3,18.23,75.0,True,False,True
Maize,Madhya Pradesh,Hoshangabad,4,816.69,867.44,5.85,50.0,False,False,False
Maize,Madhya Pradesh,Indore,4,809.95,802.41,-0.94,50.0,False,False,False
Maize,Madhya Pradesh,Jabalpur,4,469.81,670.43,29.92,100.0,True,False,False
Maize,Madhya Pradesh,Jhabua,4,466.02,948.94,50.89,100.0,True,False,False
Maize,Madhya Pradesh,Khandwa / East Nimar,4,188.6,301.79,37.51,75.0,True,False,False
Maize,Madhya Pradesh,Khargone / West Nimar,4,827.31,720.02,-14.9,50.0,False,True,False
Maize,Madhya Pradesh,Mandla,4,252.45,604.91,58.27,100.0,True,False,False
Maize,Madhya Pradesh,Mandsaur,4,1172.01,844.25,-38.82,0.0,False,True,True
Maize,Madhya Pradesh,Morena,4,441.39,470.89,6.26,75.0,True,False,False
Maize,Madhya Pradesh,Narsinghpur,4,856.73,564.27,-51.83,0.0,False,True,False
Maize,Madhya Pradesh,Panna,4,222.71,362.36,38.54,75.0,True,False,False
Maize,Madhya Pradesh,Raisen,4,135.09,270.89,50.13,75.0,True,False,False
Maize,Madhya Pradesh,Rajgarh,4,740.78,921.71,19.63,75.0,True,False,False
Maize,Madhya Pradesh,Ratlam,4,503.22,382.18,-31.67,25.0,False,True,False
Maize,Madhya Pradesh,Rewa,3,124.94,591.54,78.88,100.0,True,False,False
Maize,Madhya Pradesh,Sagar,4,254.45,317.46,19.85,50.0,False,False,False
Maize,Madhya Pradesh,Satna,4,808.02,826.17,2.2,50.0,False,False,False
Maize,Madhya Pradesh,Sehore,4,317.34,486.99,34.84,75.0,True,False,False
Maize,Madhya Pradesh,Seoni / Shivani,4,2009.83,2184.28,7.99,50.0,False,False,True
Maize,Madhya Pradesh,Shahdol,4,231.07,549.07,57.92,100.0,True,False,False
Maize,Madhya Pradesh,Shajapur,4,538.48,777.65,30.76,75.0,True,False,False
Maize,Madhya Pradesh,Shivpuri,4,289.12,447.09,35.33,75.0,True,False,False
Maize,Madhya Pradesh,Sidhi,4,396.66,529.05,25.02,75.0,True,False,False
Maize,Madhya Pradesh,Tikamgarh,4,592.9,757.19,21.7,75.0,True,False,False
Maize,Madhya Pradesh,Ujjain,4,320.36,390.51,17.96,50.0,False,False,False
Maize,Madhya Pradesh,Vidisha,4,421.72,386.04,-9.24,75.0,False,False,False
Maize,Maharashtra,Ahmednagar,4,916.0,794.93,-15.23,25.0,False,True,False
Maize,Maharashtra,Akola,4,360.52,467.99,22.96,50.0,False,False,False
Maize,Maharashtra,Amarawati,4,639.49,740.3,13.62,50.0,False,False,False
Maize,Maharashtra,Aurangabad,4,1371.69,1189.06,-15.36,50.0,False,True,True
Maize,Maharashtra,Beed,4,860.28,595.78,-44.4,25.0,False,True,False
Maize,Maharashtra,Bhandara,4,888.14,740.74,-19.9,0.0,False,True,False
Maize,Maharashtra,Buldhana,4,676.2,672.32,-0.58,50.0,False,False,False
Maize,Maharashtra,Chandrapur,4,625.15,530.79,-17.78,25.0,False,True,False
Maize,Maharashtra,Dhule,4,873.59,607.23,-43.86,0.0,False,True,False
Maize,Maharashtra,Jalgaon,4,746.34,711.63,-4.88,50.0,False,False,False
Maize,Maharashtra,Kolhapur,4,449.56,476.49,5.65,75.0,True,False,False
Maize,Maharashtra,Nagpur,4,868.52,614.29,-41.39,25.0,False,True,False
Maize,Maharashtra,Nanded,4,445.59,429.98,-3.63,50.0,False,False,False
Maize,Maharashtra,Nasik,4,1171.66,1104.27,-6.1,25.0,False,True,True
Maize,Maharashtra,Osmanabad,4,607.32,535.75,-13.36,50.0,False,True,False
Maize,Maharashtra,Parbhani,4,689.1,454.49,-51.62,0.0,False,True,False
Maize,Maharashtra,Pune,4,1457.04,1248.03,-16.75,25.0,False,True,True
Maize,Maharashtra,Raigad,4,1049.5,676.88,-55.05,0.0,False,True,True
Maize,Maharashtra,Ratnagiri,4,1282.97,1272.28,-0.84,75.0,False,False,True
Maize,Maharashtra,Sangli,4,841.67,770.67,-9.21,50.0,False,False,False
Maize,Maharashtra,Satara,4,377.12,279.26,-35.04,50.0,False,True,False
Maize,Maharashtra,Solapur,4,640.78,469.48,-36.49,25.0,False,True,False
Maize,Maharashtra,Thane,4,1695.84,2020.71,16.08,75.0,True,False,True
Maize,Maharashtra,Wardha,4,525.71,496.85,-5.81,50.0,False,False,False
Maize,Maharashtra,Yeotmal,4,577.91,643.53,10.2,75.0,True,False,False
Maize,Orissa,Balasore,4,35.55,48.01,25.95,75.0,True,False,False
Maize,Orissa,Bolangir,4,202.61,308.64,34.35,100.0,True,False,False
Maize,Orissa,Cuttack,4,85.9,269.53,68.13,100.0,True,False,False
Maize,Orissa,Dhenkanal,4,228.72,401.9,43.09,100.0,True,False,False
Maize,Orissa,Ganjam,4,254.51,453.86,43.92,100.0,True,False,False
Maize,Orissa,Kalahandi,4,188.14,202.2,6.95,50.0,False,False,False
Maize,Orissa,Keonjhar,4,343.62,615.29,44.15,75.0,True,False,False
Maize,Orissa,Koraput,4,128.48,184.09,30.21,75.0,True,False,False
Maize,Orissa,Mayurbhanja,4,163.83,404.74,59.52,100.0,True,False,False
Maize,Orissa,Phulbani ( Kandhamal ),4,230.48,445.19,48.23,75.0,True,False,False
Maize,Orissa,Puri,4,73.4,230.76,68.19,100.0,True,False,False
Maize,Orissa,Sambalpur,4,77.8,223.58,65.2,100.0,True,False,False
Maize,Orissa,Sundargarh,4,149.16,380.76,60.83,100.0,True,False,False
Maize,Punjab,Amritsar,4,459.57,820.83,44.01,100.0,True,False,False
Maize,Punjab,Bhatinda,4,2004.14,1616.67,-23.97,50.0,False,True,True
Maize,Punjab,Ferozpur,4,1518.02,1833.33,17.2,50.0,False,False,True
Maize,Punjab,Gurdaspur,4,428.56,270.71,-58.31,25.0,False,True,False
Maize,Punjab,Hoshiarpur,4,230.21,241.93,4.84,75.0,False,False,False
Maize,Punjab,Jalandhar,4,560.07,391.68,-42.99,0.0,False,True,False
Maize,Punjab,Kapurthala,4,1564.01,2031.25,23.0,75.0,True,False,True
Maize,Punjab,Ludhiana,4,1807.82,1520.07,-18.93,50.0,False,True,True
Maize,Punjab,Patiala,4,156.2,133.59,-16.92,25.0,False,True,False
Maize,Punjab,Roopnagar / Ropar,4,660.31,449.58,-46.87,0.0,False,True,False
Maize,Punjab,Sangrur,3,516.72,692.2,25.35,66.67,False,False,False
Maize,Rajasthan,Ajmer,4,260.47,216.45,-20.34,50.0,False,True,False
Maize,Rajasthan,Alwar,4,97.44,114.09,14.59,50.0,False,False,False
Maize,Rajasthan,Banswara,4,298.4,242.04,-23.29,50.0,False,True,False
Maize,Rajasthan,Barmer,3,572.92,481.48,-18.99,33.33,False,True,False
Maize,Rajasthan,Bharatpur,3,898.42,561.11,-60.11,66.67,False,True,False
Maize,Rajasthan,Bhilwara,4,368.65,408.96,9.86,75.0,True,False,False
Maize,Rajasthan,Bikaner,4,914.34,995.83,8.18,50.0,False,False,False
Maize,Rajasthan,Bundi,4,523.92,345.65,-51.58,25.0,False,True,False
Maize,Rajasthan,Chittorgarh,4,562.39,536.61,-4.8,25.0,False,True,False
Maize,Rajasthan,Churu,4,521.04,500.0,-4.21,25.0,False,True,False
Maize,Rajasthan,Dungarpur,4,305.6,292.21,-4.58,50.0,False,False,False
Maize,Rajasthan,Ganganagar,4,166.23,168.58,1.39,50.0,False,False,False
Maize,Rajasthan,Jaipur,4,153.88,148.02,-3.96,50.0,False,False,False
Maize,Rajasthan,Jaisalmer,4,42.66,0.0,0.0,0.0,False,True,False
Maize,Rajasthan,Jalore,4,286.74,317.95,9.82,75.0,True,False,False
Maize,Rajasthan,Jhalawar,4,392.11,494.95,20.78,75.0,True,False,False
Maize,Rajasthan,Jhunjhunu,4,42.66,0.0,0.0,0.0,False,True,False
Maize,Rajasthan,Jodhpur,3,755.01,688.89,-9.6,66.67,False,False,False
Maize,Rajasthan,Kota,4,565.91,608.14,6.94,25.0,False,True,False
Maize,Rajasthan,Nagaur,4,299.68,330.53,9.33,75.0,True,False,False
Maize,Rajasthan,Pali,4,317.07,234.56,-35.18,25.0,False,True,False
Maize,Rajasthan,Sikar,4,448.52,493.75,9.16,50.0,False,False,False
Maize,Rajasthan,Sirohi,4,448.83,360.44,-24.52,0.0,False,True,False
Maize,Rajasthan,Swami Madhopur,4,274.69,250.38,-9.71,75.0,False,False,False
Maize,Rajasthan,Tonk,4,975.69,868.62,-12.33,25.0,False,True,False
Maize,Rajasthan,Udaipur,4,343.88,266.62,-28.98,50.0,False,True,False
Maize,Tamil Nadu,Chengalpattu Mgr / Kanchipuram,4,3563.78,2685.65,-32.7,25.0,False,True,True
Maize,Tamil Nadu,Coimbatore,4,2877.8,2067.99,-39.16,25.0,False,True,True
Maize,Tamil Nadu,Madurai,4,4153.37,3180.88,-30.57,0.0,False,True,True
Maize,Tamil Nadu,North Arcot / Vellore,3,2387.91,2221.54,-7.49,33.33,False,False,True
Maize,Tamil Nadu,Ramananthapuram,4,3482.69,2798.03,-24.47,25.0,False,True,True
Maize,Tamil Nadu,South Arcot / Cuddalore,4,1960.59,1978.5,0.91,50.0,False,False,True
Maize,Tamil Nadu,Thanjavur,4,2837.52,1760.97,-61.13,0.0,False,True,True
Maize,Tamil Nadu,The Nilgiris,3,229.97,0.0,0.0,0.0,False,True,False
Maize,Tamil Nadu,Thirunelveli,3,2230.59,1717.68,-29.86,0.0,False,True,True
Maize,Tamil Nadu,Tiruchirapalli / Trichy,3,3562.6,3247.27,-9.71,33.33,False,False,True
Maize,Telangana,Adilabad,4,1756.05,1804.62,2.69,50.0,False,False,True
Maize,Telangana,Hyderabad,4,620.41,406.94,-52.46,50.0,False,True,False
Maize,Telangana,Karimnagar,4,537.24,390.63,-37.53,25.0,False,True,False
Maize,Telangana,Khammam,4,592.46,509.23,-16.34,25.0,False,True,False
Maize,Telangana,Mahabubnagar,4,1419.48,989.65,-43.43,25.0,False,True,True
Maize,Telangana,Medak,4,1416.74,928.4,-52.6,0.0,False,True,True
Maize,Telangana,Nalgonda,4,826.64,723.16,-14.31,25.0,False,True,False
Maize,Telangana,Nizamabad,4,460.52,421.84,-9.17,50.0,False,False,False
Maize,Telangana,Warangal,4,526.48,636.5,17.29,75.0,True,False,False
Maize,Uttar Pradesh,Agra,4,200.08,178.05,-12.37,50.0,False,True,False
Maize,Uttar Pradesh,Aligarh,4,306.03,205.78,-48.72,25.0,False,True,False
Maize,Uttar Pradesh,Allahabad,4,484.53,536.95,9.76,75.0,True,False,False
Maize,Uttar Pradesh,Azamgarh,4,190.03,108.21,-75.61,25.0,False,True,False
Maize,Uttar Pradesh,Bahraich,4,208.91,170.92,-22.23,50.0,False,True,False
Maize,Uttar Pradesh,Ballia,4,538.58,445.93,-20.78,50.0,False,True,False
Maize,Uttar Pradesh,Banda,3,1323.68,942.59,-40.43,33.33,False,True,True
Maize,Uttar Pradesh,Barabanki,4,529.73,341.24,-55.24,25.0,False,True,False
Maize,Uttar Pradesh,Bareilly,4,366.78,174.87,-109.74,0.0,False,True,False
Maize,Uttar Pradesh,Basti,4,499.46,424.03,-17.79,25.0,False,True,False
Maize,Uttar Pradesh,Bijnor,3,950.04,918.06,-3.48,33.33,False,False,False
Maize,Uttar Pradesh,Budaun,4,201.16,124.45,-61.64,25.0,False,True,False
Maize,Uttar Pradesh,Buland Shahar,4,83.55,65.34,-27.87,25.0,False,True,False
Maize,Uttar Pradesh,Deoria,4,142.98,163.97,12.8,50.0,False,False,False
Maize,Uttar Pradesh,Etah,4,283.77,258.63,-9.72,50.0,False,False,False
Maize,Uttar Pradesh,Etawah,4,195.69,219.52,10.86,75.0,True,False,False
Maize,Uttar Pradesh,Faizabad,4,229.55,281.62,18.49,50.0,False,False,False
Maize,Uttar Pradesh,Farrukhabad,4,545.14,477.55,-14.15,0.0,False,True,False
Maize,Uttar Pradesh,Fatehpur,4,582.25,724.72,19.66,75.0,True,False,False
Maize,Uttar Pradesh,Ghazipur,4,365.97,355.77,-2.87,75.0,False,False,False
Maize,Uttar Pradesh,Gonda,4,168.39,91.14,-84.76,50.0,False,True,False
Maize,Uttar Pradesh,Gorakhpur,4,290.57,266.03,-9.22,50.0,False,False,False
Maize,Uttar Pradesh,Hamirpur,4,881.97,594.48,-48.36,25.0,False,True,False
Maize,Uttar Pradesh,Hardoi,4,339.23,381.43,11.06,50.0,False,False,False
Maize,Uttar Pradesh,Jalaun,4,1458.05,1531.98,4.83,50.0,False,False,True
Maize,Uttar Pradesh,Jaunpur,4,130.92,49.92,-162.26,0.0,False,True,False
Maize,Uttar Pradesh,Jhansi,4,352.69,159.84,-120.65,25.0,False,True,False
Maize,Uttar Pradesh,Kanpur,4,570.64,809.99,29.55,75.0,True,False,False
Maize,Uttar Pradesh,Kheri,4,286.46,201.95,-41.85,25.0,False,True,False
Maize,Uttar Pradesh,Lucknow,4,437.3,283.6,-54.2,0.0,False,True,False
Maize,Uttar Pradesh,Mainpuri,4,188.02,234.9,19.96,50.0,False,False,False
Maize,Uttar Pradesh,Mathura,4,246.06,173.82,-41.56,0.0,False,True,False
Maize,Uttar Pradesh,Meerut,4,348.31,249.63,-39.53,25.0,False,True,False
Maize,Uttar Pradesh,Mirzpur,4,355.6,92.41,-284.81,0.0,False,True,False
Maize,Uttar Pradesh,Moradabad,4,250.34,417.56,40.05,100.0,True,False,False
Maize,Uttar Pradesh,Muzaffarnagar,4,91.58,165.81,44.77,75.0,True,False,False
Maize,Uttar Pradesh,Pilibhit,4,303.71,153.53,-97.82,0.0,False,True,False
Maize,Uttar Pradesh,Pratapgarh,4,548.59,684.93,19.91,75.0,True,False,False
Maize,Uttar Pradesh,Rae-Bareily,4,241.88,378.53,36.1,75.0,True,False,False
Maize,Uttar Pradesh,Rampur,4,210.02,253.41,17.12,50.0,False,False,False
Maize,Uttar Pradesh,Saharanpur,4,80.22,188.58,57.46,75.0,True,False,False
Maize,Uttar Pradesh,Shahjahanpur,4,412.04,386.93,-6.49,75.0,False,False,False
Maize,Uttar Pradesh,Sitapur,4,287.56,135.73,-111.86,25.0,False,True,False
Maize,Uttar Pradesh,Sultanpur,4,515.53,397.31,-29.76,25.0,False,True,False
Maize,Uttar Pradesh,Unnao,4,189.68,375.87,49.54,100.0,True,False,False
Maize,Uttar Pradesh,Varanasi,4,121.42,90.66,-33.93,50.0,False,True,False
Maize,Uttarakhand,Almorah,4,374.31,380.52,1.63,25.0,False,True,False
Maize,Uttarakhand,Chamoli,4,217.57,568.92,61.76,100.0,True,False,False
Maize,Uttarakhand,Dehradun,4,495.29,674.53,26.57,75.0,True,False,False
Maize,Uttarakhand,Garhwal,4,286.83,645.21,55.54,100.0,True,False,False
Maize,Uttarakhand,Nainital,4,430.34,348.76,-23.39,25.0,False,True,False
Maize,Uttarakhand,Pithorgarh,4,351.06,244.81,-43.4,50.0,False,True,False
Maize,Uttarakhand,Tehri Garhwal,4,559.8,612.02,8.53,75.0,True,False,False
Maize,Uttarakhand,Uttar Kashi,4,930.85,904.78,-2.88,75.0,False,False,False
Maize,West Bengal,24 Parganas,4,285.83,249.02,-14.78,50.0,False,True,False
Maize,West Bengal,Bankura,4,643.57,357.37,-80.09,0.0,False,True,False
Maize,West Bengal,Birbhum,4,366.19,448.52,18.36,100.0,True,False,False
Maize,West Bengal,Burdwan,4,50.04,41.73,-19.91,50.0,False,True,False
Maize,West Bengal,Cooch Behar,4,285.8,121.99,-134.28,0.0,False,True,False
Maize,West Bengal,Darjeeling,4,124.36,100.38,-23.89,50.0,False,True,False
Maize,West Bengal,Hooghly,4,188.58,134.92,-39.77,50.0,False,True,False
Maize,West Bengal,Howrah,4,504.07,575.06,12.34,75.0,True,False,False
Maize,West Bengal,Jalpaiguri,4,710.08,803.36,11.61,75.0,True,False,False
Maize,West Bengal,Malda,4,1862.84,1937.51,3.85,25.0,False,True,True
Maize,West Bengal,Midnapur,4,346.44,276.07,-25.49,50.0,False,True,False
Maize,West Bengal,Murshidabad,4,512.85,431.14,-18.95,50.0,False,True,False
Maize,West Bengal,Nadia,4,374.46,438.16,14.54,75.0,True,False,False
Maize,West Bengal,Purulia,4,424.37,423.54,-0.2,50.0,False,False,False
Maize,West Bengal,West Dinajpur,4,992.77,714.74,-38.9,25.0,False,True,True
Rice,Andhra Pradesh,Ananthapur,4,289.19,269.76,-7.2,75.0,False,False,False
Rice,Andhra Pradesh,Chittoor,4,230.4,273.58,15.78,75.0,True,False,False
Rice,Andhra Pradesh,East Godavari,4,409.43,751.6,45.53,100.0,True,False,False
Rice,Andhra Pradesh,Guntur,4,562.55,520.36,-8.11,25.0,False,True,True
Rice,Andhra Pradesh,Kadapa Ysr,4,541.78,413.76,-30.94,25.0,False,True,True
Rice,Andhra Pradesh,Krishna,4,264.65,227.87,-16.14,50.0,False,True,False
Rice,Andhra Pradesh,Kurnool,4,281.74,296.94,5.12,75.0,True,False,False
Rice,Andhra Pradesh,S.P.S. Nellore,4,294.94,244.96,-20.4,75.0,False,True,False
Rice,Andhra Pradesh,Srikakulam,4,344.98,361.14,4.47,50.0,False,False,False
Rice,Andhra Pradesh,Visakhapatnam,4,199.02,380.11,47.64,100.0,True,False,False
Rice,Andhra Pradesh,West Godavari,4,338.7,600.47,43.59,100.0,True,False,False
Rice,Assam,Cachar,4,150.96,162.05,6.84,50.0,False,False,False
Rice,Assam,Darrang,4,106.77,140.89,24.22,50.0,False,False,False
Rice,Assam,Dibrugarh,4,126.36,83.77,-50.84,50.0,False,True,False
Rice,Assam,Goalpara,4,163.13,108.57,-50.25,50.0,False,True,False
Rice,Assam,Kamrup,4,158.9,174.05,8.7,50.0,False,False,False
Rice,Assam,Karbi Anglong,4,141.06,179.28,21.32,75.0,True,False,False
Rice,Assam,Lakhimpur,4,105.76,56.88,-85.94,50.0,False,True,False
Rice,Assam,Nagaon,4,177.34,154.66,-14.66,50.0,False,True,False
Rice,Assam,North Cachar Hil / Dima Hasao,4,90.6,92.59,2.15,75.0,False,False,False
Rice,Assam,Sibsagar,4,98.57,76.46,-28.92,25.0,False,True,False
Rice,Bihar,Bhagalpur,4,269.07,191.12,-40.79,25.0,False,True,False
Rice,Bihar,Champaran,4,396.89,302.26,-31.31,25.0,False,True,False
Rice,Bihar,Darbhanga,4,339.21,285.63,-18.76,50.0,False,True,False
Rice,Bihar,Gaya,4,318.42,298.47,-6.68,75.0,False,False,False
Rice,Bihar,Mungair,4,362.7,500.57,27.54,75.0,True,False,False
Rice,Bihar,Muzaffarpur,4,393.66,310.85,-26.64,50.0,False,True,False
Rice,Bihar,Patna,4,202.62,288.1,29.67,50.0,False,False,False
Rice,Bihar,Purnea,4,272.32,284.09,4.14,50.0,False,False,False
Rice,Bihar,Saharsa,4,182.19,139.25,-30.84,50.0,False,True,False
Rice,Bihar,Saran,4,355.08,262.66,-35.19,25.0,False,True,False
Rice,Bihar,Shahabad (Now Part Of Bhojpur District),4,288.64,328.07,12.02,75.0,True,False,False
Rice,Chhattisgarh,Bastar,4,517.33,498.64,-3.75,50.0,False,False,True
Rice,Chhattisgarh,Bilaspur,4,420.22,337.33,-24.57,25.0,False,True,False
Rice,Chhattisgarh,Durg,4,510.4,419.56,-21.65,0.0,False,True,True
Rice,Chhattisgarh,Raigarh,4,369.14,275.35,-34.06,50.0,False,True,False
Rice,Chhattisgarh,Raipur,4,555.1,410.15,-35.34,25.0,False,True,True
Rice,Chhattisgarh,Surguja,4,340.59,259.14,-31.43,50.0,False,True,False
Rice,Gujarat,Ahmedabad,4,229.32,236.77,3.15,50.0,False,False,False
Rice,Gujarat,Amreli,4,0.07,0.0,0.0,0.0,False,True,False
Rice,Gujarat,Banaskantha,4,461.84,384.38,-20.15,0.0,False,True,False
Rice,Gujarat,Bharuch,4,182.28,168.03,-8.48,50.0,False,False,False
Rice,Gujarat,Bhavnagar,4,0.07,0.0,0.0,0.0,False,True,False
Rice,Gujarat,Dangs,4,498.54,396.93,-25.6,25.0,False,True,False
Rice,Gujarat,Jamnagar,4,0.07,0.0,0.0,0.0,False,True,False
Rice,Gujarat,Junagadh,4,423.43,593.75,28.69,100.0,True,False,False
Rice,Gujarat,Kheda,4,51.43,160.41,67.94,100.0,True,False,False
Rice,Gujarat,Kutch,4,0.07,0.0,0.0,0.0,False,True,False
Rice,Gujarat,Mehsana,4,199.69,232.51,14.12,75.0,True,False,False
Rice,Gujarat,Panchmahal,4,571.84,208.63,-174.09,0.0,False,True,True
Rice,Gujarat,Rajkot,4,0.07,0.0,0.0,0.0,False,True,False
Rice,Gujarat,Sabarkantha,4,674.72,688.89,2.06,50.0,False,False,True
Rice,Gujarat,Surat,4,271.78,171.52,-58.45,0.0,False,True,False
Rice,Gujarat,Surendranagar,4,1266.12,980.13,-29.18,25.0,False,True,True
Rice,Gujarat,Vadodara / Baroda,4,177.86,232.84,23.61,50.0,False,False,False
Rice,Gujarat,Valsad,4,129.8,103.24,-25.73,75.0,False,True,False
Rice,Haryana,Ambala,4,191.09,109.74,-74.13,25.0,False,True,False
Rice,Haryana,Gurgaon,4,236.33,134.45,-75.78,25.0,False,True,False
Rice,Haryana,Hissar,4,142.84,116.96,-22.13,25.0,False,True,False
Rice,Haryana,Jind,4,269.95,122.61,-120.17,0.0,False,True,False
Rice,Haryana,Karnal,4,242.58,221.13,-9.7,50.0,False,False,False
Rice,Haryana,Mahendragarh / Narnaul,4,383.26,361.8,-5.93,50.0,False,False,False
Rice,Haryana,Rohtak,4,107.61,154.99,30.57,100.0,True,False,False
Rice,Himachal Pradesh,Bilashpur,4,90.17,84.85,-6.27,25.0,False,True,False
Rice,Himachal Pradesh,Chamba,4,99.84,48.37,-106.41,25.0,False,True,False
Rice,Himachal Pradesh,Kangra,4,143.63,62.53,-129.7,25.0,False,True,False
Rice,Himachal Pradesh,Kinnaur,4,345.68,319.64,-8.15,50.0,False,False,False
Rice,Himachal Pradesh,Kullu,4,42.41,53.89,21.3,50.0,False,False,False
Rice,Himachal Pradesh,Lahul & Spiti,4,0.07,0.0,0.0,0.0,False,True,False
Rice,Himachal Pradesh,Mandi,4,276.12,290.18,4.85,75.0,False,False,False
Rice,Himachal Pradesh,Shimla,4,68.04,38.57,-76.41,25.0,False,True,False
Rice,Himachal Pradesh,Sirmaur,4,81.38,51.96,-56.62,25.0,False,True,False
Rice,Himachal Pradesh,Solan,4,82.67,104.82,21.13,75.0,True,False,False
Rice,Jharkhand,Dhanbad,4,545.12,544.53,-0.11,50.0,False,False,True
Rice,Jharkhand,Hazaribagh,4,495.58,415.38,-19.31,50.0,False,True,False
Rice,Jharkhand,Palamau,4,588.52,681.36,13.63,75.0,True,False,True
Rice,Jharkhand,Ranchi,4,477.12,400.32,-19.18,0.0,False,True,False
Rice,Jharkhand,Santhal Paragana / Dumka,4,483.09,443.45,-8.94,25.0,False,True,False
Rice,Jharkhand,Singhbhum,4,475.7,464.35,-2.44,50.0,False,False,False
Rice,Karnataka,Bangalore,4,389.05,395.86,1.72,75.0,False,False,False
Rice,Karnataka,Belgaum,4,793.0,768.12,-3.24,25.0,False,True,True
Rice,Karnataka,Bellary,4,176.87,177.79,0.52,50.0,False,False,False
Rice,Karnataka,Bidar,4,435.51,329.86,-32.03,25.0,False,True,False
Rice,Karnataka,Bijapur / Vijayapura,4,196.11,79.65,-146.21,0.0,False,True,False
Rice,Karnataka,Chickmagalur,4,118.07,129.24,8.64,50.0,False,False,False
Rice,Karnataka,Chitradurga,4,263.18,277.37,5.12,50.0,False,False,False
Rice,Karnataka,Dakshina Kannada,4,131.94,160.1,17.59,75.0,True,False,False
Rice,Karnataka,Dharwad,4,603.56,560.06,-7.77,25.0,False,True,True
Rice,Karnataka,Gulbarga / Kalaburagi,4,638.78,815.42,21.66,75.0,True,False,True
Rice,Karnataka,Hassan,4,703.0,456.1,-54.13,0.0,False,True,True
Rice,Karnataka,Kodagu / Coorg,4,179.69,181.84,1.18,50.0,False,False,False
Rice,Karnataka,Kolar,4,281.04,263.01,-6.86,25.0,False,True,False
Rice,Karnataka,Mandya,4,419.94,456.01,7.91,75.0,True,False,False
Rice,Karnataka,Mysore,4,227.65,213.7,-6.53,50.0,False,False,False
Rice,Karnataka,Raichur,4,285.07,174.24,-63.61,25.0,False,True,False
Rice,Karnataka,Shimoge,4,457.75,362.11,-26.41,25.0,False,True,False
Rice,Karnataka,Tumkur,4,193.62,165.02,-17.33,25.0,False,True,False
Rice,Karnataka,Uttara Kannada,4,212.18,196.22,-8.13,50.0,False,False,False
Rice,Kerala,Alappuzha,4,142.49,119.13,-19.61,50.0,False,True,False
Rice,Kerala,Eranakulam,4,156.44,94.11,-66.23,25.0,False,True,False
Rice,Kerala,Kannur,4,147.01,57.47,-155.8,50.0,False,True,False
Rice,Kerala,Kollam,4,131.19,115.78,-13.31,25.0,False,True,False
Rice,Kerala,Kottayam,4,164.95,132.69,-24.31,25.0,False,True,False
Rice,Kerala,Kozhikode,4,163.24,73.29,-122.73,0.0,False,True,False
Rice,Kerala,Malappuram,4,245.41,260.58,5.82,50.0,False,False,False
Rice,Kerala,Palakkad,4,241.46,212.54,-13.61,0.0,False,True,False
Rice,Kerala,Thiruvananthapuram,4,197.54,169.08,-16.83,25.0,False,True,False
Rice,Kerala,Thrissur,4,165.06,235.36,29.87,75.0,True,False,False
Rice,Madhya Pradesh,Balaghat,4,381.5,257.42,-48.2,25.0,False,True,False
Rice,Madhya Pradesh,Betul,4,388.24,288.84,-34.41,50.0,False,True,False
Rice,Madhya Pradesh,Bhind,4,1278.61,1024.69,-24.78,50.0,False,True,True
Rice,Madhya Pradesh,Chhatarpur,4,342.68,313.48,-9.31,25.0,False,True,False
Rice,Madhya Pradesh,Chhindwara,4,416.75,557.2,25.21,75.0,True,False,False
Rice,Madhya Pradesh,Damoh,4,338.22,334.02,-1.26,50.0,False,False,False
Rice,Madhya Pradesh,Datia,4,589.93,466.22,-26.53,25.0,False,True,True
Rice,Madhya Pradesh,Dewas,4,399.39,460.89,13.34,75.0,True,False,False
Rice,Madhya Pradesh,Dhar,4,587.3,621.7,5.53,75.0,True,False,True
Rice,Madhya Pradesh,Guna,4,763.04,683.47,-11.64,50.0,False,True,True
Rice,Madhya Pradesh,Gwalior,4,522.25,497.16,-5.05,50.0,False,False,True
Rice,Madhya Pradesh,Hoshangabad,4,432.7,354.43,-22.08,25.0,False,True,False
Rice,Madhya Pradesh,Indore,4,676.11,566.67,-19.31,0.0,False,True,True
Rice,Madhya Pradesh,Jabalpur,4,763.73,753.75,-1.32,25.0,False,True,True
Rice,Madhya Pradesh,Jhabua,4,225.26,232.5,3.11,50.0,False,False,False
Rice,Madhya Pradesh,Khandwa / East Nimar,4,392.34,347.41,-12.93,50.0,False,True,False
Rice,Madhya Pradesh,Khargone / West Nimar,4,838.49,617.8,-35.72,0.0,False,True,True
Rice,Madhya Pradesh,Mandla,4,473.68,848.76,44.19,100.0,True,False,False
Rice,Madhya Pradesh,Mandsaur,4,687.49,665.62,-3.29,25.0,False,True,True
Rice,Madhya Pradesh,Morena,4,569.44,633.99,10.18,75.0,True,False,True
Rice,Madhya Pradesh,Narsinghpur,4,1103.59,1274.54,13.41,75.0,True,False,True
Rice,Madhya Pradesh,Panna,4,731.02,981.97,25.56,75.0,True,False,True
Rice,Madhya Pradesh,Raisen,4,585.37,751.83,22.14,100.0,True,False,True
Rice,Madhya Pradesh,Rajgarh,4,1006.52,748.99,-34.38,50.0,False,True,True
Rice,Madhya Pradesh,Ratlam,4,701.04,644.69,-8.74,50.0,False,False,True
Rice,Madhya Pradesh,Rewa,3,747.27,752.28,0.67,66.67,False,False,True
Rice,Madhya Pradesh,Sagar,4,316.38,417.5,24.22,50.0,False,False,False
Rice,Madhya Pradesh,Satna,4,525.57,434.38,-20.99,50.0,False,True,True
Rice,Madhya Pradesh,Sehore,4,784.45,958.56,18.16,75.0,True,False,True
Rice,Madhya Pradesh,Seoni / Shivani,4,718.89,582.44,-23.43,25.0,False,True,True
Rice,Madhya Pradesh,Shahdol,4,297.11,223.53,-32.92,25.0,False,True,False
Rice,Madhya Pradesh,Shajapur,4,350.55,519.35,32.5,75.0,True,False,False
Rice,Madhya Pradesh,Shivpuri,4,631.62,792.55,20.31,75.0,True,False,True
Rice,Madhya Pradesh,Sidhi,4,742.48,621.39,-19.49,25.0,False,True,True
Rice,Madhya Pradesh,Tikamgarh,4,363.45,306.25,-18.68,50.0,False,True,False
Rice,Madhya Pradesh,Ujjain,4,475.07,475.0,-0.01,0.0,False,True,False
Rice,Madhya Pradesh,Vidisha,4,559.41,537.75,-4.03,25.0,False,True,True
Rice,Maharashtra,Ahmednagar,4,807.16,746.81,-8.08,25.0,False,True,True
Rice,Maharashtra,Akola,4,310.52,237.5,-30.75,25.0,False,True,False
Rice,Maharashtra,Amarawati,4,232.42,179.15,-29.73,50.0,False,True,False
Rice,Maharashtra,Aurangabad,4,264.89,139.1,-90.43,0.0,False,True,False
Rice,Maharashtra,Beed,4,332.93,273.58,-21.69,50.0,False,True,False
Rice,Maharashtra,Bhandara,4,361.64,304.29,-18.85,50.0,False,True,False
Rice,Maharashtra,Buldhana,4,205.13,116.67,-75.82,0.0,False,True,False
Rice,Maharashtra,Chandrapur,4,574.67,421.31,-36.4,25.0,False,True,True
Rice,Maharashtra,Dhule,4,348.37,329.91,-5.6,50.0,False,False,False
Rice,Maharashtra,Jalgaon,4,285.94,356.25,19.74,75.0,True,False,False
Rice,Maharashtra,Kolhapur,4,473.39,370.78,-27.67,50.0,False,True,False
Rice,Maharashtra,Nagpur,4,375.01,361.39,-3.77,25.0,False,True,False
Rice,Maharashtra,Nanded,4,703.47,713.58,1.42,75.0,False,False,True
Rice,Maharashtra,Nasik,4,288.41,427.04,32.46,75.0,True,False,False
Rice,Maharashtra,Osmanabad,4,264.24,173.89,-51.96,25.0,False,True,False
Rice,Maharashtra,Parbhani,4,278.47,187.78,-48.3,0.0,False,True,False
Rice,Maharashtra,Pune,4,201.98,419.56,51.86,75.0,True,False,False
Rice,Maharashtra,Raigad,4,120.76,112.66,-7.19,50.0,False,False,False
Rice,Maharashtra,Ratnagiri,4,239.2,241.22,0.84,75.0,False,False,False
Rice,Maharashtra,Sangli,4,246.62,290.36,15.06,50.0,False,False,False
Rice,Maharashtra,Satara,4,208.06,187.44,-11.0,25.0,False,True,False
Rice,Maharashtra,Solapur,4,153.24,89.18,-71.83,25.0,False,True,False
Rice,Maharashtra,Thane,4,419.11,308.08,-36.04,50.0,False,True,False
Rice,Maharashtra,Wardha,4,0.0,0.0,0.0,0.0,False,True,False
Rice,Maharashtra,Yeotmal,4,203.93,332.5,38.67,100.0,True,False,False
Rice,Orissa,Balasore,4,436.13,418.82,-4.13,75.0,False,False,False
Rice,Orissa,Bolangir,4,745.12,738.99,-0.83,50.0,False,False,True
Rice,Orissa,Cuttack,4,538.81,391.91,-37.48,0.0,False,True,True
Rice,Orissa,Dhenkanal,4,856.05,804.48,-6.41,25.0,False,True,True
Rice,Orissa,Ganjam,4,640.86,847.32,24.37,75.0,True,False,True
Rice,Orissa,Kalahandi,4,545.05,446.19,-22.16,0.0,False,True,True
Rice,Orissa,Keonjhar,4,561.39,557.47,-0.7,75.0,False,False,True
Rice,Orissa,Koraput,4,480.27,410.11,-17.11,50.0,False,True,False
Rice,Orissa,Mayurbhanja,4,522.72,578.88,9.7,75.0,True,False,True
Rice,Orissa,Phulbani ( Kandhamal ),4,691.2,561.69,-23.06,50.0,False,True,True
Rice,Orissa,Puri,4,519.6,466.33,-11.42,50.0,False,True,True
Rice,Orissa,Sambalpur,4,632.13,572.81,-10.36,25.0,False,True,True
Rice,Orissa,Sundargarh,4,459.76,475.59,3.33,50.0,False,False,False
Rice,Punjab,Amritsar,4,397.43,370.51,-7.27,50.0,False,False,False
Rice,Punjab,Bhatinda,4,177.3,176.98,-0.18,75.0,False,False,False
Rice,Punjab,Ferozpur,4,217.66,123.63,-76.06,50.0,False,True,False
Rice,Punjab,Gurdaspur,4,367.74,355.2,-3.53,25.0,False,True,False
Rice,Punjab,Hoshiarpur,4,199.62,218.68,8.72,50.0,False,False,False
Rice,Punjab,Jalandhar,4,170.2,296.85,42.66,100.0,True,False,False
Rice,Punjab,Kapurthala,4,168.34,256.77,34.44,50.0,False,False,False
Rice,Punjab,Ludhiana,4,222.29,217.63,-2.14,50.0,False,False,False
Rice,Punjab,Patiala,4,194.91,150.98,-29.1,50.0,False,True,False
Rice,Punjab,Roopnagar / Ropar,4,356.73,401.35,11.12,25.0,False,True,False
Rice,Punjab,Sangrur,3,338.07,158.93,-112.72,0.0,False,True,False
Rice,Rajasthan,Ajmer,4,1206.42,1051.19,-14.77,25.0,False,True,True
Rice,Rajasthan,Alwar,4,162.61,223.99,27.4,50.0,False,False,False
Rice,Rajasthan,Banswara,4,336.05,295.74,-13.63,50.0,False,True,False
Rice,Rajasthan,Barmer,4,0.0,0.0,0.0,0.0,False,True,False
Rice,Rajasthan,Bharatpur,4,158.75,94.25,-68.44,25.0,False,True,False
Rice,Rajasthan,Bhilwara,4,162.02,225.74,28.23,50.0,False,False,False
Rice,Rajasthan,Bikaner,4,836.9,711.81,-17.57,50.0,False,True,True
Rice,Rajasthan,Bundi,4,301.58,393.35,23.33,75.0,True,False,False
Rice,Rajasthan,Chittorgarh,4,296.5,267.45,-10.86,25.0,False,True,False
Rice,Rajasthan,Churu,4,0.0,0.0,0.0,0.0,False,True,False
Rice,Rajasthan,Dungarpur,4,419.59,279.64,-50.05,25.0,False,True,False
Rice,Rajasthan,Ganganagar,4,332.33,295.07,-12.63,50.0,False,True,False
Rice,Rajasthan,Jaipur,4,0.0,0.0,0.0,0.0,False,True,False
Rice,Rajasthan,Jaisalmer,4,0.0,0.0,0.0,0.0,False,True,False
Rice,Rajasthan,Jalore,4,0.0,0.0,0.0,0.0,False,True,False
Rice,Rajasthan,Jhalawar,4,338.26,545.82,38.03,75.0,True,False,False
Rice,Rajasthan,Jhunjhunu,4,0.0,0.0,0.0,0.0,False,True,False
Rice,Rajasthan,Jodhpur,4,0.0,0.0,0.0,0.0,False,True,False
Rice,Rajasthan,Kota,4,130.58,189.48,31.09,100.0,True,False,False
Rice,Rajasthan,Nagaur,4,0.0,0.0,0.0,0.0,False,True,False
Rice,Rajasthan,Pali,4,0.0,0.0,0.0,0.0,False,True,False
Rice,Rajasthan,Sikar,4,0.0,0.0,0.0,0.0,False,True,False
Rice,Rajasthan,Sirohi,4,1147.57,970.83,-18.21,25.0,False,True,True
Rice,Rajasthan,Swami Madhopur,4,128.57,198.73,35.3,75.0,True,False,False
Rice,Rajasthan,Tonk,4,1269.41,1295.83,2.04,50.0,False,False,True
Rice,Rajasthan,Udaipur,4,155.72,72.18,-115.74,25.0,False,True,False
Rice,Tamil Nadu,Chengalpattu Mgr / Kanchipuram,4,510.36,419.9,-21.54,50.0,False,True,True
Rice,Tamil Nadu,Coimbatore,4,1126.83,876.76,-28.52,25.0,False,True,True
Rice,Tamil Nadu,Kanyakumari,3,436.61,577.65,24.42,100.0,True,False,False
Rice,Tamil Nadu,Madurai,4,452.7,314.09,-44.13,0.0,False,True,False
Rice,Tamil Nadu,North Arcot / Vellore,3,196.19,243.16,19.32,33.33,False,False,False
Rice,Tamil Nadu,Ramananthapuram,4,921.5,732.8,-25.75,25.0,False,True,True
Rice,Tamil Nadu,South Arcot / Cuddalore,4,513.75,447.48,-14.81,50.0,False,True,True
Rice,Tamil Nadu,Thanjavur,4,1110.66,572.59,-93.97,0.0,False,True,True
Rice,Tamil Nadu,The Nilgiris,3,318.34,253.94,-25.36,33.33,False,True,False
Rice,Tamil Nadu,Thirunelveli,3,739.13,666.22,-10.94,33.33,False,True,True
Rice,Tamil Nadu,Tiruchirapalli / Trichy,3,492.66,585.6,15.87,66.67,False,False,False
Rice,Telangana,Adilabad,4,265.78,170.97,-55.45,25.0,False,True,False
Rice,Telangana,Hyderabad,4,220.62,318.09,30.64,75.0,True,False,False
Rice,Telangana,Karimnagar,4,399.99,255.33,-56.66,0.0,False,True,False
Rice,Telangana,Khammam,4,295.7,307.76,3.92,50.0,False,False,False
Rice,Telangana,Mahabubnagar,4,253.19,161.09,-57.17,25.0,False,True,False
Rice,Telangana,Medak,4,355.21,278.18,-27.69,50.0,False,True,False
Rice,Telangana,Nalgonda,4,228.85,236.5,3.23,50.0,False,False,False
Rice,Telangana,Nizamabad,4,685.07,442.75,-54.73,0.0,False,True,True
Rice,Telangana,Warangal,4,245.48,236.54,-3.78,75.0,False,False,False
Rice,Uttar Pradesh,Agra,4,248.77,151.19,-64.54,25.0,False,True,False
Rice,Uttar Pradesh,Aligarh,4,251.76,156.21,-61.17,25.0,False,True,False
Rice,Uttar Pradesh,Allahabad,4,526.42,404.17,-30.25,25.0,False,True,True
Rice,Uttar Pradesh,Azamgarh,4,415.12,267.55,-55.16,25.0,False,True,False
Rice,Uttar Pradesh,Bahraich,4,326.55,226.91,-43.91,25.0,False,True,False
Rice,Uttar Pradesh,Ballia,4,452.23,345.6,-30.85,25.0,False,True,False
Rice,Uttar Pradesh,Banda,4,435.14,280.09,-55.36,25.0,False,True,False
Rice,Uttar Pradesh,Barabanki,4,176.13,100.04,-76.06,50.0,False,True,False
Rice,Uttar Pradesh,Bareilly,4,300.31,182.56,-64.5,25.0,False,True,False
Rice,Uttar Pradesh,Basti,4,439.51,285.34,-54.03,0.0,False,True,False
Rice,Uttar Pradesh,Bijnor,4,54.79,56.38,2.82,50.0,False,False,False
Rice,Uttar Pradesh,Budaun,4,205.29,83.2,-146.74,0.0,False,True,False
Rice,Uttar Pradesh,Buland Shahar,4,195.17,143.47,-36.04,25.0,False,True,False
Rice,Uttar Pradesh,Deoria,4,601.25,484.17,-24.18,25.0,False,True,True
Rice,Uttar Pradesh,Etah,4,393.02,299.81,-31.09,25.0,False,True,False
Rice,Uttar Pradesh,Etawah,4,194.38,109.39,-77.69,25.0,False,True,False
Rice,Uttar Pradesh,Faizabad,4,499.03,318.15,-56.85,50.0,False,True,False
Rice,Uttar Pradesh,Farrukhabad,4,434.8,289.32,-50.28,25.0,False,True,False
Rice,Uttar Pradesh,Fatehpur,4,496.56,335.84,-47.86,25.0,False,True,False
Rice,Uttar Pradesh,Ghazipur,4,158.55,127.31,-24.54,25.0,False,True,False
Rice,Uttar Pradesh,Gonda,4,419.95,228.02,-84.17,0.0,False,True,False
Rice,Uttar Pradesh,Gorakhpur,4,319.67,185.45,-72.38,25.0,False,True,False
Rice,Uttar Pradesh,Hamirpur,4,377.91,311.21,-21.43,25.0,False,True,False
Rice,Uttar Pradesh,Hardoi,4,334.92,200.18,-67.31,25.0,False,True,False
Rice,Uttar Pradesh,Jalaun,4,141.63,204.32,30.68,75.0,True,False,False
Rice,Uttar Pradesh,Jaunpur,4,254.0,223.78,-13.5,50.0,False,True,False
Rice,Uttar Pradesh,Jhansi,4,268.45,213.96,-25.47,25.0,False,True,False
Rice,Uttar Pradesh,Kanpur,4,336.72,305.72,-10.14,50.0,False,True,False
Rice,Uttar Pradesh,Kheri,4,160.34,207.93,22.89,100.0,True,False,False
Rice,Uttar Pradesh,Lucknow,4,283.43,288.71,1.83,75.0,False,False,False
Rice,Uttar Pradesh,Mainpuri,4,129.05,133.09,3.04,25.0,False,True,False
Rice,Uttar Pradesh,Mathura,4,320.26,272.14,-17.68,50.0,False,True,False
Rice,Uttar Pradesh,Meerut,4,114.56,90.35,-26.8,50.0,False,True,False
Rice,Uttar Pradesh,Mirzpur,4,429.17,386.92,-10.92,25.0,False,True,False
Rice,Uttar Pradesh,Moradabad,4,50.95,89.66,43.17,75.0,True,False,False
Rice,Uttar Pradesh,Muzaffarnagar,4,138.05,135.23,-2.09,75.0,False,False,False
Rice,Uttar Pradesh,Pilibhit,4,217.43,310.99,30.08,75.0,True,False,False
Rice,Uttar Pradesh,Pratapgarh,4,285.74,212.62,-34.39,25.0,False,True,False
Rice,Uttar Pradesh,Rae-Bareily,4,280.0,189.29,-47.92,50.0,False,True,False
Rice,Uttar Pradesh,Rampur,4,129.61,83.91,-54.46,25.0,False,True,False
Rice,Uttar Pradesh,Saharanpur,4,242.76,118.6,-104.69,0.0,False,True,False
Rice,Uttar Pradesh,Shahjahanpur,4,192.35,287.74,33.15,100.0,True,False,False
Rice,Uttar Pradesh,Sitapur,4,186.11,64.92,-186.68,0.0,False,True,False
Rice,Uttar Pradesh,Sultanpur,4,585.3,436.14,-34.2,25.0,False,True,True
Rice,Uttar Pradesh,Unnao,4,346.17,237.13,-45.98,25.0,False,True,False
Rice,Uttar Pradesh,Varanasi,4,128.79,137.65,6.44,25.0,False,True,False
Rice,Uttarakhand,Almorah,4,69.16,56.38,-22.67,50.0,False,True,False
Rice,Uttarakhand,Chamoli,4,54.23,39.33,-37.88,0.0,False,True,False
Rice,Uttarakhand,Dehradun,4,119.75,88.48,-35.34,50.0,False,True,False
Rice,Uttarakhand,Garhwal,4,80.0,111.94,28.53,75.0,True,False,False
Rice,Uttarakhand,Nainital,4,119.74,234.73,48.99,100.0,True,False,False
Rice,Uttarakhand,Pithorgarh,4,54.86,31.57,-73.77,25.0,False,True,False
Rice,Uttarakhand,Tehri Garhwal,4,178.09,188.62,5.58,75.0,True,False,False
Rice,Uttarakhand,Uttar Kashi,4,142.43,46.83,-204.14,0.0,False,True,False
Rice,West Bengal,24 Parganas,4,99.66,105.53,5.56,50.0,False,False,False
Rice,West Bengal,Bankura,4,97.02,37.79,-156.73,0.0,False,True,False
Rice,West Bengal,Birbhum,4,42.64,165.88,74.29,100.0,True,False,False
Rice,West Bengal,Burdwan,4,110.09,136.26,19.21,50.0,False,False,False
Rice,West Bengal,Cooch Behar,4,56.17,169.31,66.82,100.0,True,False,False
Rice,West Bengal,Darjeeling,4,153.24,101.44,-51.06,50.0,False,True,False
Rice,West Bengal,Hooghly,4,64.02,204.28,68.66,100.0,True,False,False
Rice,West Bengal,Howrah,4,394.9,337.6,-16.97,25.0,False,True,False
Rice,West Bengal,Jalpaiguri,4,119.79,163.9,26.91,75.0,True,False,False
Rice,West Bengal,Malda,4,84.26,217.46,61.25,100.0,True,False,False
Rice,West Bengal,Midnapur,4,164.11,256.25,35.96,100.0,True,False,False
Rice,West Bengal,Murshidabad,4,80.72,257.44,68.65,100.0,True,False,False
Rice,West Bengal,Nadia,4,73.67,196.42,62.49,100.0,True,False,False
Rice,West Bengal,Purulia,4,506.6,364.55,-38.97,25.0,False,True,True
Rice,West Bengal,West Dinajpur,4,164.01,156.42,-4.85,75.0,False,False,False
Sesamum,Andhra Pradesh,Ananthapur,4,59.09,55.55,-6.37,25.0,False,True,False
Sesamum,Andhra Pradesh,Chittoor,4,183.47,87.28,-110.21,0.0,False,True,False
Sesamum,Andhra Pradesh,East Godavari,4,109.32,66.05,-65.51,25.0,False,True,False
Sesamum,Andhra Pradesh,Guntur,4,160.0,126.99,-25.99,25.0,False,True,False
Sesamum,Andhra Pradesh,Kadapa Ysr,4,116.7,88.81,-31.4,25.0,False,True,False
Sesamum,Andhra Pradesh,Krishna,4,157.64,97.23,-62.13,25.0,False,True,False
Sesamum,Andhra Pradesh,Kurnool,4,129.95,144.29,9.94,75.0,True,False,False
Sesamum,Andhra Pradesh,S.P.S. Nellore,4,110.58,63.06,-75.36,25.0,False,True,False
Sesamum,Andhra Pradesh,Srikakulam,4,28.97,31.74,8.73,50.0,False,False,False
Sesamum,Andhra Pradesh,Visakhapatnam,4,36.3,27.88,-30.2,50.0,False,True,False
Sesamum,Andhra Pradesh,West Godavari,4,93.02,67.48,-37.85,25.0,False,True,False
Sesamum,Assam,Cachar,4,76.16,47.67,-59.77,25.0,False,True,False
Sesamum,Assam,Darrang,4,36.85,60.13,38.72,75.0,True,False,False
Sesamum,Assam,Dibrugarh,4,106.77,40.39,-164.35,0.0,False,True,False
Sesamum,Assam,Goalpara,4,39.98,7.31,-446.92,0.0,False,True,False
Sesamum,Assam,Kamrup,4,39.76,26.23,-51.58,25.0,False,True,False
Sesamum,Assam,Karbi Anglong,4,66.84,27.97,-138.97,0.0,False,True,False
Sesamum,Assam,Lakhimpur,4,80.72,112.49,28.24,75.0,True,False,False
Sesamum,Assam,Nagaon,4,89.46,63.93,-39.93,25.0,False,True,False
Sesamum,Assam,North Cachar Hil / Dima Hasao,4,94.74,98.39,3.71,50.0,False,False,False
Sesamum,Assam,Sibsagar,4,30.24,18.83,-60.59,75.0,False,True,False
Sesamum,Bihar,Bhagalpur,4,110.4,75.53,-46.17,25.0,False,True,False
Sesamum,Bihar,Champaran,4,50.88,38.03,-33.79,25.0,False,True,False
Sesamum,Bihar,Darbhanga,4,14.23,6.19,-129.89,0.0,False,True,False
Sesamum,Bihar,Gaya,4,39.96,20.81,-92.02,25.0,False,True,False
Sesamum,Bihar,Mungair,4,255.29,79.17,-222.46,0.0,False,True,True
Sesamum,Bihar,Muzaffarpur,4,35.89,42.62,15.79,50.0,False,False,False
Sesamum,Bihar,Patna,4,482.62,518.33,6.89,75.0,True,False,True
Sesamum,Bihar,Purnea,4,20.31,19.12,-6.22,50.0,False,False,False
Sesamum,Bihar,Saharsa,4,11.81,4.92,-140.04,25.0,False,True,False
Sesamum,Bihar,Saran,4,68.23,95.92,28.87,75.0,True,False,False
Sesamum,Bihar,Shahabad (Now Part Of Bhojpur District),4,430.78,458.23,5.99,75.0,True,False,True
Sesamum,Chhattisgarh,Bastar,4,77.46,70.59,-9.73,25.0,False,True,False
Sesamum,Chhattisgarh,Bilaspur,4,89.58,67.72,-32.28,50.0,False,True,False
Sesamum,Chhattisgarh,Durg,4,93.76,72.7,-28.97,25.0,False,True,False
Sesamum,Chhattisgarh,Raigarh,4,127.71,106.35,-20.08,50.0,False,True,False
Sesamum,Chhattisgarh,Raipur,4,75.09,89.36,15.97,75.0,True,False,False
Sesamum,Chhattisgarh,Surguja,4,77.94,54.11,-44.04,50.0,False,True,False
Sesamum,Gujarat,Ahmedabad,4,170.79,160.21,-6.6,50.0,False,False,False
Sesamum,Gujarat,Amreli,4,125.87,118.36,-6.35,50.0,False,False,False
Sesamum,Gujarat,Banaskantha,4,128.83,131.31,1.89,50.0,False,False,False
Sesamum,Gujarat,Bharuch,4,113.74,179.18,36.52,75.0,True,False,False
Sesamum,Gujarat,Bhavnagar,4,233.36,201.01,-16.09,25.0,False,True,True
Sesamum,Gujarat,Dangs,4,2.1,0.0,0.0,0.0,False,True,False
Sesamum,Gujarat,Jamnagar,4,156.06,141.32,-10.43,50.0,False,True,False
Sesamum,Gujarat,Junagadh,4,259.45,245.95,-5.49,50.0,False,False,True
Sesamum,Gujarat,Kheda,4,99.85,170.91,41.58,100.0,True,False,False
Sesamum,Gujarat,Kutch,4,137.8,113.4,-21.52,25.0,False,True,False
Sesamum,Gujarat,Mehsana,4,171.18,157.22,-8.88,25.0,False,True,False
Sesamum,Gujarat,Panchmahal,4,93.02,83.39,-11.55,25.0,False,True,False
Sesamum,Gujarat,Rajkot,4,149.07,213.71,30.25,100.0,True,False,False
Sesamum,Gujarat,Sabarkantha,4,131.37,189.8,30.79,75.0,True,False,False
Sesamum,Gujarat,Surat,4,76.75,83.55,8.14,50.0,False,False,False
Sesamum,Gujarat,Surendranagar,4,98.57,293.79,66.45,100.0,True,False,False
Sesamum,Gujarat,Vadodara / Baroda,4,73.05,58.4,-25.09,25.0,False,True,False
Sesamum,Gujarat,Valsad,4,279.25,162.04,-72.33,25.0,False,True,True
Sesamum,Haryana,Ambala,4,426.66,397.92,-7.22,50.0,False,False,True
Sesamum,Haryana,Gurgaon,4,253.02,256.24,1.26,50.0,False,False,True
Sesamum,Haryana,Hissar,4,279.34,246.26,-13.43,25.0,False,True,True
Sesamum,Haryana,Karnal,4,316.55,175.33,-80.55,0.0,False,True,True
Sesamum,Haryana,Mahendragarh / Narnaul,4,404.76,404.98,0.05,50.0,False,False,True
Sesamum,Haryana,Rohtak,4,194.88,194.32,-0.29,25.0,False,True,False
Sesamum,Himachal Pradesh,Bilashpur,4,131.39,145.18,9.5,75.0,True,False,False
Sesamum,Himachal Pradesh,Chamba,4,172.15,144.45,-19.18,25.0,False,True,False
Sesamum,Himachal Pradesh,Kangra,4,39.37,40.81,3.53,25.0,False,True,False
Sesamum,Himachal Pradesh,Kinnaur,4,0.0,0.0,0.0,0.0,False,True,False
Sesamum,Himachal Pradesh,Kullu,4,0.0,0.0,0.0,0.0,False,True,False
Sesamum,Himachal Pradesh,Lahul & Spiti,4,0.0,0.0,0.0,0.0,False,True,False
Sesamum,Himachal Pradesh,Mandi,4,541.6,459.28,-17.92,25.0,False,True,True
Sesamum,Himachal Pradesh,Shimla,4,265.96,211.57,-25.71,25.0,False,True,True
Sesamum,Himachal Pradesh,Sirmaur,4,155.17,146.85,-5.67,25.0,False,True,False
Sesamum,Himachal Pradesh,Solan,4,109.93,96.21,-14.26,75.0,False,True,False
Sesamum,Jharkhand,Dhanbad,4,108.37,108.37,0.0,0.0,False,True,False
Sesamum,Jharkhand,Hazaribagh,4,100.09,100.09,0.0,0.0,False,True,False
Sesamum,Jharkhand,Palamau,4,88.43,88.43,0.0,0.0,False,True,False
Sesamum,Jharkhand,Ranchi,4,148.87,148.87,0.0,0.0,False,True,False
Sesamum,Jharkhand,Santhal Paragana / Dumka,4,116.54,116.54,0.0,0.0,False,True,False
Sesamum,Jharkhand,Singhbhum,4,122.65,122.65,0.0,0.0,False,True,False
Sesamum,Karnataka,Bangalore,4,256.78,216.45,-18.63,25.0,False,True,True
Sesamum,Karnataka,Belgaum,4,336.28,347.91,3.34,75.0,False,False,True
Sesamum,Karnataka,Bellary,4,473.46,445.73,-6.22,50.0,False,False,True
Sesamum,Karnataka,Bidar,4,334.77,348.94,4.06,50.0,False,False,True
Sesamum,Karnataka,Bijapur / Vijayapura,4,231.96,270.89,14.37,50.0,False,False,True
Sesamum,Karnataka,Chickmagalur,4,221.05,187.83,-17.69,25.0,False,True,True
Sesamum,Karnataka,Chitradurga,4,75.72,93.13,18.69,75.0,True,False,False
Sesamum,Karnataka,Dakshina Kannada,4,410.47,382.65,-7.27,50.0,False,False,True
Sesamum,Karnataka,Dharwad,4,288.96,304.94,5.24,25.0,False,True,True
Sesamum,Karnataka,Gulbarga / Kalaburagi,4,429.46,431.6,0.5,25.0,False,True,True
Sesamum,Karnataka,Hassan,4,163.18,156.28,-4.42,25.0,False,True,False
Sesamum,Karnataka,Kodagu / Coorg,4,0.0,0.0,0.0,0.0,False,True,False
Sesamum,Karnataka,Kolar,4,195.7,150.88,-29.71,25.0,False,True,False
Sesamum,Karnataka,Mandya,4,156.33,140.18,-11.52,50.0,False,True,False
Sesamum,Karnataka,Mysore,4,148.66,117.63,-26.38,0.0,False,True,False
Sesamum,Karnataka,Raichur,4,249.94,286.02,12.61,50.0,False,False,True
Sesamum,Karnataka,Shimoge,4,505.75,492.59,-2.67,25.0,False,True,True
Sesamum,Karnataka,Tumkur,4,262.88,243.52,-7.95,50.0,False,False,True
Sesamum,Karnataka,Uttara Kannada,4,250.0,250.0,0.0,0.0,False,True,True
Sesamum,Kerala,Alappuzha,4,127.77,103.76,-23.14,50.0,False,True,False
Sesamum,Kerala,Eranakulam,4,229.26,266.29,13.91,50.0,False,False,True
Sesamum,Kerala,Kannur,4,94.95,92.5,-2.65,0.0,False,True,False
Sesamum,Kerala,Kollam,4,190.96,165.55,-15.35,25.0,False,True,False
Sesamum,Kerala,Kottayam,4,2.45,0.0,0.0,0.0,False,True,False
Sesamum,Kerala,Kozhikode,4,80.5,78.06,-3.13,0.0,False,True,False
Sesamum,Kerala,Malappuram,4,88.74,78.5,-13.04,50.0,False,True,False
Sesamum,Kerala,Palakkad,4,56.13,88.48,36.56,50.0,False,False,False
Sesamum,Kerala,Thiruvananthapuram,4,1798.47,1834.82,1.98,25.0,False,True,True
Sesamum,Kerala,Thrissur,4,56.26,44.7,-25.86,0.0,False,True,False
Sesamum,Madhya Pradesh,Balaghat,4,336.81,304.83,-10.49,50.0,False,True,True
Sesamum,Madhya Pradesh,Betul,4,167.72,199.07,15.75,50.0,False,False,False
Sesamum,Madhya Pradesh,Bhind,4,79.34,110.38,28.12,75.0,True,False,False
Sesamum,Madhya Pradesh,Chhatarpur,4,69.33,84.66,18.11,25.0,False,True,False
Sesamum,Madhya Pradesh,Chhindwara,4,250.96,260.6,3.7,50.0,False,False,True
Sesamum,Madhya Pradesh,Damoh,4,92.18,103.28,10.75,50.0,False,False,False
Sesamum,Madhya Pradesh,Datia,4,129.65,299.33,56.69,100.0,True,False,False
Sesamum,Madhya Pradesh,Dewas,4,559.19,826.85,32.37,100.0,True,False,True
Sesamum,Madhya Pradesh,Dhar,4,362.3,337.62,-7.31,25.0,False,True,True
Sesamum,Madhya Pradesh,Guna,4,439.35,516.56,14.95,75.0,True,False,True
Sesamum,Madhya Pradesh,Gwalior,4,188.43,156.49,-20.41,50.0,False,True,False
Sesamum,Madhya Pradesh,Hoshangabad,4,394.24,443.87,11.18,50.0,False,False,True
Sesamum,Madhya Pradesh,Indore,4,5.15,0.0,0.0,0.0,False,True,False
Sesamum,Madhya Pradesh,Jabalpur,4,122.65,88.75,-38.2,25.0,False,True,False
Sesamum,Madhya Pradesh,Jhabua,4,424.11,398.5,-6.43,25.0,False,True,True
Sesamum,Madhya Pradesh,Khandwa / East Nimar,4,329.97,284.38,-16.03,50.0,False,True,True
Sesamum,Madhya Pradesh,Khargone / West Nimar,4,264.86,267.7,1.06,50.0,False,False,True
Sesamum,Madhya Pradesh,Mandla,4,122.82,137.01,10.36,75.0,True,False,False
Sesamum,Madhya Pradesh,Mandsaur,4,385.84,361.74,-6.66,75.0,False,False,True
Sesamum,Madhya Pradesh,Morena,4,148.3,97.82,-51.6,50.0,False,True,False
Sesamum,Madhya Pradesh,Narsinghpur,4,392.37,427.85,8.29,50.0,False,False,True
Sesamum,Madhya Pradesh,Panna,4,146.97,123.79,-18.73,50.0,False,True,False
Sesamum,Madhya Pradesh,Raisen,4,322.43,339.29,4.97,50.0,False,False,True
Sesamum,Madhya Pradesh,Rajgarh,4,197.5,271.21,27.18,75.0,True,False,False
Sesamum,Madhya Pradesh,Ratlam,4,524.41,615.37,14.78,75.0,True,False,True
Sesamum,Madhya Pradesh,Rewa,3,202.36,110.05,-83.88,33.33,False,True,False
Sesamum,Madhya Pradesh,Sagar,4,128.18,120.62,-6.27,50.0,False,False,False
Sesamum,Madhya Pradesh,Satna,4,164.1,175.94,6.73,75.0,True,False,False
Sesamum,Madhya Pradesh,Sehore,4,257.79,324.92,20.66,100.0,True,False,True
Sesamum,Madhya Pradesh,Seoni / Shivani,4,160.31,193.62,17.2,50.0,False,False,False
Sesamum,Madhya Pradesh,Shahdol,4,77.17,39.54,-95.17,25.0,False,True,False
Sesamum,Madhya Pradesh,Shajapur,4,294.35,256.47,-14.77,50.0,False,True,True
Sesamum,Madhya Pradesh,Shivpuri,4,104.71,131.47,20.35,50.0,False,False,False
Sesamum,Madhya Pradesh,Sidhi,4,77.71,89.56,13.23,50.0,False,False,False
Sesamum,Madhya Pradesh,Tikamgarh,4,92.17,80.74,-14.16,50.0,False,True,False
Sesamum,Madhya Pradesh,Ujjain,4,287.48,311.44,7.69,75.0,True,False,True
Sesamum,Madhya Pradesh,Vidisha,4,388.84,448.02,13.21,75.0,True,False,True
Sesamum,Maharashtra,Ahmednagar,4,118.33,161.35,26.66,75.0,True,False,False
Sesamum,Maharashtra,Akola,4,68.86,79.69,13.59,75.0,True,False,False
Sesamum,Maharashtra,Amarawati,4,97.62,104.73,6.79,50.0,False,False,False
Sesamum,Maharashtra,Aurangabad,4,100.35,95.98,-4.55,25.0,False,True,False
Sesamum,Maharashtra,Beed,4,85.97,100.69,14.62,50.0,False,False,False
Sesamum,Maharashtra,Bhandara,4,107.54,119.99,10.38,75.0,True,False,False
Sesamum,Maharashtra,Buldhana,4,15.54,37.19,58.21,100.0,True,False,False
Sesamum,Maharashtra,Chandrapur,4,114.25,104.4,-9.43,75.0,False,False,False
Sesamum,Maharashtra,Dhule,4,34.08,77.32,55.92,100.0,True,False,False
Sesamum,Maharashtra,Jalgaon,4,67.6,102.01,33.73,75.0,True,False,False
Sesamum,Maharashtra,Kolhapur,4,90.66,139.42,34.97,25.0,False,True,False
Sesamum,Maharashtra,Nagpur,4,135.97,138.1,1.54,25.0,False,True,False
Sesamum,Maharashtra,Nanded,4,71.71,87.07,17.64,75.0,True,False,False
Sesamum,Maharashtra,Nasik,4,139.01,204.18,31.92,75.0,True,False,False
Sesamum,Maharashtra,Osmanabad,4,99.14,79.99,-23.94,25.0,False,True,False
Sesamum,Maharashtra,Parbhani,4,97.98,95.35,-2.76,25.0,False,True,False
Sesamum,Maharashtra,Pune,4,122.06,143.23,14.78,75.0,True,False,False
Sesamum,Maharashtra,Raigad,4,208.34,185.36,-12.4,50.0,False,True,False
Sesamum,Maharashtra,Ratnagiri,4,130.47,139.99,6.8,75.0,True,False,False
Sesamum,Maharashtra,Sangli,4,243.6,322.69,24.51,100.0,True,False,True
Sesamum,Maharashtra,Satara,4,105.05,120.0,12.46,50.0,False,False,False
Sesamum,Maharashtra,Solapur,4,95.55,85.5,-11.75,25.0,False,True,False
Sesamum,Maharashtra,Thane,4,177.09,163.18,-8.52,50.0,False,False,False
Sesamum,Maharashtra,Wardha,4,171.4,104.79,-63.57,50.0,False,True,False
Sesamum,Maharashtra,Yeotmal,4,121.39,139.76,13.14,75.0,True,False,False
Sesamum,Orissa,Balasore,4,47.98,23.0,-108.61,25.0,False,True,False
Sesamum,Orissa,Bolangir,4,34.51,12.34,-179.66,0.0,False,True,False
Sesamum,Orissa,Cuttack,4,26.96,5.9,-356.95,0.0,False,True,False
Sesamum,Orissa,Dhenkanal,4,20.97,7.81,-168.5,25.0,False,True,False
Sesamum,Orissa,Ganjam,4,12.07,23.9,49.5,75.0,True,False,False
Sesamum,Orissa,Kalahandi,4,40.28,23.33,-72.65,25.0,False,True,False
Sesamum,Orissa,Keonjhar,4,37.99,35.93,-5.73,50.0,False,False,False
Sesamum,Orissa,Koraput,4,22.43,4.22,-431.52,0.0,False,True,False
Sesamum,Orissa,Mayurbhanja,4,42.49,35.71,-18.99,50.0,False,True,False
Sesamum,Orissa,Phulbani ( Kandhamal ),4,22.22,7.05,-215.18,0.0,False,True,False
Sesamum,Orissa,Puri,4,16.09,24.88,35.33,75.0,True,False,False
Sesamum,Orissa,Sambalpur,4,18.26,9.66,-89.03,25.0,False,True,False
Sesamum,Orissa,Sundargarh,4,19.11,47.64,59.89,75.0,True,False,False
Sesamum,Punjab,Amritsar,4,28.38,27.1,-4.72,25.0,False,True,False
Sesamum,Punjab,Bhatinda,4,333.33,367.33,9.26,75.0,True,False,True
Sesamum,Punjab,Ferozpur,4,150.29,145.95,-2.97,50.0,False,False,False
Sesamum,Punjab,Gurdaspur,4,128.56,120.97,-6.27,50.0,False,False,False
Sesamum,Punjab,Hoshiarpur,4,166.96,193.68,13.8,75.0,True,False,False
Sesamum,Punjab,Jalandhar,4,386.68,322.22,-20.0,25.0,False,True,True
Sesamum,Punjab,Kapurthala,4,0.17,0.0,0.0,0.0,False,True,False
Sesamum,Punjab,Ludhiana,4,0.17,0.0,0.0,0.0,False,True,False
Sesamum,Punjab,Patiala,4,0.17,0.0,0.0,0.0,False,True,False
Sesamum,Punjab,Roopnagar / Ropar,4,270.9,274.58,1.34,75.0,False,False,True
Sesamum,Punjab,Sangrur,3,0.22,0.0,0.0,0.0,False,True,False
Sesamum,Rajasthan,Ajmer,4,79.03,125.62,37.09,100.0,True,False,False
Sesamum,Rajasthan,Alwar,4,51.17,63.22,19.06,50.0,False,False,False
Sesamum,Rajasthan,Banswara,4,73.41,57.32,-28.07,25.0,False,True,False
Sesamum,Rajasthan,Barmer,4,88.2,77.24,-14.19,50.0,False,True,False
Sesamum,Rajasthan,Bharatpur,4,105.62,50.31,-109.94,0.0,False,True,False
Sesamum,Rajasthan,Bhilwara,4,46.53,67.13,30.69,75.0,True,False,False
Sesamum,Rajasthan,Bikaner,4,77.69,100.25,22.5,75.0,True,False,False
Sesamum,Rajasthan,Bundi,4,59.18,53.48,-10.66,50.0,False,True,False
Sesamum,Rajasthan,Chittorgarh,4,236.65,168.41,-40.52,0.0,False,True,True
Sesamum,Rajasthan,Churu,4,164.44,118.59,-38.66,50.0,False,True,False
Sesamum,Rajasthan,Dungarpur,4,142.43,114.82,-24.05,50.0,False,True,False
Sesamum,Rajasthan,Ganganagar,4,63.49,65.47,3.02,50.0,False,False,False
Sesamum,Rajasthan,Jaipur,4,59.22,50.99,-16.14,25.0,False,True,False
Sesamum,Rajasthan,Jaisalmer,4,115.0,76.75,-49.84,0.0,False,True,False
Sesamum,Rajasthan,Jalore,4,127.47,127.07,-0.31,50.0,False,False,False
Sesamum,Rajasthan,Jhalawar,4,45.9,87.81,47.73,75.0,True,False,False
Sesamum,Rajasthan,Jhunjhunu,4,69.55,37.57,-85.12,25.0,False,True,False
Sesamum,Rajasthan,Jodhpur,4,80.21,120.19,33.26,75.0,True,False,False
Sesamum,Rajasthan,Kota,4,41.49,51.71,19.76,50.0,False,False,False
Sesamum,Rajasthan,Nagaur,4,74.56,56.57,-31.8,25.0,False,True,False
Sesamum,Rajasthan,Pali,4,74.98,54.9,-36.58,50.0,False,True,False
Sesamum,Rajasthan,Sikar,4,72.84,43.41,-67.8,25.0,False,True,False
Sesamum,Rajasthan,Sirohi,4,128.95,123.91,-4.07,50.0,False,False,False
Sesamum,Rajasthan,Swami Madhopur,4,81.4,53.81,-51.27,25.0,False,True,False
Sesamum,Rajasthan,Tonk,4,78.41,110.38,28.96,75.0,True,False,False
Sesamum,Rajasthan,Udaipur,4,66.62,84.74,21.38,50.0,False,False,False
Sesamum,Tamil Nadu,Chengalpattu Mgr / Kanchipuram,4,164.26,163.21,-0.64,50.0,False,False,False
Sesamum,Tamil Nadu,Coimbatore,4,101.48,121.18,16.26,50.0,False,False,False
Sesamum,Tamil Nadu,Kanyakumari,3,0.0,0.0,0.0,0.0,False,True,False
Sesamum,Tamil Nadu,Madurai,4,204.52,225.06,9.13,25.0,False,True,False
Sesamum,Tamil Nadu,North Arcot / Vellore,3,186.06,167.96,-10.78,33.33,False,True,False
Sesamum,Tamil Nadu,Ramananthapuram,4,301.73,254.94,-18.35,50.0,False,True,True
Sesamum,Tamil Nadu,South Arcot / Cuddalore,4,133.37,157.82,15.49,50.0,False,False,False
Sesamum,Tamil Nadu,Thanjavur,4,137.78,128.93,-6.86,50.0,False,False,False
Sesamum,Tamil Nadu,The Nilgiris,3,0.0,0.0,0.0,0.0,False,True,False
Sesamum,Tamil Nadu,Thirunelveli,3,178.26,203.19,12.27,66.67,False,False,False
Sesamum,Tamil Nadu,Tiruchirapalli / Trichy,3,188.52,216.29,12.84,66.67,False,False,False
Sesamum,Telangana,Adilabad,4,82.28,66.9,-22.99,50.0,False,True,False
Sesamum,Telangana,Hyderabad,4,65.73,75.87,13.36,50.0,False,False,False
Sesamum,Telangana,Karimnagar,4,225.6,187.35,-20.42,25.0,False,True,True
Sesamum,Telangana,Khammam,4,139.07,169.96,18.17,75.0,True,False,False
Sesamum,Telangana,Mahabubnagar,4,108.13,87.88,-23.04,25.0,False,True,False
Sesamum,Telangana,Medak,4,131.37,120.72,-8.82,50.0,False,False,False
Sesamum,Telangana,Nalgonda,4,51.31,52.59,2.43,25.0,False,True,False
Sesamum,Telangana,Nizamabad,4,312.12,308.49,-1.18,25.0,False,True,True
Sesamum,Telangana,Warangal,4,95.61,138.91,31.17,75.0,True,False,False
Sesamum,Uttar Pradesh,Agra,4,123.11,84.86,-45.07,25.0,False,True,False
Sesamum,Uttar Pradesh,Aligarh,4,65.11,49.09,-32.63,25.0,False,True,False
Sesamum,Uttar Pradesh,Allahabad,4,20.34,34.44,40.94,100.0,True,False,False
Sesamum,Uttar Pradesh,Azamgarh,4,78.05,57.15,-36.57,25.0,False,True,False
Sesamum,Uttar Pradesh,Bahraich,4,58.18,56.93,-2.2,50.0,False,False,False
Sesamum,Uttar Pradesh,Ballia,4,0.33,0.0,0.0,0.0,False,True,False
Sesamum,Uttar Pradesh,Banda,4,111.22,111.91,0.62,75.0,False,False,False
Sesamum,Uttar Pradesh,Barabanki,4,67.6,62.55,-8.07,25.0,False,True,False
Sesamum,Uttar Pradesh,Bareilly,4,49.94,18.6,-168.49,0.0,False,True,False
Sesamum,Uttar Pradesh,Basti,4,54.75,60.08,8.87,50.0,False,False,False
Sesamum,Uttar Pradesh,Bijnor,4,131.27,75.0,-75.03,25.0,False,True,False
Sesamum,Uttar Pradesh,Budaun,4,54.21,21.94,-147.08,50.0,False,True,False
Sesamum,Uttar Pradesh,Buland Shahar,4,138.99,160.97,13.65,75.0,True,False,False
Sesamum,Uttar Pradesh,Deoria,4,51.95,58.75,11.57,50.0,False,False,False
Sesamum,Uttar Pradesh,Etah,4,57.05,52.79,-8.07,50.0,False,False,False
Sesamum,Uttar Pradesh,Etawah,4,60.5,86.2,29.81,100.0,True,False,False
Sesamum,Uttar Pradesh,Faizabad,4,77.73,69.88,-11.23,25.0,False,True,False
Sesamum,Uttar Pradesh,Farrukhabad,4,48.99,78.13,37.3,100.0,True,False,False
Sesamum,Uttar Pradesh,Fatehpur,4,68.01,86.73,21.58,100.0,True,False,False
Sesamum,Uttar Pradesh,Ghazipur,4,165.19,184.3,10.37,50.0,False,False,False
Sesamum,Uttar Pradesh,Gonda,4,56.58,49.6,-14.07,25.0,False,True,False
Sesamum,Uttar Pradesh,Gorakhpur,4,63.27,60.82,-4.03,50.0,False,False,False
Sesamum,Uttar Pradesh,Hamirpur,4,42.42,37.49,-13.15,75.0,False,True,False
Sesamum,Uttar Pradesh,Hardoi,4,163.96,331.33,50.51,75.0,True,False,False
Sesamum,Uttar Pradesh,Jalaun,4,80.35,124.19,35.3,75.0,True,False,False
Sesamum,Uttar Pradesh,Jaunpur,4,83.12,93.66,11.25,50.0,False,False,False
Sesamum,Uttar Pradesh,Jhansi,4,119.27,88.89,-34.18,25.0,False,True,False
Sesamum,Uttar Pradesh,Kanpur,4,68.8,94.88,27.49,100.0,True,False,False
Sesamum,Uttar Pradesh,Kheri,4,318.96,271.04,-17.68,25.0,False,True,True
Sesamum,Uttar Pradesh,Lucknow,4,164.12,219.99,25.4,75.0,True,False,False
Sesamum,Uttar Pradesh,Mainpuri,4,126.86,87.4,-45.15,25.0,False,True,False
Sesamum,Uttar Pradesh,Mathura,4,127.73,87.7,-45.64,25.0,False,True,False
Sesamum,Uttar Pradesh,Meerut,4,169.99,104.92,-62.02,0.0,False,True,False
Sesamum,Uttar Pradesh,Mirzpur,4,72.4,52.76,-37.23,25.0,False,True,False
Sesamum,Uttar Pradesh,Moradabad,4,57.42,60.28,4.74,50.0,False,False,False
Sesamum,Uttar Pradesh,Muzaffarnagar,4,186.37,161.96,-15.07,50.0,False,True,False
Sesamum,Uttar Pradesh,Pilibhit,4,44.98,43.07,-4.43,50.0,False,False,False
Sesamum,Uttar Pradesh,Pratapgarh,4,63.41,81.26,21.97,75.0,True,False,False
Sesamum,Uttar Pradesh,Rae-Bareily,4,146.3,204.1,28.32,75.0,True,False,False
Sesamum,Uttar Pradesh,Rampur,4,109.12,157.64,30.78,75.0,True,False,False
Sesamum,Uttar Pradesh,Saharanpur,4,42.3,43.61,3.0,75.0,False,False,False
Sesamum,Uttar Pradesh,Shahjahanpur,4,63.51,38.72,-64.02,50.0,False,True,False
Sesamum,Uttar Pradesh,Sitapur,4,226.89,193.34,-17.35,0.0,False,True,True
Sesamum,Uttar Pradesh,Sultanpur,4,57.71,45.17,-27.76,25.0,False,True,False
Sesamum,Uttar Pradesh,Unnao,4,57.56,24.43,-135.61,25.0,False,True,False
Sesamum,Uttar Pradesh,Varanasi,4,45.97,59.33,22.52,50.0,False,False,False
Sesamum,Uttarakhand,Almorah,4,33.8,29.91,-13.01,25.0,False,True,False
Sesamum,Uttarakhand,Chamoli,4,119.98,105.85,-13.35,25.0,False,True,False
Sesamum,Uttarakhand,Dehradun,4,10.74,12.49,14.01,50.0,False,False,False
Sesamum,Uttarakhand,Garhwal,4,40.01,80.26,50.15,75.0,True,False,False
Sesamum,Uttarakhand,Nainital,4,111.99,83.56,-34.02,0.0,False,True,False
Sesamum,Uttarakhand,Pithorgarh,4,35.15,46.25,24.0,50.0,False,False,False
Sesamum,Uttarakhand,Tehri Garhwal,4,27.96,39.71,29.59,75.0,True,False,False
Sesamum,Uttarakhand,Uttar Kashi,4,45.22,32.02,-41.22,0.0,False,True,False
Sesamum,West Bengal,24 Parganas,4,119.12,81.21,-46.68,0.0,False,True,False
Sesamum,West Bengal,Bankura,4,63.61,53.6,-18.68,50.0,False,True,False
Sesamum,West Bengal,Birbhum,4,159.2,143.41,-11.01,50.0,False,True,False
Sesamum,West Bengal,Burdwan,4,62.29,77.4,19.52,50.0,False,False,False
Sesamum,West Bengal,Cooch Behar,4,18.24,9.09,-100.66,25.0,False,True,False
Sesamum,West Bengal,Darjeeling,4,124.05,93.22,-33.07,25.0,False,True,False
Sesamum,West Bengal,Hooghly,4,76.86,64.25,-19.63,25.0,False,True,False
Sesamum,West Bengal,Howrah,4,246.16,195.47,-25.93,25.0,False,True,True
Sesamum,West Bengal,Jalpaiguri,4,94.07,73.12,-28.65,25.0,False,True,False
Sesamum,West Bengal,Malda,4,130.02,86.82,-49.76,25.0,False,True,False
Sesamum,West Bengal,Midnapur,4,54.65,53.98,-1.24,50.0,False,False,False
Sesamum,West Bengal,Murshidabad,4,68.84,51.03,-34.9,0.0,False,True,False
Sesamum,West Bengal,Nadia,4,112.5,113.89,1.22,50.0,False,False,False
Sesamum,West Bengal,Purulia,4,141.11,188.09,24.98,75.0,True,False,False
Sesamum,West Bengal,West Dinajpur,4,44.09,39.87,-10.58,25.0,False,True,False
Chickpea,Andhra Pradesh,Ananthapur,4,280.3,225.46,-24.32,25.0,False,True,False
Chickpea,Andhra Pradesh,Chittoor,4,647.51,479.17,-35.13,0.0,False,True,True
Chickpea,Andhra Pradesh,East Godavari,4,296.79,199.51,-48.76,50.0,False,True,False
Chickpea,Andhra Pradesh,Guntur,4,122.68,163.47,24.95,50.0,False,False,False
Chickpea,Andhra Pradesh,Kadapa Ysr,4,345.36,249.78,-38.27,25.0,False,True,False
Chickpea,Andhra Pradesh,Krishna,4,284.86,133.19,-113.87,0.0,False,True,False
Chickpea,Andhra Pradesh,Kurnool,4,202.54,216.39,6.4,50.0,False,False,False
Chickpea,Andhra Pradesh,S.P.S. Nellore,4,153.22,293.93,47.87,75.0,True,False,False
Chickpea,Andhra Pradesh,Srikakulam,4,143.31,238.73,39.97,50.0,False,False,False
Chickpea,Andhra Pradesh,Visakhapatnam,4,253.83,225.39,-12.62,25.0,False,True,False
Chickpea,Andhra Pradesh,West Godavari,3,1201.01,1331.69,9.81,66.67,False,False,True
Chickpea,Assam,Cachar,4,214.15,141.34,-51.51,25.0,False,True,False
Chickpea,Assam,Darrang,4,122.93,140.4,12.44,75.0,True,False,False
Chickpea,Assam,Dibrugarh,4,216.61,337.5,35.82,75.0,True,False,False
Chickpea,Assam,Goalpara,4,235.28,241.95,2.76,50.0,False,False,False
Chickpea,Assam,Kamrup,4,57.27,90.92,37.01,75.0,True,False,False
Chickpea,Assam,Karbi Anglong,4,53.79,158.31,66.02,100.0,True,False,False
Chickpea,Assam,Lakhimpur,4,281.37,293.29,4.06,50.0,False,False,False
Chickpea,Assam,Nagaon,4,38.92,137.76,71.75,100.0,True,False,False
Chickpea,Assam,North Cachar Hil / Dima Hasao,4,26.12,0.0,0.0,0.0,False,True,False
Chickpea,Assam,Sibsagar,4,201.35,185.49,-8.55,25.0,False,True,False
Chickpea,Bihar,Bhagalpur,4,298.47,236.81,-26.04,25.0,False,True,False
Chickpea,Bihar,Champaran,4,219.61,77.08,-184.91,25.0,False,True,False
Chickpea,Bihar,Darbhanga,4,99.2,125.04,20.67,50.0,False,False,False
Chickpea,Bihar,Gaya,4,99.69,118.51,15.88,75.0,True,False,False
Chickpea,Bihar,Mungair,4,167.54,131.08,-27.82,25.0,False,True,False
Chickpea,Bihar,Muzaffarpur,4,347.83,454.23,23.42,75.0,True,False,False
Chickpea,Bihar,Patna,4,169.54,213.69,20.66,50.0,False,False,False
Chickpea,Bihar,Purnea,4,80.21,108.75,26.24,75.0,True,False,False
Chickpea,Bihar,Saharsa,4,20.36,0.0,0.0,0.0,False,True,False
Chickpea,Bihar,Saran,4,131.31,129.84,-1.13,50.0,False,False,False
Chickpea,Bihar,Shahabad (Now Part Of Bhojpur District),4,149.82,233.65,35.88,50.0,False,False,False
Chickpea,Chhattisgarh,Bastar,4,226.19,191.94,-17.84,50.0,False,True,False
Chickpea,Chhattisgarh,Bilaspur,4,185.18,110.56,-67.49,25.0,False,True,False
Chickpea,Chhattisgarh,Durg,4,218.43,142.6,-53.18,25.0,False,True,False
Chickpea,Chhattisgarh,Raigarh,4,272.02,208.2,-30.65,25.0,False,True,False
Chickpea,Chhattisgarh,Raipur,4,213.97,171.64,-24.66,25.0,False,True,False
Chickpea,Chhattisgarh,Surguja,4,244.49,164.05,-49.03,25.0,False,True,False
Chickpea,Gujarat,Ahmedabad,4,128.6,125.05,-2.84,75.0,False,False,False
Chickpea,Gujarat,Amreli,4,498.36,369.58,-34.84,25.0,False,True,True
Chickpea,Gujarat,Banaskantha,4,149.13,126.73,-17.68,50.0,False,True,False
Chickpea,Gujarat,Bharuch,4,203.16,349.2,41.82,100.0,True,False,False
Chickpea,Gujarat,Bhavnagar,4,128.78,158.8,18.9,75.0,True,False,False
Chickpea,Gujarat,Dangs,4,96.62,48.2,-100.46,0.0,False,True,False
Chickpea,Gujarat,Jamnagar,4,114.73,178.51,35.73,50.0,False,False,False
Chickpea,Gujarat,Junagadh,4,354.29,173.95,-103.67,25.0,False,True,False
Chickpea,Gujarat,Kheda,4,81.0,127.82,36.63,75.0,True,False,False
Chickpea,Gujarat,Kutch,4,499.31,459.1,-8.76,50.0,False,False,True
Chickpea,Gujarat,Mehsana,4,123.61,55.08,-124.42,50.0,False,True,False
Chickpea,Gujarat,Panchmahal,4,268.92,322.05,16.5,75.0,True,False,False
Chickpea,Gujarat,Rajkot,4,477.37,407.63,-17.11,50.0,False,True,True
Chickpea,Gujarat,Sabarkantha,4,142.96,295.89,51.68,100.0,True,False,False
Chickpea,Gujarat,Surat,4,214.29,327.59,34.59,75.0,True,False,False
Chickpea,Gujarat,Surendranagar,4,80.18,188.92,57.56,100.0,True,False,False
Chickpea,Gujarat,Vadodara / Baroda,4,151.98,151.18,-0.53,50.0,False,False,False
Chickpea,Gujarat,Valsad,4,128.69,271.3,52.57,100.0,True,False,False
Chickpea,Haryana,Ambala,4,1223.31,1250.0,2.14,25.0,False,True,True
Chickpea,Haryana,Gurgaon,4,1236.95,1154.17,-7.17,25.0,False,True,True
Chickpea,Haryana,Hissar,4,209.57,297.5,29.56,75.0,True,False,False
Chickpea,Haryana,Jind,4,13.22,0.0,0.0,0.0,False,True,False
Chickpea,Haryana,Karnal,4,164.04,125.0,-31.23,25.0,False,True,False
Chickpea,Haryana,Mahendragarh / Narnaul,4,300.05,306.72,2.17,50.0,False,False,False
Chickpea,Haryana,Rohtak,4,1302.45,1352.48,3.7,50.0,False,False,True
Chickpea,Himachal Pradesh,Bilashpur,4,360.52,334.18,-7.88,50.0,False,False,False
Chickpea,Himachal Pradesh,Chamba,4,22.84,0.0,0.0,0.0,False,True,False
Chickpea,Himachal Pradesh,Kangra,4,159.66,118.17,-35.11,25.0,False,True,False
Chickpea,Himachal Pradesh,Kinnaur,4,22.84,0.0,0.0,0.0,False,True,False
Chickpea,Himachal Pradesh,Kullu,4,296.0,196.77,-50.43,0.0,False,True,False
Chickpea,Himachal Pradesh,Lahul & Spiti,4,22.84,0.0,0.0,0.0,False,True,False
Chickpea,Himachal Pradesh,Mandi,4,395.29,297.19,-33.01,50.0,False,True,True
Chickpea,Himachal Pradesh,Shimla,4,246.01,302.08,18.56,50.0,False,False,False
Chickpea,Himachal Pradesh,Sirmaur,4,329.19,296.54,-11.01,75.0,False,True,False
Chickpea,Himachal Pradesh,Solan,4,377.49,414.22,8.87,50.0,False,False,False
Chickpea,Jharkhand,Dhanbad,4,566.31,215.76,-162.47,0.0,False,True,True
Chickpea,Jharkhand,Hazaribagh,4,217.58,284.2,23.44,75.0,True,False,False
Chickpea,Jharkhand,Palamau,4,253.93,221.73,-14.52,50.0,False,True,False
Chickpea,Jharkhand,Ranchi,4,196.51,221.58,11.31,50.0,False,False,False
Chickpea,Jharkhand,Santhal Paragana / Dumka,4,226.69,163.29,-38.83,0.0,False,True,False
Chickpea,Jharkhand,Singhbhum,4,239.93,229.71,-4.45,50.0,False,False,False
Chickpea,Karnataka,Bangalore,4,209.26,157.38,-32.96,25.0,False,True,False
Chickpea,Karnataka,Belgaum,4,124.02,156.33,20.67,50.0,False,False,False
Chickpea,Karnataka,Bellary,4,322.8,246.25,-31.09,25.0,False,True,False
Chickpea,Karnataka,Bidar,4,351.07,268.5,-30.75,25.0,False,True,False
Chickpea,Karnataka,Bijapur / Vijayapura,4,120.86,118.39,-2.09,25.0,False,True,False
Chickpea,Karnataka,Chickmagalur,4,288.04,326.56,11.8,50.0,False,False,False
Chickpea,Karnataka,Chitradurga,4,209.28,261.65,20.02,75.0,True,False,False
Chickpea,Karnataka,Dakshina Kannada,4,20.91,0.0,0.0,0.0,False,True,False
Chickpea,Karnataka,Dharwad,4,284.34,230.06,-23.59,25.0,False,True,False
Chickpea,Karnataka,Gulbarga / Kalaburagi,4,244.9,283.97,13.76,75.0,True,False,False
Chickpea,Karnataka,Hassan,4,355.92,316.29,-12.53,50.0,False,True,False
Chickpea,Karnataka,Kodagu / Coorg,4,20.91,0.0,0.0,0.0,False,True,False
Chickpea,Karnataka,Kolar,4,152.91,137.85,-10.92,50.0,False,True,False
Chickpea,Karnataka,Mandya,4,158.29,161.03,1.7,50.0,False,False,False
Chickpea,Karnataka,Mysore,4,178.75,213.73,16.37,75.0,True,False,False
Chickpea,Karnataka,Raichur,4,119.82,122.18,1.93,50.0,False,False,False
Chickpea,Karnataka,Shimoge,4,319.94,340.95,6.16,75.0,True,False,False
Chickpea,Karnataka,Tumkur,4,218.38,210.78,-3.61,50.0,False,False,False
Chickpea,Karnataka,Uttara Kannada,4,275.02,268.75,-2.33,25.0,False,True,False
Chickpea,Kerala,Alappuzha,4,20.91,0.0,0.0,0.0,False,True,False
Chickpea,Kerala,Eranakulam,4,20.91,0.0,0.0,0.0,False,True,False
Chickpea,Kerala,Kannur,4,20.91,0.0,0.0,0.0,False,True,False
Chickpea,Kerala,Kollam,4,20.91,0.0,0.0,0.0,False,True,False
Chickpea,Kerala,Kottayam,4,20.91,0.0,0.0,0.0,False,True,False
Chickpea,Kerala,Kozhikode,4,20.91,0.0,0.0,0.0,False,True,False
Chickpea,Kerala,Malappuram,4,20.91,0.0,0.0,0.0,False,True,False
Chickpea,Kerala,Palakkad,4,20.91,0.0,0.0,0.0,False,True,False
Chickpea,Kerala,Thiruvananthapuram,4,20.91,0.0,0.0,0.0,False,True,False
Chickpea,Kerala,Thrissur,4,20.91,0.0,0.0,0.0,False,True,False
Chickpea,Madhya Pradesh,Balaghat,4,380.23,457.89,16.96,75.0,True,False,False
Chickpea,Madhya Pradesh,Betul,4,166.56,209.23,20.39,50.0,False,False,False
Chickpea,Madhya Pradesh,Bhind,4,221.24,357.56,38.13,75.0,True,False,False
Chickpea,Madhya Pradesh,Chhatarpur,4,217.64,319.25,31.83,50.0,False,False,False
Chickpea,Madhya Pradesh,Chhindwara,4,522.74,954.96,45.26,100.0,True,False,True
Chickpea,Madhya Pradesh,Damoh,4,295.43,428.65,31.08,75.0,True,False,False
Chickpea,Madhya Pradesh,Datia,4,268.92,144.28,-86.39,0.0,False,True,False
Chickpea,Madhya Pradesh,Dewas,4,445.68,353.93,-25.92,25.0,False,True,True
Chickpea,Madhya Pradesh,Dhar,4,135.7,174.27,22.13,75.0,True,False,False
Chickpea,Madhya Pradesh,Guna,4,226.25,111.07,-103.7,25.0,False,True,False
Chickpea,Madhya Pradesh,Gwalior,4,474.13,425.05,-11.55,25.0,False,True,True
Chickpea,Madhya Pradesh,Hoshangabad,4,498.58,456.93,-9.12,50.0,False,False,True
Chickpea,Madhya Pradesh,Indore,4,349.46,263.15,-32.8,25.0,False,True,False
Chickpea,Madhya Pradesh,Jabalpur,4,529.96,557.55,4.95,50.0,False,False,True
Chickpea,Madhya Pradesh,Jhabua,4,316.17,385.8,18.05,100.0,True,False,False
Chickpea,Madhya Pradesh,Khandwa / East Nimar,4,321.75,160.37,-100.63,0.0,False,True,False
Chickpea,Madhya Pradesh,Khargone / West Nimar,4,615.03,650.64,5.47,50.0,False,False,True
Chickpea,Madhya Pradesh,Mandla,4,173.52,323.87,46.42,75.0,True,False,False
Chickpea,Madhya Pradesh,Mandsaur,4,183.74,219.88,16.44,50.0,False,False,False
Chickpea,Madhya Pradesh,Morena,4,489.87,459.27,-6.66,50.0,False,False,True
Chickpea,Madhya Pradesh,Narsinghpur,4,365.87,409.15,10.58,50.0,False,False,False
Chickpea,Madhya Pradesh,Panna,4,408.06,540.03,24.44,75.0,True,False,True
Chickpea,Madhya Pradesh,Raisen,4,359.56,233.02,-54.3,25.0,False,True,False
Chickpea,Madhya Pradesh,Rajgarh,4,234.65,72.44,-223.92,0.0,False,True,False
Chickpea,Madhya Pradesh,Ratlam,4,223.39,328.98,32.1,75.0,True,False,False
Chickpea,Madhya Pradesh,Rewa,3,280.06,282.88,1.0,33.33,False,False,False
Chickpea,Madhya Pradesh,Sagar,4,299.54,363.52,17.6,75.0,True,False,False
Chickpea,Madhya Pradesh,Satna,4,411.88,634.8,35.12,100.0,True,False,True
Chickpea,Madhya Pradesh,Sehore,4,275.8,218.99,-25.94,25.0,False,True,False
Chickpea,Madhya Pradesh,Seoni / Shivani,4,314.9,274.09,-14.89,25.0,False,True,False
Chickpea,Madhya Pradesh,Shahdol,4,166.36,279.05,40.38,100.0,True,False,False
Chickpea,Madhya Pradesh,Shajapur,4,311.95,382.9,18.53,75.0,True,False,False
Chickpea,Madhya Pradesh,Shivpuri,4,166.94,148.59,-12.35,50.0,False,True,False
Chickpea,Madhya Pradesh,Sidhi,4,230.34,312.75,26.35,75.0,True,False,False
Chickpea,Madhya Pradesh,Tikamgarh,4,299.45,396.03,24.39,75.0,True,False,False
Chickpea,Madhya Pradesh,Ujjain,4,220.17,323.08,31.85,75.0,True,False,False
Chickpea,Madhya Pradesh,Vidisha,4,288.6,299.77,3.73,25.0,False,True,False
Chickpea,Maharashtra,Ahmednagar,4,207.98,198.63,-4.71,50.0,False,False,False
Chickpea,Maharashtra,Akola,4,212.14,219.26,3.25,50.0,False,False,False
Chickpea,Maharashtra,Amarawati,4,170.95,261.2,34.55,75.0,True,False,False
Chickpea,Maharashtra,Aurangabad,4,462.55,298.46,-54.98,25.0,False,True,True
Chickpea,Maharashtra,Beed,4,384.51,235.05,-63.59,0.0,False,True,False
Chickpea,Maharashtra,Bhandara,4,131.07,165.04,20.58,50.0,False,False,False
Chickpea,Maharashtra,Buldhana,4,291.51,196.88,-48.06,25.0,False,True,False
Chickpea,Maharashtra,Chandrapur,4,146.7,79.7,-84.07,0.0,False,True,False
Chickpea,Maharashtra,Dhule,4,475.81,585.16,18.69,75.0,True,False,True
Chickpea,Maharashtra,Jalgaon,4,170.04,162.41,-4.7,50.0,False,False,False
Chickpea,Maharashtra,Kolhapur,4,108.07,238.42,54.67,75.0,True,False,False
Chickpea,Maharashtra,Nagpur,4,85.14,127.24,33.09,50.0,False,False,False
Chickpea,Maharashtra,Nanded,4,416.36,550.35,24.35,75.0,True,False,True
Chickpea,Maharashtra,Nasik,4,46.85,56.03,16.38,50.0,False,False,False
Chickpea,Maharashtra,Osmanabad,4,353.64,331.19,-6.78,50.0,False,False,False
Chickpea,Maharashtra,Parbhani,4,656.91,543.23,-20.93,0.0,False,True,True
Chickpea,Maharashtra,Pune,4,93.13,142.42,34.61,50.0,False,False,False
Chickpea,Maharashtra,Raigad,4,552.89,431.27,-28.2,50.0,False,True,True
Chickpea,Maharashtra,Ratnagiri,4,350.75,170.83,-105.32,25.0,False,True,False
Chickpea,Maharashtra,Sangli,4,186.4,166.29,-12.09,25.0,False,True,False
Chickpea,Maharashtra,Satara,4,29.18,116.65,74.98,100.0,True,False,False
Chickpea,Maharashtra,Solapur,4,280.89,190.11,-47.75,25.0,False,True,False
Chickpea,Maharashtra,Thane,4,150.98,101.26,-49.1,25.0,False,True,False
Chickpea,Maharashtra,Wardha,4,110.58,174.32,36.56,50.0,False,False,False
Chickpea,Maharashtra,Yeotmal,4,67.48,229.96,70.66,100.0,True,False,False
Chickpea,Orissa,Balasore,4,112.92,88.2,-28.03,0.0,False,True,False
Chickpea,Orissa,Bolangir,4,40.69,28.01,-45.27,25.0,False,True,False
Chickpea,Orissa,Cuttack,4,30.52,77.36,60.55,75.0,True,False,False
Chickpea,Orissa,Dhenkanal,4,52.12,29.51,-76.62,0.0,False,True,False
Chickpea,Orissa,Ganjam,4,145.47,43.87,-231.59,0.0,False,True,False
Chickpea,Orissa,Kalahandi,4,36.49,24.08,-51.54,25.0,False,True,False
Chickpea,Orissa,Keonjhar,4,82.52,94.1,12.31,75.0,True,False,False
Chickpea,Orissa,Koraput,4,76.47,69.81,-9.54,25.0,False,True,False
Chickpea,Orissa,Mayurbhanja,4,52.96,21.51,-146.21,0.0,False,True,False
Chickpea,Orissa,Phulbani ( Kandhamal ),4,16.56,31.8,47.92,75.0,True,False,False
Chickpea,Orissa,Puri,4,28.03,29.28,4.27,75.0,False,False,False
Chickpea,Orissa,Sambalpur,4,64.5,58.92,-9.47,50.0,False,False,False
Chickpea,Orissa,Sundargarh,4,48.07,22.84,-110.46,25.0,False,True,False
Chickpea,Punjab,Amritsar,4,580.37,522.5,-11.08,50.0,False,True,True
Chickpea,Punjab,Bhatinda,4,319.6,215.92,-48.02,25.0,False,True,False
Chickpea,Punjab,Ferozpur,4,290.14,166.17,-74.6,25.0,False,True,False
Chickpea,Punjab,Gurdaspur,4,323.71,593.33,45.44,100.0,True,False,False
Chickpea,Punjab,Hoshiarpur,4,484.43,618.75,21.71,75.0,True,False,True
Chickpea,Punjab,Jalandhar,4,17.07,0.0,0.0,0.0,False,True,False
Chickpea,Punjab,Kapurthala,4,17.07,0.0,0.0,0.0,False,True,False
Chickpea,Punjab,Ludhiana,4,17.07,0.0,0.0,0.0,False,True,False
Chickpea,Punjab,Patiala,4,583.75,644.17,9.38,50.0,False,False,True
Chickpea,Punjab,Roopnagar / Ropar,4,659.4,408.33,-61.49,25.0,False,True,True
Chickpea,Punjab,Sangrur,3,337.42,429.81,21.5,33.33,False,False,False
Chickpea,Rajasthan,Ajmer,4,202.66,166.6,-21.64,50.0,False,True,False
Chickpea,Rajasthan,Alwar,4,408.99,488.61,16.3,75.0,True,False,True
Chickpea,Rajasthan,Banswara,4,191.57,87.16,-119.79,0.0,False,True,False
Chickpea,Rajasthan,Barmer,4,75.77,157.45,51.88,75.0,True,False,False
Chickpea,Rajasthan,Bharatpur,4,249.73,356.78,30.0,50.0,False,False,False
Chickpea,Rajasthan,Bhilwara,4,151.1,197.08,23.33,75.0,True,False,False
Chickpea,Rajasthan,Bikaner,4,88.46,79.75,-10.92,50.0,False,True,False
Chickpea,Rajasthan,Bundi,4,507.81,407.3,-24.68,50.0,False,True,True
Chickpea,Rajasthan,Chittorgarh,4,189.65,205.9,7.89,25.0,False,True,False
Chickpea,Rajasthan,Churu,4,266.68,27.04,-886.24,0.0,False,True,False
Chickpea,Rajasthan,Dungarpur,4,178.05,134.12,-32.75,25.0,False,True,False
Chickpea,Rajasthan,Ganganagar,4,55.7,42.0,-32.62,25.0,False,True,False
Chickpea,Rajasthan,Jaipur,4,96.77,152.65,36.61,50.0,False,False,False
Chickpea,Rajasthan,Jaisalmer,4,285.42,193.95,-47.16,25.0,False,True,False
Chickpea,Rajasthan,Jalore,4,175.77,236.28,25.61,50.0,False,False,False
Chickpea,Rajasthan,Jhalawar,4,208.7,202.95,-2.83,25.0,False,True,False
Chickpea,Rajasthan,Jhunjhunu,4,194.33,126.69,-53.39,50.0,False,True,False
Chickpea,Rajasthan,Jodhpur,4,193.1,238.42,19.01,50.0,False,False,False
Chickpea,Rajasthan,Kota,4,368.42,289.67,-27.19,50.0,False,True,False
Chickpea,Rajasthan,Nagaur,4,218.97,174.33,-25.61,50.0,False,True,False
Chickpea,Rajasthan,Pali,4,180.23,208.46,13.54,25.0,False,True,False
Chickpea,Rajasthan,Sikar,4,157.88,104.66,-50.85,25.0,False,True,False
Chickpea,Rajasthan,Sirohi,4,131.42,120.27,-9.27,50.0,False,False,False
Chickpea,Rajasthan,Swami Madhopur,4,273.67,267.86,-2.17,50.0,False,False,False
Chickpea,Rajasthan,Tonk,4,154.43,167.46,7.78,50.0,False,False,False
Chickpea,Rajasthan,Udaipur,4,207.82,133.45,-55.73,0.0,False,True,False
Chickpea,Tamil Nadu,Chengalpattu Mgr / Kanchipuram,4,338.74,359.85,5.87,50.0,False,False,False
Chickpea,Tamil Nadu,Coimbatore,4,65.81,65.39,-0.64,25.0,False,True,False
Chickpea,Tamil Nadu,Kanyakumari,3,25.96,0.0,0.0,0.0,False,True,False
Chickpea,Tamil Nadu,Madurai,4,87.83,104.98,16.34,25.0,False,True,False
Chickpea,Tamil Nadu,North Arcot / Vellore,3,404.53,515.39,21.51,66.67,False,False,True
Chickpea,Tamil Nadu,Ramananthapuram,4,217.77,235.44,7.51,25.0,False,True,False
Chickpea,Tamil Nadu,South Arcot / Cuddalore,4,26.2,0.0,0.0,0.0,False,True,False
Chickpea,Tamil Nadu,Thanjavur,4,61.15,63.89,4.29,25.0,False,True,False
Chickpea,Tamil Nadu,The Nilgiris,3,25.96,0.0,0.0,0.0,False,True,False
Chickpea,Tamil Nadu,Thirunelveli,3,156.52,119.21,-31.3,33.33,False,True,False
Chickpea,Tamil Nadu,Tiruchirapalli / Trichy,3,67.67,85.81,21.14,33.33,False,False,False
Chickpea,Telangana,Adilabad,4,209.5,147.49,-42.04,50.0,False,True,False
Chickpea,Telangana,Hyderabad,4,212.35,199.33,-6.53,50.0,False,False,False
Chickpea,Telangana,Karimnagar,4,268.87,338.22,20.5,50.0,False,False,False
Chickpea,Telangana,Khammam,4,661.48,538.85,-22.76,25.0,False,True,True
Chickpea,Telangana,Mahabubnagar,4,498.51,587.6,15.16,75.0,True,False,True
Chickpea,Telangana,Medak,4,188.16,185.02,-1.7,50.0,False,False,False
Chickpea,Telangana,Nalgonda,4,416.21,260.06,-60.04,50.0,False,True,True
Chickpea,Telangana,Nizamabad,4,603.28,480.3,-25.6,50.0,False,True,True
Chickpea,Telangana,Warangal,4,218.67,121.71,-79.66,50.0,False,True,False
Chickpea,Uttar Pradesh,Agra,4,549.45,587.37,6.46,75.0,True,False,True
Chickpea,Uttar Pradesh,Aligarh,4,370.66,414.69,10.62,50.0,False,False,False
Chickpea,Uttar Pradesh,Allahabad,4,268.4,430.41,37.64,75.0,True,False,False
Chickpea,Uttar Pradesh,Azamgarh,4,408.79,294.76,-38.69,25.0,False,True,True
Chickpea,Uttar Pradesh,Bahraich,4,338.42,315.9,-7.13,50.0,False,False,False
Chickpea,Uttar Pradesh,Ballia,4,374.93,359.89,-4.18,50.0,False,False,False
Chickpea,Uttar Pradesh,Banda,4,340.63,392.78,13.28,50.0,False,False,False
Chickpea,Uttar Pradesh,Barabanki,4,547.32,487.58,-12.25,50.0,False,True,True
Chickpea,Uttar Pradesh,Bareilly,4,489.96,641.63,23.64,75.0,True,False,True
Chickpea,Uttar Pradesh,Basti,4,310.1,351.68,11.82,75.0,True,False,False
Chickpea,Uttar Pradesh,Bijnor,4,259.62,383.54,32.31,75.0,True,False,False
Chickpea,Uttar Pradesh,Budaun,4,396.09,548.13,27.74,75.0,True,False,True
Chickpea,Uttar Pradesh,Buland Shahar,4,347.1,502.6,30.94,75.0,True,False,False
Chickpea,Uttar Pradesh,Deoria,4,262.54,305.85,14.16,50.0,False,False,False
Chickpea,Uttar Pradesh,Etah,4,251.37,379.9,33.83,75.0,True,False,False
Chickpea,Uttar Pradesh,Etawah,4,514.19,425.77,-20.77,50.0,False,True,True
Chickpea,Uttar Pradesh,Faizabad,4,574.29,485.51,-18.29,50.0,False,True,True
Chickpea,Uttar Pradesh,Farrukhabad,4,465.05,450.44,-3.24,50.0,False,False,True
Chickpea,Uttar Pradesh,Fatehpur,4,375.87,585.05,35.75,75.0,True,False,False
Chickpea,Uttar Pradesh,Ghazipur,4,614.89,521.56,-17.89,25.0,False,True,True
Chickpea,Uttar Pradesh,Gonda,4,337.19,329.41,-2.36,50.0,False,False,False
Chickpea,Uttar Pradesh,Gorakhpur,4,277.05,319.21,13.21,75.0,True,False,False
Chickpea,Uttar Pradesh,Hamirpur,4,298.36,335.89,11.17,75.0,True,False,False
Chickpea,Uttar Pradesh,Hardoi,4,91.22,219.9,58.52,75.0,True,False,False
Chickpea,Uttar Pradesh,Jalaun,4,307.86,556.68,44.7,75.0,True,False,False
Chickpea,Uttar Pradesh,Jaunpur,4,670.03,626.09,-7.02,50.0,False,False,True
Chickpea,Uttar Pradesh,Jhansi,4,307.54,363.85,15.48,50.0,False,False,False
Chickpea,Uttar Pradesh,Kanpur,4,458.12,454.32,-0.84,50.0,False,False,True
Chickpea,Uttar Pradesh,Kheri,4,115.88,232.51,50.16,75.0,True,False,False
Chickpea,Uttar Pradesh,Lucknow,4,103.95,221.58,53.09,75.0,True,False,False
Chickpea,Uttar Pradesh,Mainpuri,4,546.37,589.9,7.38,75.0,True,False,True
Chickpea,Uttar Pradesh,Mathura,4,519.62,944.97,45.01,75.0,True,False,True
Chickpea,Uttar Pradesh,Meerut,4,348.74,450.0,22.5,75.0,True,False,False
Chickpea,Uttar Pradesh,Mirzpur,4,201.87,234.76,14.01,50.0,False,False,False
Chickpea,Uttar Pradesh,Moradabad,4,300.05,460.22,34.8,75.0,True,False,False
Chickpea,Uttar Pradesh,Muzaffarnagar,4,442.49,400.37,-10.52,50.0,False,True,True
Chickpea,Uttar Pradesh,Pilibhit,4,285.47,470.47,39.32,50.0,False,False,False
Chickpea,Uttar Pradesh,Pratapgarh,4,217.71,193.99,-12.23,25.0,False,True,False
Chickpea,Uttar Pradesh,Rae-Bareily,4,477.58,482.66,1.05,50.0,False,False,True
Chickpea,Uttar Pradesh,Rampur,4,589.52,610.97,3.51,75.0,False,False,True
Chickpea,Uttar Pradesh,Saharanpur,4,489.13,539.93,9.41,75.0,True,False,True
Chickpea,Uttar Pradesh,Shahjahanpur,4,280.31,341.53,17.93,50.0,False,False,False
Chickpea,Uttar Pradesh,Sitapur,4,95.05,217.0,56.2,75.0,True,False,False
Chickpea,Uttar Pradesh,Sultanpur,4,600.96,453.36,-32.56,25.0,False,True,True
Chickpea,Uttar Pradesh,Unnao,4,212.67,285.1,25.41,50.0,False,False,False
Chickpea,Uttar Pradesh,Varanasi,4,311.8,289.75,-7.61,50.0,False,False,False
Chickpea,Uttarakhand,Almorah,4,298.05,260.59,-14.38,50.0,False,True,False
Chickpea,Uttarakhand,Chamoli,4,57.87,0.0,0.0,0.0,False,True,False
Chickpea,Uttarakhand,Dehradun,4,272.06,160.52,-69.49,25.0,False,True,False
Chickpea,Uttarakhand,Garhwal,4,219.37,193.53,-13.35,50.0,False,True,False
Chickpea,Uttarakhand,Nainital,4,117.8,5.81,-1927.54,0.0,False,True,False
Chickpea,Uttarakhand,Pithorgarh,4,155.39,195.08,20.35,75.0,True,False,False
Chickpea,Uttarakhand,Tehri Garhwal,4,457.06,392.26,-16.52,25.0,False,True,True
Chickpea,Uttarakhand,Uttar Kashi,4,228.41,308.33,25.92,75.0,True,False,False
Chickpea,West Bengal,24 Parganas,4,189.05,230.68,18.05,75.0,True,False,False
Chickpea,West Bengal,Bankura,4,413.93,141.82,-191.87,50.0,False,True,True
Chickpea,West Bengal,Birbhum,4,184.51,188.27,2.0,50.0,False,False,False
Chickpea,West Bengal,Burdwan,4,212.54,159.01,-33.66,50.0,False,True,False
Chickpea,West Bengal,Cooch Behar,4,85.12,0.0,0.0,0.0,False,True,False
Chickpea,West Bengal,Darjeeling,4,328.22,567.71,42.19,50.0,False,False,False
Chickpea,West Bengal,Hooghly,4,291.17,590.63,50.7,100.0,True,False,False
Chickpea,West Bengal,Howrah,4,303.1,474.43,36.11,50.0,False,False,False
Chickpea,West Bengal,Jalpaiguri,4,163.12,173.61,6.04,50.0,False,False,False
Chickpea,West Bengal,Malda,4,143.95,167.58,14.1,50.0,False,False,False
Chickpea,West Bengal,Midnapur,4,557.85,806.49,30.83,100.0,True,False,True
Chickpea,West Bengal,Murshidabad,4,281.81,340.0,17.11,50.0,False,False,False
Chickpea,West Bengal,Nadia,4,129.47,191.43,32.37,75.0,True,False,False
Chickpea,West Bengal,Purulia,4,103.27,88.32,-16.93,50.0,False,True,False
Chickpea,West Bengal,West Dinajpur,4,401.37,218.5,-83.69,25.0,False,True,True
Pigeonpea,Andhra Pradesh,Ananthapur,4,152.25,42.01,-262.41,25.0,False,True,False
Pigeonpea,Andhra Pradesh,Chittoor,4,91.22,71.11,-28.28,50.0,False,True,False
Pigeonpea,Andhra Pradesh,East Godavari,4,270.69,214.09,-26.44,25.0,False,True,False
Pigeonpea,Andhra Pradesh,Guntur,4,148.62,162.1,8.32,50.0,False,False,False
Pigeonpea,Andhra Pradesh,Kadapa Ysr,4,159.0,84.04,-89.2,25.0,False,True,False
Pigeonpea,Andhra Pradesh,Krishna,4,240.8,229.86,-4.76,50.0,False,False,False
Pigeonpea,Andhra Pradesh,Kurnool,4,218.24,33.25,-556.36,0.0,False,True,False
Pigeonpea,Andhra Pradesh,S.P.S. Nellore,4,256.6,224.64,-14.23,25.0,False,True,False
Pigeonpea,Andhra Pradesh,Srikakulam,4,154.92,123.81,-25.13,50.0,False,True,False
Pigeonpea,Andhra Pradesh,Visakhapatnam,4,173.44,107.21,-61.78,25.0,False,True,False
Pigeonpea,Andhra Pradesh,West Godavari,4,158.64,166.64,4.8,50.0,False,False,False
Pigeonpea,Assam,Cachar,4,107.26,113.25,5.29,50.0,False,False,False
Pigeonpea,Assam,Darrang,4,37.9,33.87,-11.9,25.0,False,True,False
Pigeonpea,Assam,Dibrugarh,4,114.42,133.43,14.25,75.0,True,False,False
Pigeonpea,Assam,Goalpara,4,103.83,103.74,-0.09,50.0,False,False,False
Pigeonpea,Assam,Kamrup,4,74.78,77.85,3.94,50.0,False,False,False
Pigeonpea,Assam,Karbi Anglong,4,41.82,59.54,29.76,50.0,False,False,False
Pigeonpea,Assam,Lakhimpur,4,133.31,154.05,13.46,100.0,True,False,False
Pigeonpea,Assam,Nagaon,4,63.32,88.08,28.11,75.0,True,False,False
Pigeonpea,Assam,North Cachar Hil / Dima Hasao,4,67.29,82.55,18.49,50.0,False,False,False
Pigeonpea,Assam,Sibsagar,4,25.04,92.63,72.97,100.0,True,False,False
Pigeonpea,Bihar,Bhagalpur,4,442.23,321.49,-37.56,0.0,False,True,True
Pigeonpea,Bihar,Champaran,4,461.46,409.99,-12.55,50.0,False,True,True
Pigeonpea,Bihar,Darbhanga,4,241.29,358.95,32.78,50.0,False,False,False
Pigeonpea,Bihar,Gaya,4,238.05,191.28,-24.45,50.0,False,True,False
Pigeonpea,Bihar,Mungair,4,224.37,424.14,47.1,75.0,True,False,False
Pigeonpea,Bihar,Muzaffarpur,4,721.86,428.33,-68.53,25.0,False,True,True
Pigeonpea,Bihar,Patna,4,395.1,739.3,46.56,100.0,True,False,False
Pigeonpea,Bihar,Purnea,4,105.96,92.7,-14.3,75.0,False,True,False
Pigeonpea,Bihar,Saharsa,4,271.04,171.08,-58.43,25.0,False,True,False
Pigeonpea,Bihar,Saran,4,301.59,203.39,-48.28,50.0,False,True,False
Pigeonpea,Bihar,Shahabad (Now Part Of Bhojpur District),4,342.91,751.64,54.38,100.0,True,False,False
Pigeonpea,Chhattisgarh,Bastar,4,117.68,123.92,5.04,50.0,False,False,False
Pigeonpea,Chhattisgarh,Bilaspur,4,123.93,102.96,-20.37,50.0,False,True,False
Pigeonpea,Chhattisgarh,Durg,4,163.01,138.26,-17.9,50.0,False,True,False
Pigeonpea,Chhattisgarh,Raigarh,4,138.55,84.76,-63.46,0.0,False,True,False
Pigeonpea,Chhattisgarh,Raipur,4,191.05,83.67,-128.34,50.0,False,True,False
Pigeonpea,Chhattisgarh,Surguja,4,157.46,114.5,-37.52,50.0,False,True,False
Pigeonpea,Gujarat,Ahmedabad,4,135.83,128.69,-5.55,50.0,False,False,False
Pigeonpea,Gujarat,Amreli,4,133.39,127.41,-4.69,50.0,False,False,False
Pigeonpea,Gujarat,Banaskantha,4,401.87,376.06,-6.86,50.0,False,False,False
Pigeonpea,Gujarat,Bharuch,4,153.39,134.65,-13.92,50.0,False,True,False
Pigeonpea,Gujarat,Bhavnagar,4,140.86,127.25,-10.7,50.0,False,True,False
Pigeonpea,Gujarat,Dangs,4,701.18,530.34,-32.21,50.0,False,True,True
Pigeonpea,Gujarat,Jamnagar,4,139.26,129.17,-7.81,50.0,False,False,False
Pigeonpea,Gujarat,Junagadh,4,168.42,105.02,-60.37,50.0,False,True,False
Pigeonpea,Gujarat,Kheda,4,301.46,422.21,28.6,75.0,True,False,False
Pigeonpea,Gujarat,Kutch,4,380.53,403.79,5.76,50.0,False,False,False
Pigeonpea,Gujarat,Mehsana,4,180.03,136.1,-32.28,25.0,False,True,False
Pigeonpea,Gujarat,Panchmahal,4,227.41,40.89,-456.15,0.0,False,True,False
Pigeonpea,Gujarat,Rajkot,4,157.67,107.54,-46.62,25.0,False,True,False
Pigeonpea,Gujarat,Sabarkantha,4,127.53,154.27,17.33,50.0,False,False,False
Pigeonpea,Gujarat,Surat,4,159.09,146.29,-8.75,50.0,False,False,False
Pigeonpea,Gujarat,Surendranagar,4,480.95,446.17,-7.8,50.0,False,False,True
Pigeonpea,Gujarat,Vadodara / Baroda,4,294.77,161.79,-82.19,0.0,False,True,False
Pigeonpea,Gujarat,Valsad,4,275.31,239.03,-15.18,25.0,False,True,False
Pigeonpea,Haryana,Ambala,4,308.03,130.56,-135.93,0.0,False,True,False
Pigeonpea,Haryana,Gurgaon,4,448.08,410.64,-9.12,50.0,False,False,True
Pigeonpea,Haryana,Hissar,4,502.02,484.49,-3.62,50.0,False,False,True
Pigeonpea,Haryana,Jind,4,255.09,195.83,-30.26,25.0,False,True,False
Pigeonpea,Haryana,Karnal,4,394.17,386.07,-2.1,50.0,False,False,False
Pigeonpea,Haryana,Mahendragarh / Narnaul,4,470.91,438.24,-7.45,50.0,False,False,True
Pigeonpea,Haryana,Rohtak,4,403.41,368.77,-9.39,25.0,False,True,False
Pigeonpea,Himachal Pradesh,Bilashpur,4,40.32,0.0,0.0,0.0,False,True,False
Pigeonpea,Himachal Pradesh,Chamba,4,40.32,0.0,0.0,0.0,False,True,False
Pigeonpea,Himachal Pradesh,Kangra,4,277.6,193.75,-43.28,25.0,False,True,False
Pigeonpea,Himachal Pradesh,Kinnaur,4,40.32,0.0,0.0,0.0,False,True,False
Pigeonpea,Himachal Pradesh,Kullu,4,40.32,0.0,0.0,0.0,False,True,False
Pigeonpea,Himachal Pradesh,Lahul & Spiti,4,40.32,0.0,0.0,0.0,False,True,False
Pigeonpea,Himachal Pradesh,Mandi,4,40.32,0.0,0.0,0.0,False,True,False
Pigeonpea,Himachal Pradesh,Shimla,4,344.93,216.2,-59.54,25.0,False,True,False
Pigeonpea,Himachal Pradesh,Sirmaur,4,358.83,356.25,-0.72,50.0,False,False,False
Pigeonpea,Himachal Pradesh,Solan,4,40.32,0.0,0.0,0.0,False,True,False
Pigeonpea,Jharkhand,Dhanbad,4,1277.38,1282.15,0.37,25.0,False,True,True
Pigeonpea,Jharkhand,Hazaribagh,4,250.69,398.16,37.04,75.0,True,False,False
Pigeonpea,Jharkhand,Palamau,4,546.03,514.67,-6.09,50.0,False,False,True
Pigeonpea,Jharkhand,Ranchi,4,201.68,235.08,14.21,75.0,True,False,False
Pigeonpea,Jharkhand,Santhal Paragana / Dumka,4,448.63,503.95,10.98,75.0,True,False,True
Pigeonpea,Jharkhand,Singhbhum,4,231.34,211.22,-9.53,25.0,False,True,False
Pigeonpea,Karnataka,Bangalore,4,109.97,52.24,-110.51,0.0,False,True,False
Pigeonpea,Karnataka,Belgaum,4,287.58,243.64,-18.03,25.0,False,True,False
Pigeonpea,Karnataka,Bellary,4,128.88,139.54,7.64,50.0,False,False,False
Pigeonpea,Karnataka,Bidar,4,448.8,454.07,1.16,50.0,False,False,True
Pigeonpea,Karnataka,Bijapur / Vijayapura,4,357.06,186.73,-91.22,25.0,False,True,False
Pigeonpea,Karnataka,Chickmagalur,4,310.56,212.27,-46.3,0.0,False,True,False
Pigeonpea,Karnataka,Chitradurga,4,178.59,243.88,26.77,75.0,True,False,False
Pigeonpea,Karnataka,Dakshina Kannada,4,47.66,0.0,0.0,0.0,False,True,False
Pigeonpea,Karnataka,Dharwad,4,169.56,165.97,-2.16,50.0,False,False,False
Pigeonpea,Karnataka,Gulbarga / Kalaburagi,4,355.75,299.87,-18.63,50.0,False,True,False
Pigeonpea,Karnataka,Hassan,4,544.27,341.39,-59.43,25.0,False,True,True
Pigeonpea,Karnataka,Kodagu / Coorg,4,47.66,0.0,0.0,0.0,False,True,False
Pigeonpea,Karnataka,Kolar,4,245.74,359.77,31.7,50.0,False,False,False
Pigeonpea,Karnataka,Mandya,4,67.77,99.53,31.91,25.0,False,True,False
Pigeonpea,Karnataka,Mysore,4,191.54,244.11,21.54,50.0,False,False,False
Pigeonpea,Karnataka,Raichur,4,177.27,161.64,-9.67,50.0,False,False,False
Pigeonpea,Karnataka,Shimoge,4,316.91,220.28,-43.87,0.0,False,True,False
Pigeonpea,Karnataka,Tumkur,4,196.03,65.54,-199.1,0.0,False,True,False
Pigeonpea,Karnataka,Uttara Kannada,4,532.03,391.67,-35.84,0.0,False,True,True
Pigeonpea,Kerala,Alappuzha,4,52.28,0.0,0.0,0.0,False,True,False
Pigeonpea,Kerala,Eranakulam,4,704.45,783.33,10.07,50.0,False,False,True
Pigeonpea,Kerala,Kannur,4,613.63,557.49,-10.07,0.0,False,True,True
Pigeonpea,Kerala,Kollam,4,52.28,0.0,0.0,0.0,False,True,False
Pigeonpea,Kerala,Kottayam,4,704.45,783.33,10.07,50.0,False,False,True
Pigeonpea,Kerala,Kozhikode,4,550.57,565.54,2.65,50.0,False,False,True
Pigeonpea,Kerala,Malappuram,4,52.28,0.0,0.0,0.0,False,True,False
Pigeonpea,Kerala,Palakkad,4,293.14,356.81,17.84,75.0,True,False,False
Pigeonpea,Kerala,Thiruvananthapuram,4,52.28,0.0,0.0,0.0,False,True,False
Pigeonpea,Kerala,Thrissur,4,52.28,0.0,0.0,0.0,False,True,False
Pigeonpea,Madhya Pradesh,Balaghat,4,333.4,262.96,-26.79,25.0,False,True,False
Pigeonpea,Madhya Pradesh,Betul,4,190.74,213.54,10.68,50.0,False,False,False
Pigeonpea,Madhya Pradesh,Bhind,4,308.87,592.15,47.84,100.0,True,False,False
Pigeonpea,Madhya Pradesh,Chhatarpur,4,607.78,621.55,2.22,75.0,False,False,True
Pigeonpea,Madhya Pradesh,Chhindwara,4,482.07,453.71,-6.25,50.0,False,False,True
Pigeonpea,Madhya Pradesh,Damoh,4,581.95,456.33,-27.53,50.0,False,True,True
Pigeonpea,Madhya Pradesh,Datia,4,477.7,374.41,-27.59,25.0,False,True,True
Pigeonpea,Madhya Pradesh,Dewas,4,327.8,386.64,15.22,75.0,True,False,False
Pigeonpea,Madhya Pradesh,Dhar,4,497.8,429.16,-15.99,25.0,False,True,True
Pigeonpea,Madhya Pradesh,Guna,4,407.76,344.66,-18.31,25.0,False,True,False
Pigeonpea,Madhya Pradesh,Gwalior,4,439.65,320.77,-37.06,25.0,False,True,False
Pigeonpea,Madhya Pradesh,Hoshangabad,4,342.63,268.84,-27.45,50.0,False,True,False
Pigeonpea,Madhya Pradesh,Indore,4,697.36,698.67,0.19,50.0,False,False,True
Pigeonpea,Madhya Pradesh,Jabalpur,4,160.02,213.47,25.04,100.0,True,False,False
Pigeonpea,Madhya Pradesh,Jhabua,4,226.22,371.81,39.16,100.0,True,False,False
Pigeonpea,Madhya Pradesh,Khandwa / East Nimar,4,225.06,214.6,-4.87,25.0,False,True,False
Pigeonpea,Madhya Pradesh,Khargone / West Nimar,4,338.51,463.52,26.97,75.0,True,False,False
Pigeonpea,Madhya Pradesh,Mandla,4,409.38,376.92,-8.61,50.0,False,False,False
Pigeonpea,Madhya Pradesh,Mandsaur,4,391.75,405.1,3.3,50.0,False,False,False
Pigeonpea,Madhya Pradesh,Morena,4,480.98,822.32,41.51,100.0,True,False,True
Pigeonpea,Madhya Pradesh,Narsinghpur,4,345.54,287.83,-20.05,50.0,False,True,False
Pigeonpea,Madhya Pradesh,Panna,4,400.84,385.24,-4.05,50.0,False,False,False
Pigeonpea,Madhya Pradesh,Raisen,4,317.76,454.25,30.05,100.0,True,False,False
Pigeonpea,Madhya Pradesh,Rajgarh,4,500.64,518.58,3.46,50.0,False,False,True
Pigeonpea,Madhya Pradesh,Ratlam,4,541.64,615.59,12.01,75.0,True,False,True
Pigeonpea,Madhya Pradesh,Rewa,3,499.16,518.63,3.75,66.67,False,False,True
Pigeonpea,Madhya Pradesh,Sagar,4,580.09,515.44,-12.54,50.0,False,True,True
Pigeonpea,Madhya Pradesh,Satna,4,582.82,502.91,-15.89,50.0,False,True,True
Pigeonpea,Madhya Pradesh,Sehore,4,301.04,329.18,8.55,50.0,False,False,False
Pigeonpea,Madhya Pradesh,Seoni / Shivani,4,179.81,188.29,4.5,50.0,False,False,False
Pigeonpea,Madhya Pradesh,Shahdol,4,145.75,285.37,48.93,100.0,True,False,False
Pigeonpea,Madhya Pradesh,Shajapur,4,149.84,306.09,51.05,100.0,True,False,False
Pigeonpea,Madhya Pradesh,Shivpuri,4,396.32,288.74,-37.26,25.0,False,True,False
Pigeonpea,Madhya Pradesh,Sidhi,4,283.24,318.76,11.14,75.0,True,False,False
Pigeonpea,Madhya Pradesh,Tikamgarh,4,502.26,529.02,5.06,50.0,False,False,True
Pigeonpea,Madhya Pradesh,Ujjain,4,394.56,533.01,25.98,100.0,True,False,False
Pigeonpea,Madhya Pradesh,Vidisha,4,270.29,280.64,3.69,75.0,False,False,False
Pigeonpea,Maharashtra,Ahmednagar,4,406.33,358.58,-13.32,25.0,False,True,False
Pigeonpea,Maharashtra,Akola,4,638.33,471.59,-35.36,0.0,False,True,True
Pigeonpea,Maharashtra,Amarawati,4,413.21,419.72,1.55,50.0,False,False,False
Pigeonpea,Maharashtra,Aurangabad,4,554.14,368.21,-50.5,25.0,False,True,True
Pigeonpea,Maharashtra,Beed,4,495.47,306.55,-61.63,0.0,False,True,True
Pigeonpea,Maharashtra,Bhandara,4,660.13,550.9,-19.83,50.0,False,True,True
Pigeonpea,Maharashtra,Buldhana,4,396.02,228.31,-73.46,0.0,False,True,False
Pigeonpea,Maharashtra,Chandrapur,4,576.81,435.65,-32.4,25.0,False,True,True
Pigeonpea,Maharashtra,Dhule,4,232.13,173.21,-34.02,0.0,False,True,False
Pigeonpea,Maharashtra,Jalgaon,4,372.85,259.25,-43.82,25.0,False,True,False
Pigeonpea,Maharashtra,Kolhapur,4,254.43,118.26,-115.14,25.0,False,True,False
Pigeonpea,Maharashtra,Nagpur,4,799.98,763.31,-4.8,50.0,False,False,True
Pigeonpea,Maharashtra,Nanded,4,486.85,420.19,-15.86,25.0,False,True,True
Pigeonpea,Maharashtra,Nasik,4,272.63,340.82,20.01,50.0,False,False,False
Pigeonpea,Maharashtra,Osmanabad,4,1010.49,922.28,-9.56,50.0,False,False,True
Pigeonpea,Maharashtra,Parbhani,4,457.02,489.08,6.56,50.0,False,False,True
Pigeonpea,Maharashtra,Pune,4,244.33,201.02,-21.55,50.0,False,True,False
Pigeonpea,Maharashtra,Raigad,4,185.57,123.48,-50.28,0.0,False,True,False
Pigeonpea,Maharashtra,Ratnagiri,4,445.04,348.04,-27.87,0.0,False,True,True
Pigeonpea,Maharashtra,Sangli,4,216.23,84.22,-156.74,25.0,False,True,False
Pigeonpea,Maharashtra,Satara,4,232.82,111.52,-108.77,25.0,False,True,False
Pigeonpea,Maharashtra,Solapur,4,207.79,177.93,-16.78,50.0,False,True,False
Pigeonpea,Maharashtra,Thane,4,244.43,164.22,-48.84,0.0,False,True,False
Pigeonpea,Maharashtra,Wardha,4,553.44,558.15,0.84,50.0,False,False,True
Pigeonpea,Maharashtra,Yeotmal,4,459.28,421.39,-8.99,50.0,False,False,True
Pigeonpea,Orissa,Balasore,4,353.39,308.93,-14.39,50.0,False,True,False
Pigeonpea,Orissa,Bolangir,4,58.66,32.69,-79.44,25.0,False,True,False
Pigeonpea,Orissa,Cuttack,4,50.43,33.32,-51.35,25.0,False,True,False
Pigeonpea,Orissa,Dhenkanal,4,120.87,44.2,-173.46,0.0,False,True,False
Pigeonpea,Orissa,Ganjam,4,71.14,9.78,-627.4,25.0,False,True,False
Pigeonpea,Orissa,Kalahandi,4,109.36,45.61,-139.77,0.0,False,True,False
Pigeonpea,Orissa,Keonjhar,4,53.15,11.74,-352.73,0.0,False,True,False
Pigeonpea,Orissa,Koraput,4,83.26,47.45,-75.47,25.0,False,True,False
Pigeonpea,Orissa,Mayurbhanja,4,97.32,86.92,-11.97,25.0,False,True,False
Pigeonpea,Orissa,Phulbani ( Kandhamal ),4,56.27,24.21,-132.42,0.0,False,True,False
Pigeonpea,Orissa,Puri,4,88.73,36.8,-141.11,0.0,False,True,False
Pigeonpea,Orissa,Sambalpur,4,70.35,30.18,-133.1,0.0,False,True,False
Pigeonpea,Orissa,Sundargarh,4,82.24,26.49,-210.46,25.0,False,True,False
Pigeonpea,Punjab,Amritsar,4,127.47,158.89,19.77,50.0,False,False,False
Pigeonpea,Punjab,Bhatinda,4,278.93,208.93,-33.5,50.0,False,True,False
Pigeonpea,Punjab,Ferozpur,4,287.55,245.16,-17.29,50.0,False,True,False
Pigeonpea,Punjab,Gurdaspur,4,46.69,0.0,0.0,0.0,False,True,False
Pigeonpea,Punjab,Hoshiarpur,4,321.87,391.67,17.82,75.0,True,False,False
Pigeonpea,Punjab,Jalandhar,4,126.72,55.73,-127.38,25.0,False,True,False
Pigeonpea,Punjab,Kapurthala,4,46.69,0.0,0.0,0.0,False,True,False
Pigeonpea,Punjab,Ludhiana,4,194.5,160.85,-20.92,0.0,False,True,False
Pigeonpea,Punjab,Patiala,4,138.06,28.61,-382.56,0.0,False,True,False
Pigeonpea,Punjab,Roopnagar / Ropar,4,127.33,34.33,-270.9,25.0,False,True,False
Pigeonpea,Punjab,Sangrur,3,148.8,210.83,29.42,100.0,True,False,False
Pigeonpea,Rajasthan,Ajmer,4,320.45,39.17,-718.1,0.0,False,True,False
Pigeonpea,Rajasthan,Alwar,4,101.47,68.05,-49.11,50.0,False,True,False
Pigeonpea,Rajasthan,Banswara,4,223.37,234.17,4.61,50.0,False,False,False
Pigeonpea,Rajasthan,Barmer,4,52.86,0.0,0.0,0.0,False,True,False
Pigeonpea,Rajasthan,Bharatpur,4,318.75,201.01,-58.57,0.0,False,True,False
Pigeonpea,Rajasthan,Bhilwara,4,572.59,622.45,8.01,50.0,False,False,True
Pigeonpea,Rajasthan,Bikaner,4,339.53,333.33,-1.86,25.0,False,True,False
Pigeonpea,Rajasthan,Bundi,4,362.04,385.94,6.19,50.0,False,False,False
Pigeonpea,Rajasthan,Chittorgarh,4,388.96,354.12,-9.84,50.0,False,False,False
Pigeonpea,Rajasthan,Churu,4,52.86,0.0,0.0,0.0,False,True,False
Pigeonpea,Rajasthan,Dungarpur,4,214.74,172.07,-24.8,50.0,False,True,False
Pigeonpea,Rajasthan,Ganganagar,4,651.4,581.69,-11.98,50.0,False,True,True
Pigeonpea,Rajasthan,Jaipur,4,240.39,287.27,16.32,75.0,True,False,False
Pigeonpea,Rajasthan,Jaisalmer,4,317.36,354.17,10.39,25.0,False,True,False
Pigeonpea,Rajasthan,Jalore,4,238.22,156.67,-52.05,25.0,False,True,False
Pigeonpea,Rajasthan,Jhalawar,4,208.33,403.51,48.37,75.0,True,False,False
Pigeonpea,Rajasthan,Jhunjhunu,4,52.86,0.0,0.0,0.0,False,True,False
Pigeonpea,Rajasthan,Jodhpur,4,52.86,0.0,0.0,0.0,False,True,False
Pigeonpea,Rajasthan,Kota,4,199.03,244.22,18.5,50.0,False,False,False
Pigeonpea,Rajasthan,Nagaur,4,52.86,0.0,0.0,0.0,False,True,False
Pigeonpea,Rajasthan,Pali,4,149.87,101.96,-46.99,25.0,False,True,False
Pigeonpea,Rajasthan,Sikar,4,453.9,479.17,5.27,50.0,False,False,True
Pigeonpea,Rajasthan,Sirohi,4,278.56,322.03,13.5,75.0,True,False,False
Pigeonpea,Rajasthan,Swami Madhopur,4,154.94,163.64,5.32,50.0,False,False,False
Pigeonpea,Rajasthan,Tonk,4,794.74,641.67,-23.85,25.0,False,True,True
Pigeonpea,Rajasthan,Udaipur,4,276.28,248.01,-11.4,50.0,False,True,False
Pigeonpea,Tamil Nadu,Chengalpattu Mgr / Kanchipuram,4,498.5,552.14,9.71,50.0,False,False,True
Pigeonpea,Tamil Nadu,Coimbatore,4,496.12,613.79,19.17,50.0,False,False,True
Pigeonpea,Tamil Nadu,Kanyakumari,3,355.16,307.69,-15.43,0.0,False,True,False
Pigeonpea,Tamil Nadu,Madurai,4,505.21,649.91,22.26,50.0,False,False,True
Pigeonpea,Tamil Nadu,North Arcot / Vellore,3,589.41,618.11,4.64,66.67,False,False,True
Pigeonpea,Tamil Nadu,Ramananthapuram,4,514.33,662.62,22.38,50.0,False,False,True
Pigeonpea,Tamil Nadu,South Arcot / Cuddalore,4,443.04,698.77,36.6,50.0,False,False,True
Pigeonpea,Tamil Nadu,Thanjavur,4,448.37,520.49,13.86,50.0,False,False,True
Pigeonpea,Tamil Nadu,The Nilgiris,3,92.47,0.0,0.0,0.0,False,True,False
Pigeonpea,Tamil Nadu,Thirunelveli,3,499.39,621.74,19.68,66.67,False,False,True
Pigeonpea,Tamil Nadu,Tiruchirapalli / Trichy,3,314.79,566.9,44.47,66.67,False,False,False
Pigeonpea,Telangana,Adilabad,4,316.54,279.1,-13.41,50.0,False,True,False
Pigeonpea,Telangana,Hyderabad,4,273.06,159.57,-71.12,25.0,False,True,False
Pigeonpea,Telangana,Karimnagar,4,172.79,187.53,7.86,50.0,False,False,False
Pigeonpea,Telangana,Khammam,4,61.34,121.85,49.66,50.0,False,False,False
Pigeonpea,Telangana,Mahabubnagar,4,269.12,166.26,-61.87,25.0,False,True,False
Pigeonpea,Telangana,Medak,4,242.3,210.55,-15.08,25.0,False,True,False
Pigeonpea,Telangana,Nalgonda,4,251.3,98.15,-156.04,25.0,False,True,False
Pigeonpea,Telangana,Nizamabad,4,280.6,393.48,28.69,50.0,False,False,False
Pigeonpea,Telangana,Warangal,4,106.73,147.0,27.39,25.0,False,True,False
Pigeonpea,Uttar Pradesh,Agra,4,256.28,213.06,-20.29,50.0,False,True,False
Pigeonpea,Uttar Pradesh,Aligarh,4,132.43,134.16,1.29,50.0,False,False,False
Pigeonpea,Uttar Pradesh,Allahabad,4,479.36,492.9,2.75,50.0,False,False,True
Pigeonpea,Uttar Pradesh,Azamgarh,4,454.04,341.19,-33.08,25.0,False,True,True
Pigeonpea,Uttar Pradesh,Bahraich,4,168.54,87.45,-92.73,25.0,False,True,False
Pigeonpea,Uttar Pradesh,Ballia,4,226.07,153.97,-46.83,25.0,False,True,False
Pigeonpea,Uttar Pradesh,Banda,4,518.33,637.17,18.65,75.0,True,False,True
Pigeonpea,Uttar Pradesh,Barabanki,4,284.11,165.95,-71.2,25.0,False,True,False
Pigeonpea,Uttar Pradesh,Bareilly,4,251.63,404.59,37.81,75.0,True,False,False
Pigeonpea,Uttar Pradesh,Basti,4,152.94,88.56,-72.7,25.0,False,True,False
Pigeonpea,Uttar Pradesh,Bijnor,4,302.71,188.89,-60.26,25.0,False,True,False
Pigeonpea,Uttar Pradesh,Budaun,4,156.16,163.52,4.5,75.0,False,False,False
Pigeonpea,Uttar Pradesh,Buland Shahar,4,77.69,189.95,59.1,75.0,True,False,False
Pigeonpea,Uttar Pradesh,Deoria,4,342.19,228.41,-49.81,25.0,False,True,False
Pigeonpea,Uttar Pradesh,Etah,4,132.08,185.15,28.66,50.0,False,False,False
Pigeonpea,Uttar Pradesh,Etawah,4,609.7,870.69,29.98,75.0,True,False,True
Pigeonpea,Uttar Pradesh,Faizabad,4,295.89,165.19,-79.12,25.0,False,True,False
Pigeonpea,Uttar Pradesh,Farrukhabad,4,470.68,600.62,21.63,75.0,True,False,True
Pigeonpea,Uttar Pradesh,Fatehpur,4,374.22,467.42,19.94,75.0,True,False,False
Pigeonpea,Uttar Pradesh,Ghazipur,4,155.67,186.52,16.54,50.0,False,False,False
Pigeonpea,Uttar Pradesh,Gonda,4,138.9,66.74,-108.12,25.0,False,True,False
Pigeonpea,Uttar Pradesh,Gorakhpur,4,339.92,227.85,-49.19,0.0,False,True,False
Pigeonpea,Uttar Pradesh,Hamirpur,4,310.32,432.22,28.2,75.0,True,False,False
Pigeonpea,Uttar Pradesh,Hardoi,4,342.9,301.48,-13.74,50.0,False,True,False
Pigeonpea,Uttar Pradesh,Jalaun,4,597.15,801.59,25.5,75.0,True,False,True
Pigeonpea,Uttar Pradesh,Jaunpur,4,156.12,86.66,-80.15,25.0,False,True,False
Pigeonpea,Uttar Pradesh,Jhansi,4,419.0,383.18,-9.35,25.0,False,True,False
Pigeonpea,Uttar Pradesh,Kanpur,4,805.08,1042.95,22.81,75.0,True,False,True
Pigeonpea,Uttar Pradesh,Kheri,4,377.95,311.75,-21.23,50.0,False,True,False
Pigeonpea,Uttar Pradesh,Lucknow,4,370.34,296.66,-24.84,25.0,False,True,False
Pigeonpea,Uttar Pradesh,Mainpuri,4,251.61,225.2,-11.73,50.0,False,True,False
Pigeonpea,Uttar Pradesh,Mathura,4,85.63,150.32,43.03,50.0,False,False,False
Pigeonpea,Uttar Pradesh,Meerut,4,353.89,328.95,-7.58,50.0,False,False,False
Pigeonpea,Uttar Pradesh,Mirzpur,4,140.27,165.17,15.08,75.0,True,False,False
Pigeonpea,Uttar Pradesh,Moradabad,4,238.77,197.17,-21.1,25.0,False,True,False
Pigeonpea,Uttar Pradesh,Muzaffarnagar,4,208.47,169.81,-22.77,50.0,False,True,False
Pigeonpea,Uttar Pradesh,Pilibhit,4,516.14,711.61,27.47,75.0,True,False,True
Pigeonpea,Uttar Pradesh,Pratapgarh,4,286.92,191.31,-49.98,50.0,False,True,False
Pigeonpea,Uttar Pradesh,Rae-Bareily,4,172.91,258.93,33.22,50.0,False,False,False
Pigeonpea,Uttar Pradesh,Rampur,4,505.53,432.58,-16.86,50.0,False,True,True
Pigeonpea,Uttar Pradesh,Saharanpur,4,59.45,0.0,0.0,0.0,False,True,False
Pigeonpea,Uttar Pradesh,Shahjahanpur,4,110.97,167.17,33.62,75.0,True,False,False
Pigeonpea,Uttar Pradesh,Sitapur,4,680.58,508.66,-33.8,50.0,False,True,True
Pigeonpea,Uttar Pradesh,Sultanpur,4,293.85,176.22,-66.75,50.0,False,True,False
Pigeonpea,Uttar Pradesh,Unnao,4,274.57,283.42,3.12,50.0,False,False,False
Pigeonpea,Uttar Pradesh,Varanasi,4,200.86,74.16,-170.85,0.0,False,True,False
Pigeonpea,Uttarakhand,Almorah,4,186.33,191.85,2.88,25.0,False,True,False
Pigeonpea,Uttarakhand,Chamoli,4,140.27,67.26,-108.55,0.0,False,True,False
Pigeonpea,Uttarakhand,Dehradun,4,93.86,111.39,15.74,75.0,True,False,False
Pigeonpea,Uttarakhand,Garhwal,4,104.51,200.59,47.9,100.0,True,False,False
Pigeonpea,Uttarakhand,Nainital,4,312.09,357.83,12.78,25.0,False,True,False
Pigeonpea,Uttarakhand,Pithorgarh,4,187.28,149.21,-25.51,50.0,False,True,False
Pigeonpea,Uttarakhand,Tehri Garhwal,4,228.79,197.76,-15.69,50.0,False,True,False
Pigeonpea,Uttarakhand,Uttar Kashi,4,142.28,159.4,10.74,50.0,False,False,False
Pigeonpea,West Bengal,24 Parganas,4,423.25,404.84,-4.55,25.0,False,True,False
Pigeonpea,West Bengal,Bankura,4,617.9,577.02,-7.08,50.0,False,False,True
Pigeonpea,West Bengal,Birbhum,4,551.34,580.05,4.95,50.0,False,False,True
Pigeonpea,West Bengal,Burdwan,4,397.03,189.03,-110.04,0.0,False,True,False
Pigeonpea,West Bengal,Cooch Behar,4,58.25,0.0,0.0,0.0,False,True,False
Pigeonpea,West Bengal,Darjeeling,4,413.3,351.1,-17.72,25.0,False,True,False
Pigeonpea,West Bengal,Hooghly,4,449.6,788.0,42.94,75.0,True,False,True
Pigeonpea,West Bengal,Howrah,4,58.25,0.0,0.0,0.0,False,True,False
Pigeonpea,West Bengal,Jalpaiguri,4,618.23,687.07,10.02,25.0,False,True,True
Pigeonpea,West Bengal,Malda,4,602.65,414.21,-45.49,25.0,False,True,True
Pigeonpea,West Bengal,Midnapur,4,431.94,330.93,-30.52,25.0,False,True,False
Pigeonpea,West Bengal,Murshidabad,4,670.9,567.51,-18.22,50.0,False,True,True
Pigeonpea,West Bengal,Nadia,4,418.39,390.4,-7.17,50.0,False,False,False
Pigeonpea,West Bengal,Purulia,4,161.25,287.39,43.89,75.0,True,False,False
Pigeonpea,West Bengal,West Dinajpur,4,411.23,195.83,-109.99,0.0,False,True,False
Wheat,Andhra Pradesh,Ananthapur,4,354.17,540.04,34.42,100.0,True,False,False
Wheat,Andhra Pradesh,Chittoor,4,26.11,0.0,0.0,0.0,False,True,False
Wheat,Andhra Pradesh,East Godavari,4,26.11,0.0,0.0,0.0,False,True,False
Wheat,Andhra Pradesh,Guntur,4,26.11,0.0,0.0,0.0,False,True,False
Wheat,Andhra Pradesh,Kadapa Ysr,4,777.25,571.74,-35.94,25.0,False,True,True
Wheat,Andhra Pradesh,Krishna,4,26.11,0.0,0.0,0.0,False,True,False
Wheat,Andhra Pradesh,Kurnool,4,676.31,590.14,-14.6,50.0,False,True,True
Wheat,Andhra Pradesh,S.P.S. Nellore,4,26.11,0.0,0.0,0.0,False,True,False
Wheat,Andhra Pradesh,Srikakulam,4,257.76,250.0,-3.1,25.0,False,True,False
Wheat,Andhra Pradesh,Visakhapatnam,4,257.76,250.0,-3.1,25.0,False,True,False
Wheat,Andhra Pradesh,West Godavari,4,182.76,175.0,-4.43,25.0,False,True,False
Wheat,Assam,Cachar,4,198.11,110.04,-80.03,25.0,False,True,False
Wheat,Assam,Darrang,4,109.39,137.22,20.28,75.0,True,False,False
Wheat,Assam,Dibrugarh,4,438.68,154.16,-184.56,25.0,False,True,False
Wheat,Assam,Goalpara,4,104.93,46.55,-125.41,25.0,False,True,False
Wheat,Assam,Kamrup,4,163.59,188.71,13.31,75.0,True,False,False
Wheat,Assam,Karbi Anglong,4,116.01,149.99,22.65,75.0,True,False,False
Wheat,Assam,Lakhimpur,4,262.76,261.36,-0.54,25.0,False,True,False
Wheat,Assam,Nagaon,4,71.92,75.2,4.36,50.0,False,False,False
Wheat,Assam,North Cachar Hil / Dima Hasao,4,576.1,475.0,-21.28,50.0,False,True,False
Wheat,Assam,Sibsagar,4,278.93,338.32,17.55,50.0,False,False,False
Wheat,Bihar,Bhagalpur,4,1043.38,733.82,-42.18,50.0,False,True,True
Wheat,Bihar,Champaran,4,638.43,711.79,10.31,75.0,True,False,False
Wheat,Bihar,Darbhanga,4,523.56,596.06,12.16,75.0,True,False,False
Wheat,Bihar,Gaya,4,257.07,253.96,-1.22,50.0,False,False,False
Wheat,Bihar,Mungair,4,567.35,695.78,18.46,75.0,True,False,False
Wheat,Bihar,Muzaffarpur,4,659.98,735.01,10.21,75.0,True,False,True
Wheat,Bihar,Patna,4,567.92,504.6,-12.55,50.0,False,True,False
Wheat,Bihar,Purnea,4,918.53,570.76,-60.93,0.0,False,True,True
Wheat,Bihar,Saharsa,4,253.3,349.88,27.6,50.0,False,False,False
Wheat,Bihar,Saran,4,762.83,728.86,-4.66,50.0,False,False,True
Wheat,Bihar,Shahabad (Now Part Of Bhojpur District),4,458.28,505.85,9.4,50.0,False,False,False
Wheat,Chhattisgarh,Bastar,4,232.38,258.51,10.11,75.0,True,False,False
Wheat,Chhattisgarh,Bilaspur,4,147.16,106.6,-38.05,50.0,False,True,False
Wheat,Chhattisgarh,Durg,4,105.57,68.6,-53.89,50.0,False,True,False
Wheat,Chhattisgarh,Raigarh,4,79.56,136.35,41.65,100.0,True,False,False
Wheat,Chhattisgarh,Raipur,4,180.42,204.05,11.58,50.0,False,False,False
Wheat,Chhattisgarh,Surguja,4,170.74,118.33,-44.29,25.0,False,True,False
Wheat,Gujarat,Ahmedabad,4,284.22,187.07,-51.93,25.0,False,True,False
Wheat,Gujarat,Amreli,4,351.72,237.02,-48.39,25.0,False,True,False
Wheat,Gujarat,Banaskantha,4,173.6,69.96,-148.14,25.0,False,True,False
Wheat,Gujarat,Bharuch,4,282.01,304.97,7.53,50.0,False,False,False
Wheat,Gujarat,Bhavnagar,4,429.84,337.21,-27.47,50.0,False,True,False
Wheat,Gujarat,Dangs,4,717.14,1345.06,46.68,100.0,True,False,True
Wheat,Gujarat,Jamnagar,4,546.16,367.55,-48.59,25.0,False,True,False
Wheat,Gujarat,Junagadh,4,239.82,133.11,-80.17,0.0,False,True,False
Wheat,Gujarat,Kheda,4,225.25,117.18,-92.23,25.0,False,True,False
Wheat,Gujarat,Kutch,4,76.64,153.25,49.99,75.0,True,False,False
Wheat,Gujarat,Mehsana,4,103.71,144.65,28.3,100.0,True,False,False
Wheat,Gujarat,Panchmahal,4,303.36,425.51,28.71,50.0,False,False,False
Wheat,Gujarat,Rajkot,4,167.07,272.67,38.73,50.0,False,False,False
Wheat,Gujarat,Sabarkantha,4,111.96,133.77,16.3,50.0,False,False,False
Wheat,Gujarat,Surat,4,439.62,318.3,-38.11,25.0,False,True,False
Wheat,Gujarat,Surendranagar,4,164.11,111.67,-46.96,50.0,False,True,False
Wheat,Gujarat,Vadodara / Baroda,4,294.96,167.83,-75.75,25.0,False,True,False
Wheat,Gujarat,Valsad,4,399.16,328.99,-21.33,50.0,False,True,False
Wheat,Haryana,Ambala,4,647.03,324.15,-99.61,50.0,False,True,False
Wheat,Haryana,Gurgaon,4,761.51,519.2,-46.67,50.0,False,True,True
Wheat,Haryana,Hissar,4,264.91,254.07,-4.27,75.0,False,False,False
Wheat,Haryana,Jind,4,890.47,498.78,-78.53,50.0,False,True,True
Wheat,Haryana,Karnal,4,517.46,335.78,-54.11,50.0,False,True,False
Wheat,Haryana,Mahendragarh / Narnaul,4,563.12,332.69,-69.26,25.0,False,True,False
Wheat,Haryana,Rohtak,4,720.02,597.65,-20.48,50.0,False,True,True
Wheat,Himachal Pradesh,Bilashpur,4,407.96,385.87,-5.72,50.0,False,False,False
Wheat,Himachal Pradesh,Chamba,4,702.77,766.47,8.31,75.0,True,False,True
Wheat,Himachal Pradesh,Kangra,4,425.47,429.79,1.01,75.0,False,False,False
Wheat,Himachal Pradesh,Kinnaur,4,413.01,418.5,1.31,50.0,False,False,False
Wheat,Himachal Pradesh,Kullu,4,90.19,128.1,29.59,50.0,False,False,False
Wheat,Himachal Pradesh,Lahul & Spiti,4,446.17,319.73,-39.55,0.0,False,True,False
Wheat,Himachal Pradesh,Mandi,4,578.27,558.53,-3.53,50.0,False,False,False
Wheat,Himachal Pradesh,Shimla,4,483.43,578.73,16.47,50.0,False,False,False
Wheat,Himachal Pradesh,Sirmaur,4,520.14,592.4,12.2,75.0,True,False,False
Wheat,Himachal Pradesh,Solan,4,600.21,643.08,6.67,75.0,True,False,False
Wheat,Jharkhand,Dhanbad,4,690.5,669.77,-3.1,50.0,False,False,True
Wheat,Jharkhand,Hazaribagh,4,738.25,703.85,-4.89,25.0,False,True,True
Wheat,Jharkhand,Palamau,4,694.39,492.44,-41.01,0.0,False,True,True
Wheat,Jharkhand,Ranchi,4,745.17,621.18,-19.96,0.0,False,True,True
Wheat,Jharkhand,Santhal Paragana / Dumka,4,738.55,614.27,-20.23,0.0,False,True,True
Wheat,Jharkhand,Singhbhum,4,827.34,668.01,-23.85,50.0,False,True,True
Wheat,Karnataka,Bangalore,4,289.83,237.5,-22.03,50.0,False,True,False
Wheat,Karnataka,Belgaum,4,384.39,384.08,-0.08,75.0,False,False,False
Wheat,Karnataka,Bellary,4,560.47,662.7,15.43,75.0,True,False,False
Wheat,Karnataka,Bidar,4,109.33,88.41,-23.66,25.0,False,True,False
Wheat,Karnataka,Bijapur / Vijayapura,4,210.99,211.21,0.1,75.0,False,False,False
Wheat,Karnataka,Chickmagalur,4,23.88,0.0,0.0,0.0,False,True,False
Wheat,Karnataka,Chitradurga,4,258.37,221.58,-16.6,50.0,False,True,False
Wheat,Karnataka,Dakshina Kannada,4,23.88,0.0,0.0,0.0,False,True,False
Wheat,Karnataka,Dharwad,4,414.34,300.61,-37.83,25.0,False,True,False
Wheat,Karnataka,Gulbarga / Kalaburagi,4,504.86,449.83,-12.23,50.0,False,True,False
Wheat,Karnataka,Hassan,4,23.88,0.0,0.0,0.0,False,True,False
Wheat,Karnataka,Kodagu / Coorg,4,23.88,0.0,0.0,0.0,False,True,False
Wheat,Karnataka,Kolar,4,23.88,0.0,0.0,0.0,False,True,False
Wheat,Karnataka,Mandya,4,23.88,0.0,0.0,0.0,False,True,False
Wheat,Karnataka,Mysore,4,23.88,0.0,0.0,0.0,False,True,False
Wheat,Karnataka,Raichur,4,545.11,373.3,-46.02,25.0,False,True,False
Wheat,Karnataka,Shimoge,4,23.88,0.0,0.0,0.0,False,True,False
Wheat,Karnataka,Tumkur,4,291.1,281.25,-3.5,25.0,False,True,False
Wheat,Karnataka,Uttara Kannada,4,23.88,0.0,0.0,0.0,False,True,False
Wheat,Kerala,Alappuzha,4,23.88,0.0,0.0,0.0,False,True,False
Wheat,Kerala,Eranakulam,4,279.85,458.33,38.94,50.0,False,False,False
Wheat,Kerala,Kannur,4,23.88,0.0,0.0,0.0,False,True,False
Wheat,Kerala,Kollam,4,23.88,0.0,0.0,0.0,False,True,False
Wheat,Kerala,Kottayam,4,279.85,458.33,38.94,50.0,False,False,False
Wheat,Kerala,Kozhikode,4,23.88,0.0,0.0,0.0,False,True,False
Wheat,Kerala,Malappuram,4,23.88,0.0,0.0,0.0,False,True,False
Wheat,Kerala,Palakkad,4,23.88,0.0,0.0,0.0,False,True,False
Wheat,Kerala,Thiruvananthapuram,4,23.88,0.0,0.0,0.0,False,True,False
Wheat,Kerala,Thrissur,4,23.88,0.0,0.0,0.0,False,True,False
Wheat,Madhya Pradesh,Balaghat,4,359.0,428.38,16.2,50.0,False,False,False
Wheat,Madhya Pradesh,Betul,4,221.28,172.63,-28.18,50.0,False,True,False
Wheat,Madhya Pradesh,Bhind,4,275.98,636.11,56.61,100.0,True,False,False
Wheat,Madhya Pradesh,Chhatarpur,4,545.99,356.83,-53.01,50.0,False,True,False
Wheat,Madhya Pradesh,Chhindwara,4,547.23,584.84,6.43,75.0,True,False,False
Wheat,Madhya Pradesh,Damoh,4,480.21,679.7,29.35,50.0,False,False,False
Wheat,Madhya Pradesh,Datia,4,342.83,314.73,-8.93,75.0,False,False,False
Wheat,Madhya Pradesh,Dewas,4,621.07,808.84,23.21,75.0,True,False,False
Wheat,Madhya Pradesh,Dhar,4,441.95,483.83,8.66,75.0,True,False,False
Wheat,Madhya Pradesh,Guna,4,133.13,349.91,61.95,75.0,True,False,False
Wheat,Madhya Pradesh,Gwalior,4,597.04,391.68,-52.43,0.0,False,True,False
Wheat,Madhya Pradesh,Hoshangabad,4,592.89,288.93,-105.2,25.0,False,True,False
Wheat,Madhya Pradesh,Indore,4,661.17,588.4,-12.37,50.0,False,True,True
Wheat,Madhya Pradesh,Jabalpur,4,349.42,529.95,34.07,75.0,True,False,False
Wheat,Madhya Pradesh,Jhabua,4,317.71,307.3,-3.39,50.0,False,False,False
Wheat,Madhya Pradesh,Khandwa / East Nimar,4,411.58,680.09,39.48,75.0,True,False,False
Wheat,Madhya Pradesh,Khargone / West Nimar,4,677.28,395.13,-71.41,25.0,False,True,True
Wheat,Madhya Pradesh,Mandla,4,359.32,676.34,46.87,75.0,True,False,False
Wheat,Madhya Pradesh,Mandsaur,4,309.96,209.54,-47.92,25.0,False,True,False
Wheat,Madhya Pradesh,Morena,4,491.73,471.12,-4.37,75.0,False,False,False
Wheat,Madhya Pradesh,Narsinghpur,4,950.49,522.99,-81.74,25.0,False,True,True
Wheat,Madhya Pradesh,Panna,4,440.86,559.0,21.13,75.0,True,False,False
Wheat,Madhya Pradesh,Raisen,4,541.45,324.17,-67.03,25.0,False,True,False
Wheat,Madhya Pradesh,Rajgarh,4,356.49,614.61,42.0,100.0,True,False,False
Wheat,Madhya Pradesh,Ratlam,4,285.24,284.74,-0.18,50.0,False,False,False
Wheat,Madhya Pradesh,Rewa,3,596.1,767.67,22.35,66.67,False,False,False
Wheat,Madhya Pradesh,Sagar,4,228.94,635.84,63.99,100.0,True,False,False
Wheat,Madhya Pradesh,Satna,4,272.75,533.29,48.86,75.0,True,False,False
Wheat,Madhya Pradesh,Sehore,4,609.46,480.3,-26.89,25.0,False,True,False
Wheat,Madhya Pradesh,Seoni / Shivani,4,379.03,453.75,16.47,75.0,True,False,False
Wheat,Madhya Pradesh,Shahdol,4,273.59,271.14,-0.9,25.0,False,True,False
Wheat,Madhya Pradesh,Shajapur,4,407.13,713.52,42.94,50.0,False,False,False
Wheat,Madhya Pradesh,Shivpuri,4,260.56,218.86,-19.05,75.0,False,True,False
Wheat,Madhya Pradesh,Sidhi,4,279.65,451.84,38.11,75.0,True,False,False
Wheat,Madhya Pradesh,Tikamgarh,4,531.36,342.82,-55.0,25.0,False,True,False
Wheat,Madhya Pradesh,Ujjain,4,461.02,664.57,30.63,75.0,True,False,False
Wheat,Madhya Pradesh,Vidisha,4,321.74,856.2,62.42,100.0,True,False,False
Wheat,Maharashtra,Ahmednagar,4,404.61,435.57,7.11,75.0,True,False,False
Wheat,Maharashtra,Akola,4,337.98,285.69,-18.3,50.0,False,True,False
Wheat,Maharashtra,Amarawati,4,391.33,339.69,-15.2,50.0,False,True,False
Wheat,Maharashtra,Aurangabad,4,641.68,398.54,-61.01,25.0,False,True,False
Wheat,Maharashtra,Beed,4,626.5,513.01,-22.12,50.0,False,True,False
Wheat,Maharashtra,Bhandara,4,148.03,65.81,-124.94,25.0,False,True,False
Wheat,Maharashtra,Buldhana,4,408.41,315.11,-29.61,50.0,False,True,False
Wheat,Maharashtra,Chandrapur,4,301.24,261.45,-15.22,25.0,False,True,False
Wheat,Maharashtra,Dhule,4,237.37,256.13,7.32,50.0,False,False,False
Wheat,Maharashtra,Jalgaon,4,390.9,367.21,-6.45,75.0,False,False,False
Wheat,Maharashtra,Kolhapur,4,57.96,88.93,34.83,25.0,False,True,False
Wheat,Maharashtra,Nagpur,4,418.03,329.46,-26.88,25.0,False,True,False
Wheat,Maharashtra,Nanded,4,502.39,443.56,-13.26,50.0,False,True,False
Wheat,Maharashtra,Nasik,4,439.07,360.58,-21.77,50.0,False,True,False
Wheat,Maharashtra,Osmanabad,4,848.64,613.19,-38.4,25.0,False,True,True
Wheat,Maharashtra,Parbhani,4,594.45,479.33,-24.02,50.0,False,True,False
Wheat,Maharashtra,Pune,4,354.73,429.03,17.32,75.0,True,False,False
Wheat,Maharashtra,Raigad,4,501.45,341.67,-46.76,25.0,False,True,False
Wheat,Maharashtra,Ratnagiri,4,31.98,0.0,0.0,0.0,False,True,False
Wheat,Maharashtra,Sangli,4,318.08,302.05,-5.31,25.0,False,True,False
Wheat,Maharashtra,Satara,4,183.49,200.79,8.62,75.0,True,False,False
Wheat,Maharashtra,Solapur,4,382.51,292.17,-30.92,25.0,False,True,False
Wheat,Maharashtra,Thane,4,827.32,1032.61,19.88,75.0,True,False,True
Wheat,Maharashtra,Wardha,4,90.25,116.29,22.39,50.0,False,False,False
Wheat,Maharashtra,Yeotmal,4,309.89,274.37,-12.95,50.0,False,True,False
Wheat,Orissa,Balasore,4,100.08,103.5,3.3,75.0,False,False,False
Wheat,Orissa,Bolangir,4,77.77,53.85,-44.42,25.0,False,True,False
Wheat,Orissa,Cuttack,4,48.16,134.61,64.22,100.0,True,False,False
Wheat,Orissa,Dhenkanal,4,121.95,48.14,-153.32,25.0,False,True,False
Wheat,Orissa,Ganjam,4,596.78,194.65,-206.59,0.0,False,True,False
Wheat,Orissa,Kalahandi,4,112.4,127.12,11.58,50.0,False,False,False
Wheat,Orissa,Keonjhar,4,85.7,87.84,2.44,50.0,False,False,False
Wheat,Orissa,Koraput,4,69.32,81.21,14.64,50.0,False,False,False
Wheat,Orissa,Mayurbhanja,4,79.09,85.85,7.87,50.0,False,False,False
Wheat,Orissa,Phulbani ( Kandhamal ),4,101.07,60.73,-66.43,50.0,False,True,False
Wheat,Orissa,Puri,4,151.86,128.14,-18.51,50.0,False,True,False
Wheat,Orissa,Sambalpur,4,50.01,76.26,34.42,50.0,False,False,False
Wheat,Orissa,Sundargarh,4,52.92,54.74,3.32,25.0,False,True,False
Wheat,Punjab,Amritsar,4,473.42,330.53,-43.23,50.0,False,True,False
Wheat,Punjab,Bhatinda,4,293.61,313.12,6.23,75.0,True,False,False
Wheat,Punjab,Ferozpur,4,367.1,330.87,-10.95,75.0,False,True,False
Wheat,Punjab,Gurdaspur,4,868.56,542.51,-60.1,50.0,False,True,True
Wheat,Punjab,Hoshiarpur,4,629.16,296.98,-111.85,50.0,False,True,False
Wheat,Punjab,Jalandhar,4,643.62,405.85,-58.59,25.0,False,True,False
Wheat,Punjab,Kapurthala,4,662.42,476.55,-39.0,50.0,False,True,True
Wheat,Punjab,Ludhiana,4,486.35,351.04,-38.55,25.0,False,True,False
Wheat,Punjab,Patiala,4,618.77,433.12,-42.86,50.0,False,True,False
Wheat,Punjab,Roopnagar / Ropar,4,596.13,345.14,-72.72,50.0,False,True,False
Wheat,Punjab,Sangrur,3,494.77,451.06,-9.69,66.67,False,False,False
Wheat,Rajasthan,Ajmer,4,699.25,492.04,-42.11,25.0,False,True,True
Wheat,Rajasthan,Alwar,4,624.22,420.29,-48.52,25.0,False,True,False
Wheat,Rajasthan,Banswara,4,130.69,122.28,-6.88,25.0,False,True,False
Wheat,Rajasthan,Barmer,4,210.47,182.64,-15.24,50.0,False,True,False
Wheat,Rajasthan,Bharatpur,4,626.1,424.47,-47.5,25.0,False,True,False
Wheat,Rajasthan,Bhilwara,4,891.83,531.95,-67.65,0.0,False,True,True
Wheat,Rajasthan,Bikaner,4,386.89,199.1,-94.32,0.0,False,True,False
Wheat,Rajasthan,Bundi,4,1083.21,835.17,-29.7,25.0,False,True,True
Wheat,Rajasthan,Chittorgarh,4,740.63,490.08,-51.12,25.0,False,True,True
Wheat,Rajasthan,Churu,4,274.19,302.76,9.44,25.0,False,True,False
Wheat,Rajasthan,Dungarpur,4,222.69,177.49,-25.47,25.0,False,True,False
Wheat,Rajasthan,Ganganagar,4,348.03,248.49,-40.06,50.0,False,True,False
Wheat,Rajasthan,Jaipur,4,364.71,233.74,-56.03,25.0,False,True,False
Wheat,Rajasthan,Jaisalmer,4,271.23,286.57,5.35,50.0,False,False,False
Wheat,Rajasthan,Jalore,4,160.05,81.73,-95.83,25.0,False,True,False
Wheat,Rajasthan,Jhalawar,4,438.65,375.33,-16.87,50.0,False,True,False
Wheat,Rajasthan,Jhunjhunu,4,263.19,267.05,1.45,50.0,False,False,False
Wheat,Rajasthan,Jodhpur,4,404.2,230.28,-75.53,25.0,False,True,False
Wheat,Rajasthan,Kota,4,674.47,593.46,-13.65,50.0,False,True,True
Wheat,Rajasthan,Nagaur,4,345.23,168.48,-104.91,0.0,False,True,False
Wheat,Rajasthan,Pali,4,762.93,325.37,-134.48,0.0,False,True,True
Wheat,Rajasthan,Sikar,4,442.49,239.89,-84.46,50.0,False,True,False
Wheat,Rajasthan,Sirohi,4,445.75,250.91,-77.65,0.0,False,True,False
Wheat,Rajasthan,Swami Madhopur,4,427.03,300.37,-42.17,50.0,False,True,False
Wheat,Rajasthan,Tonk,4,878.22,508.96,-72.55,25.0,False,True,True
Wheat,Rajasthan,Udaipur,4,428.5,221.28,-93.65,25.0,False,True,False
Wheat,Tamil Nadu,Chengalpattu Mgr / Kanchipuram,4,42.63,0.0,0.0,0.0,False,True,False
Wheat,Tamil Nadu,Coimbatore,4,42.63,0.0,0.0,0.0,False,True,False
Wheat,Tamil Nadu,Kanyakumari,3,48.49,0.0,0.0,0.0,False,True,False
Wheat,Tamil Nadu,Madurai,4,42.63,0.0,0.0,0.0,False,True,False
Wheat,Tamil Nadu,North Arcot / Vellore,3,48.49,0.0,0.0,0.0,False,True,False
Wheat,Tamil Nadu,Ramananthapuram,4,42.63,0.0,0.0,0.0,False,True,False
Wheat,Tamil Nadu,South Arcot / Cuddalore,4,42.63,0.0,0.0,0.0,False,True,False
Wheat,Tamil Nadu,Thanjavur,4,42.63,0.0,0.0,0.0,False,True,False
Wheat,Tamil Nadu,The Nilgiris,3,32.46,0.0,0.0,0.0,False,True,False
Wheat,Tamil Nadu,Thirunelveli,3,48.49,0.0,0.0,0.0,False,True,False
Wheat,Tamil Nadu,Tiruchirapalli / Trichy,3,48.49,0.0,0.0,0.0,False,True,False
Wheat,Telangana,Adilabad,4,1442.24,1153.83,-25.0,0.0,False,True,True
Wheat,Telangana,Hyderabad,4,1179.81,887.49,-32.94,0.0,False,True,True
Wheat,Telangana,Karimnagar,4,557.9,699.85,20.28,75.0,True,False,False
Wheat,Telangana,Khammam,4,53.45,0.0,0.0,0.0,False,True,False
Wheat,Telangana,Mahabubnagar,4,592.19,764.86,22.58,75.0,True,False,False
Wheat,Telangana,Medak,4,235.5,215.88,-9.09,25.0,False,True,False
Wheat,Telangana,Nalgonda,4,569.08,350.0,-62.59,25.0,False,True,False
Wheat,Telangana,Nizamabad,4,507.61,532.74,4.72,75.0,False,False,False
Wheat,Telangana,Warangal,4,398.98,591.52,32.55,50.0,False,False,False
Wheat,Uttar Pradesh,Agra,4,901.61,680.42,-32.51,50.0,False,True,True
Wheat,Uttar Pradesh,Aligarh,4,906.23,650.87,-39.23,25.0,False,True,True
Wheat,Uttar Pradesh,Allahabad,4,733.18,893.5,17.94,50.0,False,False,True
Wheat,Uttar Pradesh,Azamgarh,4,656.63,568.0,-15.6,25.0,False,True,True
Wheat,Uttar Pradesh,Bahraich,4,463.98,439.98,-5.45,50.0,False,False,False
Wheat,Uttar Pradesh,Ballia,4,905.59,681.09,-32.96,50.0,False,True,True
Wheat,Uttar Pradesh,Banda,4,858.35,781.37,-9.85,50.0,False,False,True
Wheat,Uttar Pradesh,Barabanki,4,807.71,668.58,-20.81,50.0,False,True,True
Wheat,Uttar Pradesh,Bareilly,4,942.51,702.84,-34.1,50.0,False,True,True
Wheat,Uttar Pradesh,Basti,4,611.59,563.1,-8.61,25.0,False,True,False
Wheat,Uttar Pradesh,Bijnor,4,477.45,387.66,-23.16,50.0,False,True,False
Wheat,Uttar Pradesh,Budaun,4,669.78,606.38,-10.46,50.0,False,True,True
Wheat,Uttar Pradesh,Buland Shahar,4,1065.86,630.81,-68.97,50.0,False,True,True
Wheat,Uttar Pradesh,Deoria,4,750.18,644.99,-16.31,50.0,False,True,True
Wheat,Uttar Pradesh,Etah,4,811.67,751.4,-8.02,50.0,False,False,True
Wheat,Uttar Pradesh,Etawah,4,1234.86,767.66,-60.86,50.0,False,True,True
Wheat,Uttar Pradesh,Faizabad,4,755.17,630.47,-19.78,50.0,False,True,True
Wheat,Uttar Pradesh,Farrukhabad,4,1154.44,957.34,-20.59,50.0,False,True,True
Wheat,Uttar Pradesh,Fatehpur,4,821.34,741.34,-10.79,75.0,False,True,True
Wheat,Uttar Pradesh,Ghazipur,4,756.29,553.7,-36.59,25.0,False,True,True
Wheat,Uttar Pradesh,Gonda,4,468.01,333.43,-40.36,50.0,False,True,False
Wheat,Uttar Pradesh,Gorakhpur,4,837.15,806.94,-3.74,25.0,False,True,True
Wheat,Uttar Pradesh,Hamirpur,4,680.48,772.07,11.86,75.0,True,False,True
Wheat,Uttar Pradesh,Hardoi,4,662.36,597.38,-10.88,50.0,False,True,True
Wheat,Uttar Pradesh,Jalaun,4,939.18,1184.1,20.68,75.0,True,False,True
Wheat,Uttar Pradesh,Jaunpur,4,743.0,604.6,-22.89,50.0,False,True,True
Wheat,Uttar Pradesh,Jhansi,4,581.63,588.83,1.22,50.0,False,False,False
Wheat,Uttar Pradesh,Kanpur,4,1220.56,1185.61,-2.95,50.0,False,False,True
Wheat,Uttar Pradesh,Kheri,4,810.15,522.47,-55.06,25.0,False,True,True
Wheat,Uttar Pradesh,Lucknow,4,658.0,596.66,-10.28,50.0,False,True,True
Wheat,Uttar Pradesh,Mainpuri,4,948.66,700.62,-35.4,25.0,False,True,True
Wheat,Uttar Pradesh,Mathura,4,1187.95,661.0,-79.72,25.0,False,True,True
Wheat,Uttar Pradesh,Meerut,4,985.67,493.67,-99.66,25.0,False,True,True
Wheat,Uttar Pradesh,Mirzpur,4,450.83,520.69,13.42,50.0,False,False,False
Wheat,Uttar Pradesh,Moradabad,4,867.63,688.45,-26.03,50.0,False,True,True
Wheat,Uttar Pradesh,Muzaffarnagar,4,888.14,549.46,-61.64,50.0,False,True,True
Wheat,Uttar Pradesh,Pilibhit,4,910.92,750.34,-21.4,50.0,False,True,True
Wheat,Uttar Pradesh,Pratapgarh,4,722.63,762.96,5.29,50.0,False,False,True
Wheat,Uttar Pradesh,Rae-Bareily,4,693.66,850.97,18.49,75.0,True,False,True
Wheat,Uttar Pradesh,Rampur,4,1168.0,898.69,-29.97,25.0,False,True,True
Wheat,Uttar Pradesh,Saharanpur,4,907.13,676.38,-34.12,50.0,False,True,True
Wheat,Uttar Pradesh,Shahjahanpur,4,1284.55,839.87,-52.95,50.0,False,True,True
Wheat,Uttar Pradesh,Sitapur,4,835.49,679.0,-23.05,50.0,False,True,True
Wheat,Uttar Pradesh,Sultanpur,4,664.67,627.78,-5.88,50.0,False,False,True
Wheat,Uttar Pradesh,Unnao,4,606.81,645.51,6.0,75.0,True,False,False
Wheat,Uttar Pradesh,Varanasi,4,673.07,798.77,15.74,50.0,False,False,True
Wheat,Uttarakhand,Almorah,4,306.09,276.55,-10.68,25.0,False,True,False
Wheat,Uttarakhand,Chamoli,4,174.39,170.08,-2.53,25.0,False,True,False
Wheat,Uttarakhand,Dehradun,4,461.3,401.44,-14.91,50.0,False,True,False
Wheat,Uttarakhand,Garhwal,4,106.71,171.55,37.8,50.0,False,False,False
Wheat,Uttarakhand,Nainital,4,787.85,505.01,-56.01,50.0,False,True,True
Wheat,Uttarakhand,Pithorgarh,4,246.78,253.97,2.83,50.0,False,False,False
Wheat,Uttarakhand,Tehri Garhwal,4,179.31,203.89,12.06,75.0,True,False,False
Wheat,Uttarakhand,Uttar Kashi,4,147.0,111.62,-31.7,25.0,False,True,False
Wheat,West Bengal,24 Parganas,4,567.33,477.13,-18.9,25.0,False,True,False
Wheat,West Bengal,Bankura,4,429.65,360.45,-19.2,25.0,False,True,False
Wheat,West Bengal,Birbhum,4,65.15,56.12,-16.09,50.0,False,True,False
Wheat,West Bengal,Burdwan,4,264.41,263.88,-0.2,75.0,False,False,False
Wheat,West Bengal,Cooch Behar,4,559.73,474.88,-17.87,25.0,False,True,False
Wheat,West Bengal,Darjeeling,4,406.41,438.86,7.39,75.0,True,False,False
Wheat,West Bengal,Hooghly,4,900.08,550.46,-63.51,25.0,False,True,True
Wheat,West Bengal,Howrah,4,263.4,411.41,35.98,75.0,True,False,False
Wheat,West Bengal,Jalpaiguri,4,381.41,398.05,4.18,50.0,False,False,False
Wheat,West Bengal,Malda,4,179.5,178.46,-0.58,50.0,False,False,False
Wheat,West Bengal,Midnapur,4,313.41,272.67,-14.94,50.0,False,True,False
Wheat,West Bengal,Murshidabad,4,259.33,359.26,27.82,50.0,False,False,False
Wheat,West Bengal,Nadia,4,1027.82,1046.68,1.8,50.0,False,False,True
Wheat,West Bengal,Purulia,4,325.54,289.27,-12.54,50.0,False,True,False
Wheat,West Bengal,West Dinajpur,4,265.33,231.94,-14.4,25.0,False,True,False
Oilseeds,Andhra Pradesh,Ananthapur,4,471.51,358.79,-31.42,25.0,False,True,False
Oilseeds,Andhra Pradesh,Chittoor,4,668.13,510.19,-30.96,50.0,False,True,False
Oilseeds,Andhra Pradesh,East Godavari,4,4335.2,3698.18,-17.23,50.0,False,True,True
Oilseeds,Andhra Pradesh,Guntur,4,230.57,324.3,28.9,75.0,True,False,False
Oilseeds,Andhra Pradesh,Kadapa Ysr,4,601.09,320.54,-87.52,25.0,False,True,False
Oilseeds,Andhra Pradesh,Krishna,4,4307.27,2633.78,-63.54,25.0,False,True,True
Oilseeds,Andhra Pradesh,Kurnool,4,375.92,209.84,-79.15,75.0,False,True,False
Oilseeds,Andhra Pradesh,S.P.S. Nellore,4,569.05,445.33,-27.78,50.0,False,True,False
Oilseeds,Andhra Pradesh,Srikakulam,4,665.69,466.32,-42.75,50.0,False,True,False
Oilseeds,Andhra Pradesh,Visakhapatnam,4,983.82,550.12,-78.84,25.0,False,True,True
Oilseeds,Andhra Pradesh,West Godavari,4,3916.49,3192.31,-22.69,25.0,False,True,True
Oilseeds,Assam,Cachar,4,257.06,423.66,39.32,75.0,True,False,False
Oilseeds,Assam,Darrang,4,178.12,474.4,62.45,100.0,True,False,False
Oilseeds,Assam,Dibrugarh,4,190.18,530.69,64.16,100.0,True,False,False
Oilseeds,Assam,Goalpara,4,187.13,487.4,61.61,100.0,True,False,False
Oilseeds,Assam,Kamrup,4,224.49,436.59,48.58,100.0,True,False,False
Oilseeds,Assam,Karbi Anglong,4,177.13,414.77,57.29,100.0,True,False,False
Oilseeds,Assam,Lakhimpur,4,256.01,659.45,61.18,75.0,True,False,False
Oilseeds,Assam,Nagaon,4,217.87,466.85,53.33,100.0,True,False,False
Oilseeds,Assam,North Cachar Hil / Dima Hasao,4,181.63,391.93,53.66,75.0,True,False,False
Oilseeds,Assam,Sibsagar,4,171.36,485.28,64.69,100.0,True,False,False
Oilseeds,Bihar,Bhagalpur,4,534.39,901.12,40.7,100.0,True,False,False
Oilseeds,Bihar,Champaran,4,496.13,783.9,36.71,100.0,True,False,False
Oilseeds,Bihar,Darbhanga,4,510.2,744.94,31.51,100.0,True,False,False
Oilseeds,Bihar,Gaya,4,363.01,753.12,51.8,100.0,True,False,False
Oilseeds,Bihar,Mungair,4,605.18,1122.93,46.11,100.0,True,False,False
Oilseeds,Bihar,Muzaffarpur,4,503.12,921.18,45.38,100.0,True,False,False
Oilseeds,Bihar,Patna,4,772.03,1391.66,44.52,100.0,True,False,True
Oilseeds,Bihar,Purnea,4,571.34,923.3,38.12,100.0,True,False,False
Oilseeds,Bihar,Saharsa,4,568.4,942.89,39.72,100.0,True,False,False
Oilseeds,Bihar,Saran,4,578.8,862.83,32.92,100.0,True,False,False
Oilseeds,Bihar,Shahabad (Now Part Of Bhojpur District),4,428.42,754.0,43.18,100.0,True,False,False
Oilseeds,Chhattisgarh,Bastar,4,266.48,109.25,-143.92,25.0,False,True,False
Oilseeds,Chhattisgarh,Bilaspur,4,248.25,240.92,-3.04,75.0,False,False,False
Oilseeds,Chhattisgarh,Durg,4,455.2,235.62,-93.19,0.0,False,True,False
Oilseeds,Chhattisgarh,Raigarh,4,228.37,216.61,-5.43,75.0,False,False,False
Oilseeds,Chhattisgarh,Raipur,4,220.29,353.28,37.64,75.0,True,False,False
Oilseeds,Chhattisgarh,Surguja,4,249.72,189.56,-31.74,50.0,False,True,False
Oilseeds,Gujarat,Ahmedabad,4,556.6,578.03,3.71,50.0,False,False,False
Oilseeds,Gujarat,Amreli,4,1346.06,1096.97,-22.71,50.0,False,True,True
Oilseeds,Gujarat,Banaskantha,4,853.84,933.24,8.51,50.0,False,False,True
Oilseeds,Gujarat,Bharuch,4,834.81,397.07,-110.24,0.0,False,True,True
Oilseeds,Gujarat,Bhavnagar,4,569.75,958.65,40.57,100.0,True,False,False
Oilseeds,Gujarat,Dangs,4,1227.95,1217.02,-0.9,75.0,False,False,True
Oilseeds,Gujarat,Jamnagar,4,1183.01,904.52,-30.79,50.0,False,True,True
Oilseeds,Gujarat,Junagadh,4,1443.23,1489.86,3.13,50.0,False,False,True
Oilseeds,Gujarat,Kheda,4,517.19,638.4,18.99,100.0,True,False,False
Oilseeds,Gujarat,Kutch,4,559.16,631.27,11.42,50.0,False,False,False
Oilseeds,Gujarat,Mehsana,4,820.51,812.23,-1.02,50.0,False,False,True
Oilseeds,Gujarat,Panchmahal,4,590.51,252.6,-133.77,0.0,False,True,False
Oilseeds,Gujarat,Rajkot,4,1155.84,844.84,-36.81,75.0,False,True,True
Oilseeds,Gujarat,Sabarkantha,4,829.45,950.6,12.74,75.0,True,False,True
Oilseeds,Gujarat,Surat,4,510.25,316.59,-61.17,0.0,False,True,False
Oilseeds,Gujarat,Surendranagar,4,728.62,620.01,-17.52,25.0,False,True,True
Oilseeds,Gujarat,Vadodara / Baroda,4,562.96,560.6,-0.42,75.0,False,False,False
Oilseeds,Gujarat,Valsad,4,566.47,1457.34,61.13,100.0,True,False,False
Oilseeds,Haryana,Ambala,4,240.45,140.57,-71.05,25.0,False,True,False
Oilseeds,Haryana,Gurgaon,4,525.36,533.09,1.45,75.0,False,False,False
Oilseeds,Haryana,Hissar,4,360.71,138.43,-160.57,0.0,False,True,False
Oilseeds,Haryana,Jind,4,526.07,601.91,12.6,50.0,False,False,False
Oilseeds,Haryana,Karnal,4,1119.69,1596.33,29.86,100.0,True,False,True
Oilseeds,Haryana,Mahendragarh / Narnaul,4,483.01,125.12,-286.04,25.0,False,True,False
Oilseeds,Haryana,Rohtak,4,423.91,297.77,-42.36,25.0,False,True,False
Oilseeds,Himachal Pradesh,Bilashpur,4,353.99,630.1,43.82,75.0,True,False,False
Oilseeds,Himachal Pradesh,Chamba,4,236.71,274.83,13.87,50.0,False,False,False
Oilseeds,Himachal Pradesh,Kangra,4,189.94,401.6,52.7,100.0,True,False,False
Oilseeds,Himachal Pradesh,Kinnaur,3,53.73,0.0,0.0,0.0,False,True,False
Oilseeds,Himachal Pradesh,Kullu,4,883.66,1491.26,40.74,100.0,True,False,True
Oilseeds,Himachal Pradesh,Lahul & Spiti,4,330.94,727.78,54.53,75.0,True,False,False
Oilseeds,Himachal Pradesh,Mandi,4,439.02,425.2,-3.25,50.0,False,False,False
Oilseeds,Himachal Pradesh,Shimla,4,271.32,194.38,-39.58,25.0,False,True,False
Oilseeds,Himachal Pradesh,Sirmaur,4,191.47,435.71,56.06,75.0,True,False,False
Oilseeds,Himachal Pradesh,Solan,4,153.0,371.76,58.84,100.0,True,False,False
Oilseeds,Jharkhand,Dhanbad,4,671.25,408.8,-64.2,25.0,False,True,False
Oilseeds,Jharkhand,Hazaribagh,4,341.51,312.95,-9.13,25.0,False,True,False
Oilseeds,Jharkhand,Palamau,4,314.51,473.57,33.59,100.0,True,False,False
Oilseeds,Jharkhand,Ranchi,4,262.28,397.32,33.99,75.0,True,False,False
Oilseeds,Jharkhand,Santhal Paragana / Dumka,4,302.9,393.31,22.99,75.0,True,False,False
Oilseeds,Jharkhand,Singhbhum,4,411.29,319.33,-28.8,50.0,False,True,False
Oilseeds,Karnataka,Bangalore,4,356.49,292.23,-21.99,25.0,False,True,False
Oilseeds,Karnataka,Belgaum,4,364.58,274.25,-32.94,25.0,False,True,False
Oilseeds,Karnataka,Bellary,4,379.72,341.71,-11.12,50.0,False,True,False
Oilseeds,Karnataka,Bidar,4,596.23,386.39,-54.31,25.0,False,True,False
Oilseeds,Karnataka,Bijapur / Vijayapura,4,282.0,212.21,-32.89,25.0,False,True,False
Oilseeds,Karnataka,Chickmagalur,4,235.15,193.77,-21.36,25.0,False,True,False
Oilseeds,Karnataka,Chitradurga,4,289.14,207.1,-39.61,25.0,False,True,False
Oilseeds,Karnataka,Dakshina Kannada,4,692.38,469.66,-47.42,25.0,False,True,False
Oilseeds,Karnataka,Dharwad,4,315.24,285.05,-10.59,50.0,False,True,False
Oilseeds,Karnataka,Gulbarga / Kalaburagi,4,292.61,241.32,-21.25,25.0,False,True,False
Oilseeds,Karnataka,Hassan,4,269.8,161.81,-66.74,0.0,False,True,False
Oilseeds,Karnataka,Kodagu / Coorg,4,415.2,52.44,-691.76,25.0,False,True,False
Oilseeds,Karnataka,Kolar,4,330.47,203.46,-62.43,25.0,False,True,False
Oilseeds,Karnataka,Mandya,4,231.7,120.38,-92.47,25.0,False,True,False
Oilseeds,Karnataka,Mysore,4,253.34,172.36,-46.98,25.0,False,True,False
Oilseeds,Karnataka,Raichur,4,299.18,268.69,-11.35,50.0,False,True,False
Oilseeds,Karnataka,Shimoge,4,597.55,422.28,-41.51,25.0,False,True,False
Oilseeds,Karnataka,Tumkur,4,256.22,203.07,-26.17,50.0,False,True,False
Oilseeds,Karnataka,Uttara Kannada,4,701.73,676.64,-3.71,25.0,False,True,True
Oilseeds,Kerala,Alappuzha,4,9.46,0.0,0.0,0.0,False,True,False
Oilseeds,Kerala,Eranakulam,4,8.74,0.0,0.0,0.0,False,True,False
Oilseeds,Kerala,Kannur,4,13.1,0.0,0.0,0.0,False,True,False
Oilseeds,Kerala,Kollam,4,11.82,0.0,0.0,0.0,False,True,False
Oilseeds,Kerala,Kottayam,4,8.8,0.0,0.0,0.0,False,True,False
Oilseeds,Kerala,Kozhikode,4,13.1,0.0,0.0,0.0,False,True,False
Oilseeds,Kerala,Malappuram,4,13.1,0.0,0.0,0.0,False,True,False
Oilseeds,Kerala,Palakkad,4,10.95,0.0,0.0,0.0,False,True,False
Oilseeds,Kerala,Thiruvananthapuram,4,9.19,0.0,0.0,0.0,False,True,False
Oilseeds,Kerala,Thrissur,4,13.1,0.0,0.0,0.0,False,True,False
Oilseeds,Madhya Pradesh,Balaghat,4,219.08,400.91,45.35,100.0,True,False,False
Oilseeds,Madhya Pradesh,Betul,4,684.71,835.8,18.08,75.0,True,False,False
Oilseeds,Madhya Pradesh,Bhind,4,318.11,496.61,35.94,75.0,True,False,False
Oilseeds,Madhya Pradesh,Chhatarpur,4,397.19,737.91,46.17,100.0,True,False,False
Oilseeds,Madhya Pradesh,Chhindwara,4,301.19,400.08,24.72,75.0,True,False,False
Oilseeds,Madhya Pradesh,Damoh,4,466.2,693.96,32.82,75.0,True,False,False
Oilseeds,Madhya Pradesh,Datia,4,209.43,384.58,45.54,100.0,True,False,False
Oilseeds,Madhya Pradesh,Dewas,4,401.25,375.13,-6.96,50.0,False,False,False
Oilseeds,Madhya Pradesh,Dhar,4,432.83,723.2,40.15,75.0,True,False,False
Oilseeds,Madhya Pradesh,Guna,4,266.09,446.61,40.42,75.0,True,False,False
Oilseeds,Madhya Pradesh,Gwalior,4,374.73,373.29,-0.39,50.0,False,False,False
Oilseeds,Madhya Pradesh,Hoshangabad,4,509.87,716.15,28.8,100.0,True,False,False
Oilseeds,Madhya Pradesh,Indore,4,304.73,400.48,23.91,75.0,True,False,False
Oilseeds,Madhya Pradesh,Jabalpur,4,260.37,569.81,54.31,100.0,True,False,False
Oilseeds,Madhya Pradesh,Jhabua,4,302.41,810.23,62.68,100.0,True,False,False
Oilseeds,Madhya Pradesh,Khandwa / East Nimar,4,290.18,566.43,48.77,100.0,True,False,False
Oilseeds,Madhya Pradesh,Khargone / West Nimar,4,480.88,879.98,45.35,75.0,True,False,False
Oilseeds,Madhya Pradesh,Mandla,4,225.27,462.8,51.32,100.0,True,False,False
Oilseeds,Madhya Pradesh,Mandsaur,4,324.77,422.07,23.05,50.0,False,False,False
Oilseeds,Madhya Pradesh,Morena,4,290.47,425.45,31.73,50.0,False,False,False
Oilseeds,Madhya Pradesh,Narsinghpur,4,247.5,431.38,42.63,100.0,True,False,False
Oilseeds,Madhya Pradesh,Panna,4,338.0,525.23,35.65,100.0,True,False,False
Oilseeds,Madhya Pradesh,Raisen,4,411.13,706.83,41.83,100.0,True,False,False
Oilseeds,Madhya Pradesh,Rajgarh,4,418.05,652.95,35.98,100.0,True,False,False
Oilseeds,Madhya Pradesh,Ratlam,4,238.64,357.75,33.29,50.0,False,False,False
Oilseeds,Madhya Pradesh,Rewa,3,307.07,612.8,49.89,100.0,True,False,False
Oilseeds,Madhya Pradesh,Sagar,4,433.53,528.64,17.99,75.0,True,False,False
Oilseeds,Madhya Pradesh,Satna,4,771.61,1119.62,31.08,100.0,True,False,True
Oilseeds,Madhya Pradesh,Sehore,4,397.42,478.99,17.03,75.0,True,False,False
Oilseeds,Madhya Pradesh,Seoni / Shivani,4,360.9,562.04,35.79,100.0,True,False,False
Oilseeds,Madhya Pradesh,Shahdol,4,254.47,543.64,53.19,100.0,True,False,False
Oilseeds,Madhya Pradesh,Shajapur,4,365.24,496.82,26.48,75.0,True,False,False
Oilseeds,Madhya Pradesh,Shivpuri,4,394.48,736.33,46.43,100.0,True,False,False
Oilseeds,Madhya Pradesh,Sidhi,4,200.62,441.19,54.53,100.0,True,False,False
Oilseeds,Madhya Pradesh,Tikamgarh,4,439.53,737.72,40.42,100.0,True,False,False
Oilseeds,Madhya Pradesh,Ujjain,4,286.05,260.95,-9.62,50.0,False,False,False
Oilseeds,Madhya Pradesh,Vidisha,4,361.93,449.71,19.52,50.0,False,False,False
Oilseeds,Maharashtra,Ahmednagar,4,400.81,202.79,-97.65,0.0,False,True,False
Oilseeds,Maharashtra,Akola,4,517.13,341.93,-51.24,25.0,False,True,False
Oilseeds,Maharashtra,Amarawati,4,460.92,261.41,-76.32,25.0,False,True,False
Oilseeds,Maharashtra,Aurangabad,4,499.48,265.46,-88.16,0.0,False,True,False
Oilseeds,Maharashtra,Beed,4,610.88,355.83,-71.68,25.0,False,True,False
Oilseeds,Maharashtra,Bhandara,4,218.44,76.09,-187.08,25.0,False,True,False
Oilseeds,Maharashtra,Buldhana,4,448.0,322.31,-39.0,25.0,False,True,False
Oilseeds,Maharashtra,Chandrapur,4,201.51,187.63,-7.4,50.0,False,False,False
Oilseeds,Maharashtra,Dhule,4,278.24,271.57,-2.46,50.0,False,False,False
Oilseeds,Maharashtra,Jalgaon,4,324.69,421.26,22.92,75.0,True,False,False
Oilseeds,Maharashtra,Kolhapur,4,564.65,644.63,12.41,75.0,True,False,False
Oilseeds,Maharashtra,Nagpur,4,263.73,176.88,-49.1,0.0,False,True,False
Oilseeds,Maharashtra,Nanded,4,569.25,262.67,-116.72,0.0,False,True,False
Oilseeds,Maharashtra,Nasik,4,292.79,523.52,44.07,100.0,True,False,False
Oilseeds,Maharashtra,Osmanabad,4,576.24,425.57,-35.4,25.0,False,True,False
Oilseeds,Maharashtra,Parbhani,4,482.21,255.54,-88.7,25.0,False,True,False
Oilseeds,Maharashtra,Pune,4,783.4,856.5,8.53,50.0,False,False,True
Oilseeds,Maharashtra,Raigad,4,411.72,836.93,50.81,75.0,True,False,False
Oilseeds,Maharashtra,Ratnagiri,4,327.38,609.1,46.25,100.0,True,False,False
Oilseeds,Maharashtra,Sangli,4,439.61,443.46,0.87,75.0,False,False,False
Oilseeds,Maharashtra,Satara,4,470.62,640.74,26.55,75.0,True,False,False
Oilseeds,Maharashtra,Solapur,4,321.94,314.85,-2.25,50.0,False,False,False
Oilseeds,Maharashtra,Thane,4,169.39,150.37,-12.65,25.0,False,True,False
Oilseeds,Maharashtra,Wardha,4,238.37,225.33,-5.79,25.0,False,True,False
Oilseeds,Maharashtra,Yeotmal,4,461.05,335.33,-37.49,25.0,False,True,False
Oilseeds,Orissa,Balasore,4,176.81,110.07,-60.63,25.0,False,True,False
Oilseeds,Orissa,Bolangir,4,167.85,33.06,-407.71,0.0,False,True,False
Oilseeds,Orissa,Cuttack,4,298.55,71.33,-318.55,0.0,False,True,False
Oilseeds,Orissa,Dhenkanal,4,84.64,20.26,-317.77,50.0,False,True,False
Oilseeds,Orissa,Ganjam,4,165.33,57.96,-185.25,50.0,False,True,False
Oilseeds,Orissa,Kalahandi,4,140.4,39.32,-257.07,25.0,False,True,False
Oilseeds,Orissa,Keonjhar,4,137.75,90.6,-52.04,25.0,False,True,False
Oilseeds,Orissa,Koraput,4,77.58,104.99,26.11,50.0,False,False,False
Oilseeds,Orissa,Mayurbhanja,4,380.18,310.94,-22.27,25.0,False,True,False
Oilseeds,Orissa,Phulbani ( Kandhamal ),4,121.76,58.27,-108.96,0.0,False,True,False
Oilseeds,Orissa,Puri,4,171.48,84.07,-103.97,0.0,False,True,False
Oilseeds,Orissa,Sambalpur,4,102.72,45.02,-128.17,50.0,False,True,False
Oilseeds,Orissa,Sundargarh,4,84.57,36.11,-134.2,0.0,False,True,False
Oilseeds,Punjab,Amritsar,4,356.3,412.29,13.58,50.0,False,False,False
Oilseeds,Punjab,Bhatinda,4,375.24,880.89,57.4,100.0,True,False,False
Oilseeds,Punjab,Ferozpur,4,268.53,883.61,69.61,100.0,True,False,False
Oilseeds,Punjab,Gurdaspur,4,355.41,683.63,48.01,75.0,True,False,False
Oilseeds,Punjab,Hoshiarpur,4,399.04,980.79,59.31,100.0,True,False,False
Oilseeds,Punjab,Jalandhar,4,386.32,1026.86,62.38,100.0,True,False,False
Oilseeds,Punjab,Kapurthala,4,456.13,1295.73,64.8,100.0,True,False,False
Oilseeds,Punjab,Ludhiana,4,468.44,1241.94,62.28,100.0,True,False,False
Oilseeds,Punjab,Patiala,4,467.24,1276.53,63.4,100.0,True,False,False
Oilseeds,Punjab,Roopnagar / Ropar,4,335.36,881.77,61.97,100.0,True,False,False
Oilseeds,Punjab,Sangrur,3,1067.48,1266.48,15.71,66.67,False,False,True
Oilseeds,Rajasthan,Ajmer,4,418.2,466.33,10.32,50.0,False,False,False
Oilseeds,Rajasthan,Alwar,4,410.2,513.1,20.05,50.0,False,False,False
Oilseeds,Rajasthan,Banswara,4,314.89,362.29,13.08,50.0,False,False,False
Oilseeds,Rajasthan,Barmer,4,329.71,380.71,13.4,50.0,False,False,False
Oilseeds,Rajasthan,Bharatpur,4,397.45,526.54,24.52,75.0,True,False,False
Oilseeds,Rajasthan,Bhilwara,4,292.43,362.08,19.24,75.0,True,False,False
Oilseeds,Rajasthan,Bikaner,4,596.78,817.76,27.02,50.0,False,False,False
Oilseeds,Rajasthan,Bundi,4,428.77,422.6,-1.46,50.0,False,False,False
Oilseeds,Rajasthan,Chittorgarh,4,285.27,299.7,4.81,75.0,False,False,False
Oilseeds,Rajasthan,Churu,4,434.87,618.58,29.7,75.0,True,False,False
Oilseeds,Rajasthan,Dungarpur,4,270.25,316.19,14.53,50.0,False,False,False
Oilseeds,Rajasthan,Ganganagar,4,422.27,646.18,34.65,50.0,False,False,False
Oilseeds,Rajasthan,Jaipur,4,273.01,430.62,36.6,75.0,True,False,False
Oilseeds,Rajasthan,Jaisalmer,4,329.78,494.39,33.3,75.0,True,False,False
Oilseeds,Rajasthan,Jalore,4,363.25,446.37,18.62,75.0,True,False,False
Oilseeds,Rajasthan,Jhalawar,4,349.56,149.96,-133.1,0.0,False,True,False
Oilseeds,Rajasthan,Jhunjhunu,4,445.07,778.62,42.84,100.0,True,False,False
Oilseeds,Rajasthan,Jodhpur,4,442.75,578.59,23.48,50.0,False,False,False
Oilseeds,Rajasthan,Kota,4,341.21,261.94,-30.26,25.0,False,True,False
Oilseeds,Rajasthan,Nagaur,4,329.8,437.19,24.56,50.0,False,False,False
Oilseeds,Rajasthan,Pali,4,165.34,187.49,11.81,25.0,False,True,False
Oilseeds,Rajasthan,Sikar,4,417.23,636.21,34.42,100.0,True,False,False
Oilseeds,Rajasthan,Sirohi,4,314.49,404.55,22.26,75.0,True,False,False
Oilseeds,Rajasthan,Swami Madhopur,4,253.76,452.24,43.89,100.0,True,False,False
Oilseeds,Rajasthan,Tonk,4,394.95,474.4,16.75,75.0,True,False,False
Oilseeds,Rajasthan,Udaipur,4,275.36,331.99,17.06,50.0,False,False,False
Oilseeds,Tamil Nadu,Chengalpattu Mgr / Kanchipuram,4,1378.28,3053.43,54.86,100.0,True,False,True
Oilseeds,Tamil Nadu,Coimbatore,4,894.31,1957.42,54.31,100.0,True,False,True
Oilseeds,Tamil Nadu,Madurai,4,1020.89,2251.0,54.65,100.0,True,False,True
Oilseeds,Tamil Nadu,North Arcot / Vellore,3,637.75,2317.94,72.49,100.0,True,False,False
Oilseeds,Tamil Nadu,Ramananthapuram,4,435.96,1284.83,66.07,100.0,True,False,False
Oilseeds,Tamil Nadu,South Arcot / Cuddalore,4,1197.81,2496.26,52.02,100.0,True,False,True
Oilseeds,Tamil Nadu,Thanjavur,4,831.11,1704.17,51.23,75.0,True,False,True
Oilseeds,Tamil Nadu,Thirunelveli,3,980.37,1525.03,35.71,100.0,True,False,True
Oilseeds,Tamil Nadu,Tiruchirapalli / Trichy,3,1376.52,1957.77,29.69,100.0,True,False,True
Oilseeds,Telangana,Adilabad,4,374.19,295.0,-26.84,50.0,False,True,False
Oilseeds,Telangana,Hyderabad,4,306.14,428.48,28.55,100.0,True,False,False
Oilseeds,Telangana,Karimnagar,4,289.36,439.31,34.13,75.0,True,False,False
Oilseeds,Telangana,Khammam,4,6225.0,5563.19,-11.9,50.0,False,True,True
Oilseeds,Telangana,Mahabubnagar,4,339.82,716.59,52.58,100.0,True,False,False
Oilseeds,Telangana,Medak,4,144.29,427.84,66.27,75.0,True,False,False
Oilseeds,Telangana,Nalgonda,4,317.34,694.12,54.28,100.0,True,False,False
Oilseeds,Telangana,Nizamabad,4,407.79,527.0,22.62,75.0,True,False,False
Oilseeds,Telangana,Warangal,4,368.41,517.14,28.76,75.0,True,False,False
Oilseeds,Uttar Pradesh,Agra,4,655.05,402.19,-62.87,25.0,False,True,False
Oilseeds,Uttar Pradesh,Aligarh,4,620.37,379.9,-63.3,25.0,False,True,False
Oilseeds,Uttar Pradesh,Allahabad,4,335.72,152.55,-120.07,0.0,False,True,False
Oilseeds,Uttar Pradesh,Azamgarh,4,513.86,269.75,-90.49,0.0,False,True,False
Oilseeds,Uttar Pradesh,Bahraich,4,337.4,172.36,-95.75,0.0,False,True,False
Oilseeds,Uttar Pradesh,Ballia,4,514.8,272.6,-88.85,0.0,False,True,False
Oilseeds,Uttar Pradesh,Banda,4,257.8,64.1,-302.18,0.0,False,True,False
Oilseeds,Uttar Pradesh,Barabanki,4,327.82,153.43,-113.66,0.0,False,True,False
Oilseeds,Uttar Pradesh,Bareilly,4,343.28,180.12,-90.58,0.0,False,True,False
Oilseeds,Uttar Pradesh,Basti,4,470.77,247.17,-90.46,25.0,False,True,False
Oilseeds,Uttar Pradesh,Bijnor,4,583.32,318.82,-82.96,0.0,False,True,False
Oilseeds,Uttar Pradesh,Budaun,4,583.95,324.66,-79.87,0.0,False,True,False
Oilseeds,Uttar Pradesh,Buland Shahar,4,637.41,370.22,-72.17,0.0,False,True,False
Oilseeds,Uttar Pradesh,Deoria,4,407.24,223.94,-81.85,25.0,False,True,False
Oilseeds,Uttar Pradesh,Etah,4,652.97,409.99,-59.26,25.0,False,True,False
Oilseeds,Uttar Pradesh,Etawah,4,590.45,342.13,-72.58,25.0,False,True,False
Oilseeds,Uttar Pradesh,Faizabad,4,332.8,156.97,-112.02,0.0,False,True,False
Oilseeds,Uttar Pradesh,Farrukhabad,4,472.15,249.26,-89.42,0.0,False,True,False
Oilseeds,Uttar Pradesh,Fatehpur,4,344.36,160.04,-115.17,0.0,False,True,False
Oilseeds,Uttar Pradesh,Ghazipur,4,495.24,282.56,-75.27,25.0,False,True,False
Oilseeds,Uttar Pradesh,Gonda,4,356.36,198.57,-79.46,25.0,False,True,False
Oilseeds,Uttar Pradesh,Gorakhpur,4,468.28,241.51,-93.9,25.0,False,True,False
Oilseeds,Uttar Pradesh,Hamirpur,4,291.52,73.67,-295.71,0.0,False,True,False
Oilseeds,Uttar Pradesh,Hardoi,4,326.77,157.14,-107.95,0.0,False,True,False
Oilseeds,Uttar Pradesh,Jalaun,4,272.92,69.61,-292.07,0.0,False,True,False
Oilseeds,Uttar Pradesh,Jaunpur,4,397.33,225.0,-76.59,25.0,False,True,False
Oilseeds,Uttar Pradesh,Jhansi,4,328.75,124.08,-164.95,0.0,False,True,False
Oilseeds,Uttar Pradesh,Kanpur,4,532.68,278.78,-91.08,0.0,False,True,False
Oilseeds,Uttar Pradesh,Kheri,4,344.68,187.48,-83.85,25.0,False,True,False
Oilseeds,Uttar Pradesh,Lucknow,4,342.25,167.85,-103.9,25.0,False,True,False
Oilseeds,Uttar Pradesh,Mainpuri,4,644.78,367.24,-75.57,0.0,False,True,False
Oilseeds,Uttar Pradesh,Mathura,4,656.73,408.62,-60.72,25.0,False,True,False
Oilseeds,Uttar Pradesh,Meerut,4,634.74,368.76,-72.13,0.0,False,True,False
Oilseeds,Uttar Pradesh,Mirzpur,4,329.66,145.41,-126.71,0.0,False,True,False
Oilseeds,Uttar Pradesh,Moradabad,4,581.78,322.48,-80.41,0.0,False,True,False
Oilseeds,Uttar Pradesh,Muzaffarnagar,4,483.5,252.01,-91.86,0.0,False,True,False
Oilseeds,Uttar Pradesh,Pilibhit,4,429.91,223.74,-92.15,0.0,False,True,False
Oilseeds,Uttar Pradesh,Pratapgarh,4,346.18,187.77,-84.36,25.0,False,True,False
Oilseeds,Uttar Pradesh,Rae-Bareily,4,344.39,162.78,-111.57,0.0,False,True,False
Oilseeds,Uttar Pradesh,Rampur,4,463.6,296.65,-56.28,0.0,False,True,False
Oilseeds,Uttar Pradesh,Saharanpur,4,429.58,597.05,28.05,75.0,True,False,False
Oilseeds,Uttar Pradesh,Shahjahanpur,4,335.81,176.34,-90.43,0.0,False,True,False
Oilseeds,Uttar Pradesh,Sitapur,4,341.58,158.99,-114.84,0.0,False,True,False
Oilseeds,Uttar Pradesh,Sultanpur,4,313.55,143.5,-118.5,0.0,False,True,False
Oilseeds,Uttar Pradesh,Unnao,4,327.05,144.27,-126.69,0.0,False,True,False
Oilseeds,Uttar Pradesh,Varanasi,4,348.5,170.01,-104.99,0.0,False,True,False
Oilseeds,Uttarakhand,Almorah,4,329.58,371.13,11.2,25.0,False,True,False
Oilseeds,Uttarakhand,Chamoli,4,356.13,443.77,19.75,50.0,False,False,False
Oilseeds,Uttarakhand,Dehradun,4,303.74,348.72,12.9,25.0,False,True,False
Oilseeds,Uttarakhand,Garhwal,4,307.6,338.66,9.17,25.0,False,True,False
Oilseeds,Uttarakhand,Nainital,4,547.57,826.74,33.77,50.0,False,False,False
Oilseeds,Uttarakhand,Pithorgarh,4,364.5,501.96,27.38,50.0,False,False,False
Oilseeds,Uttarakhand,Tehri Garhwal,4,344.14,400.95,14.17,25.0,False,True,False
Oilseeds,Uttarakhand,Uttar Kashi,4,303.92,330.3,7.99,25.0,False,True,False
Oilseeds,West Bengal,24 Parganas,4,333.03,492.29,32.35,75.0,True,False,False
Oilseeds,West Bengal,Bankura,4,255.48,252.17,-1.31,25.0,False,True,False
Oilseeds,West Bengal,Birbhum,4,300.37,288.23,-4.21,25.0,False,True,False
Oilseeds,West Bengal,Burdwan,4,355.26,329.03,-7.97,25.0,False,True,False
Oilseeds,West Bengal,Cooch Behar,4,146.77,210.65,30.33,25.0,False,True,False
Oilseeds,West Bengal,Darjeeling,4,179.11,176.33,-1.58,25.0,False,True,False
Oilseeds,West Bengal,Hooghly,4,316.82,380.49,16.73,25.0,False,True,False
Oilseeds,West Bengal,Howrah,4,768.45,706.24,-8.81,25.0,False,True,True
Oilseeds,West Bengal,Jalpaiguri,4,321.39,363.32,11.54,50.0,False,False,False
Oilseeds,West Bengal,Malda,4,338.08,375.64,10.0,50.0,False,False,False
Oilseeds,West Bengal,Midnapur,4,319.77,324.72,1.52,50.0,False,False,False
Oilseeds,West Bengal,Murshidabad,4,325.74,389.5,16.37,75.0,True,False,False
Oilseeds,West Bengal,Nadia,4,316.09,445.09,28.98,75.0,True,False,False
Oilseeds,West Bengal,Purulia,4,197.32,279.92,29.51,75.0,True,False,False
Oilseeds,West Bengal,West Dinajpur,4,301.04,321.33,6.31,25.0,False,True,False
Sugarcane,Andhra Pradesh,Ananthapur,4,2082.52,1490.84,-39.69,0.0,False,True,False
Sugarcane,Andhra Pradesh,Chittoor,4,1318.68,1379.8,4.43,50.0,False,False,False
Sugarcane,Andhra Pradesh,East Godavari,4,1235.79,2363.87,47.72,100.0,True,False,False
Sugarcane,Andhra Pradesh,Guntur,4,1592.25,1219.84,-30.53,0.0,False,True,False
Sugarcane,Andhra Pradesh,Kadapa Ysr,4,1218.51,1583.88,23.07,75.0,True,False,False
Sugarcane,Andhra Pradesh,Krishna,4,1427.17,2262.14,36.91,75.0,True,False,False
Sugarcane,Andhra Pradesh,Kurnool,4,2412.38,1987.36,-21.39,50.0,False,True,True
Sugarcane,Andhra Pradesh,S.P.S. Nellore,4,1384.02,1890.2,26.78,100.0,True,False,False
Sugarcane,Andhra Pradesh,Srikakulam,4,526.33,1354.05,61.13,100.0,True,False,False
Sugarcane,Andhra Pradesh,Visakhapatnam,4,2041.79,1114.71,-83.17,0.0,False,True,False
Sugarcane,Andhra Pradesh,West Godavari,4,1799.34,1568.27,-14.73,50.0,False,True,False
Sugarcane,Assam,Cachar,4,251.41,86.31,-191.29,25.0,False,True,False
Sugarcane,Assam,Darrang,4,382.35,74.79,-411.23,25.0,False,True,False
Sugarcane,Assam,Dibrugarh,4,166.1,93.54,-77.57,25.0,False,True,False
Sugarcane,Assam,Goalpara,4,164.69,94.26,-74.72,25.0,False,True,False
Sugarcane,Assam,Kamrup,4,336.6,214.12,-57.2,0.0,False,True,False
Sugarcane,Assam,Karbi Anglong,4,765.16,315.35,-142.64,0.0,False,True,False
Sugarcane,Assam,Lakhimpur,4,357.5,562.6,36.46,75.0,True,False,False
Sugarcane,Assam,Nagaon,4,685.08,227.08,-201.69,0.0,False,True,False
Sugarcane,Assam,North Cachar Hil / Dima Hasao,4,556.42,1117.16,50.19,100.0,True,False,False
Sugarcane,Assam,Sibsagar,4,758.31,285.98,-165.16,0.0,False,True,False
Sugarcane,Bihar,Bhagalpur,4,764.3,1475.82,48.21,75.0,True,False,False
Sugarcane,Bihar,Champaran,4,911.5,1512.14,39.72,75.0,True,False,False
Sugarcane,Bihar,Darbhanga,4,1147.78,970.14,-18.31,50.0,False,True,False
Sugarcane,Bihar,Gaya,4,3387.88,5919.89,42.77,100.0,True,False,True
Sugarcane,Bihar,Mungair,4,283.46,860.76,67.07,100.0,True,False,False
Sugarcane,Bihar,Muzaffarpur,4,1301.96,1326.21,1.83,50.0,False,False,False
Sugarcane,Bihar,Patna,4,1116.64,1382.03,19.2,50.0,False,False,False
Sugarcane,Bihar,Purnea,4,490.15,1386.92,64.66,100.0,True,False,False
Sugarcane,Bihar,Saharsa,4,451.8,1692.93,73.31,100.0,True,False,False
Sugarcane,Bihar,Saran,4,215.83,2052.29,89.48,100.0,True,False,False
Sugarcane,Bihar,Shahabad (Now Part Of Bhojpur District),4,1545.87,1548.13,0.15,50.0,False,False,False
Sugarcane,Chhattisgarh,Bastar,4,543.61,127.74,-325.56,0.0,False,True,False
Sugarcane,Chhattisgarh,Bilaspur,4,322.0,178.45,-80.44,50.0,False,True,False
Sugarcane,Chhattisgarh,Durg,4,423.14,156.08,-171.1,25.0,False,True,False
Sugarcane,Chhattisgarh,Raigarh,4,570.55,118.87,-379.98,0.0,False,True,False
Sugarcane,Chhattisgarh,Raipur,4,555.55,150.34,-269.53,0.0,False,True,False
Sugarcane,Chhattisgarh,Surguja,4,488.66,200.24,-144.04,0.0,False,True,False
Sugarcane,Gujarat,Ahmedabad,3,226.77,0.0,0.0,0.0,False,True,False
Sugarcane,Gujarat,Amreli,4,2888.09,4788.95,39.69,100.0,True,False,True
Sugarcane,Gujarat,Banaskantha,4,209.22,0.0,0.0,0.0,False,True,False
Sugarcane,Gujarat,Bharuch,4,128.66,212.85,39.55,50.0,False,False,False
Sugarcane,Gujarat,Bhavnagar,3,1340.63,386.96,-246.45,0.0,False,True,False
Sugarcane,Gujarat,Dangs,4,3838.08,3973.74,3.41,50.0,False,False,True
Sugarcane,Gujarat,Junagadh,4,1036.54,769.92,-34.63,25.0,False,True,False
Sugarcane,Gujarat,Kheda,3,2073.33,3409.21,39.18,100.0,True,False,False
Sugarcane,Gujarat,Kutch,4,3510.6,2997.18,-17.13,25.0,False,True,True
Sugarcane,Gujarat,Mehsana,4,209.22,0.0,0.0,0.0,False,True,False
Sugarcane,Gujarat,Panchmahal,4,3891.3,2913.05,-33.58,25.0,False,True,True
Sugarcane,Gujarat,Rajkot,4,1274.09,965.45,-31.97,25.0,False,True,False
Sugarcane,Gujarat,Sabarkantha,4,209.22,0.0,0.0,0.0,False,True,False
Sugarcane,Gujarat,Surat,4,630.15,324.7,-94.07,0.0,False,True,False
Sugarcane,Gujarat,Surendranagar,4,1237.24,795.47,-55.54,25.0,False,True,False
Sugarcane,Gujarat,Vadodara / Baroda,4,465.91,757.25,38.47,75.0,True,False,False
Sugarcane,Gujarat,Valsad,4,475.33,210.27,-126.06,0.0,False,True,False
Sugarcane,Haryana,Ambala,4,3933.69,3518.1,-11.81,25.0,False,True,True
Sugarcane,Haryana,Gurgaon,4,2765.91,2705.25,-2.24,75.0,False,False,True
Sugarcane,Haryana,Hissar,4,2728.99,3053.13,10.62,50.0,False,False,True
Sugarcane,Haryana,Jind,4,3821.49,3496.74,-9.29,25.0,False,True,True
Sugarcane,Haryana,Karnal,4,4434.03,3911.53,-13.36,25.0,False,True,True
Sugarcane,Haryana,Mahendragarh / Narnaul,4,2922.83,3324.39,12.08,50.0,False,False,True
Sugarcane,Haryana,Rohtak,4,3765.9,3378.63,-11.46,50.0,False,True,True
Sugarcane,Himachal Pradesh,Bilashpur,4,1730.17,1014.17,-70.6,25.0,False,True,False
Sugarcane,Himachal Pradesh,Chamba,4,141.4,0.0,0.0,0.0,False,True,False
Sugarcane,Himachal Pradesh,Kangra,4,836.01,691.31,-20.93,50.0,False,True,False
Sugarcane,Himachal Pradesh,Kinnaur,4,141.4,0.0,0.0,0.0,False,True,False
Sugarcane,Himachal Pradesh,Kullu,4,141.4,0.0,0.0,0.0,False,True,False
Sugarcane,Himachal Pradesh,Lahul & Spiti,4,141.4,0.0,0.0,0.0,False,True,False
Sugarcane,Himachal Pradesh,Mandi,4,141.4,0.0,0.0,0.0,False,True,False
Sugarcane,Himachal Pradesh,Shimla,4,1041.97,1198.05,13.03,50.0,False,False,False
Sugarcane,Himachal Pradesh,Sirmaur,4,373.85,701.2,46.68,75.0,True,False,False
Sugarcane,Himachal Pradesh,Solan,4,583.59,578.02,-0.96,50.0,False,False,False
Sugarcane,Jharkhand,Dhanbad,4,162.7,0.0,0.0,0.0,False,True,False
Sugarcane,Jharkhand,Hazaribagh,4,1849.16,1638.08,-12.89,50.0,False,True,False
Sugarcane,Jharkhand,Palamau,4,3995.23,3243.81,-23.16,50.0,False,True,True
Sugarcane,Jharkhand,Ranchi,4,2502.33,2247.28,-11.35,25.0,False,True,True
Sugarcane,Jharkhand,Santhal Paragana / Dumka,4,3192.78,2722.31,-17.28,50.0,False,True,True
Sugarcane,Jharkhand,Singhbhum,4,1447.32,783.33,-84.77,0.0,False,True,False
Sugarcane,Karnataka,Bangalore,4,1696.85,1750.72,3.08,50.0,False,False,False
Sugarcane,Karnataka,Belgaum,4,1564.04,1489.53,-5.0,25.0,False,True,False
Sugarcane,Karnataka,Bellary,4,1753.01,1427.34,-22.82,25.0,False,True,False
Sugarcane,Karnataka,Bidar,4,1407.06,1683.75,16.43,100.0,True,False,False
Sugarcane,Karnataka,Bijapur / Vijayapura,4,1339.97,1038.54,-29.02,25.0,False,True,False
Sugarcane,Karnataka,Chickmagalur,4,1954.36,1078.67,-81.18,0.0,False,True,False
Sugarcane,Karnataka,Chitradurga,4,1462.04,931.74,-56.92,25.0,False,True,False
Sugarcane,Karnataka,Dakshina Kannada,4,1850.5,1284.46,-44.07,50.0,False,True,False
Sugarcane,Karnataka,Dharwad,4,1002.91,567.4,-76.76,50.0,False,True,False
Sugarcane,Karnataka,Gulbarga / Kalaburagi,4,2036.56,1931.96,-5.41,50.0,False,False,False
Sugarcane,Karnataka,Hassan,4,4461.46,3196.47,-39.57,50.0,False,True,True
Sugarcane,Karnataka,Kodagu / Coorg,4,176.05,0.0,0.0,0.0,False,True,False
Sugarcane,Karnataka,Kolar,4,2742.48,3530.85,22.33,100.0,True,False,True
Sugarcane,Karnataka,Mandya,4,885.94,712.12,-24.41,25.0,False,True,False
Sugarcane,Karnataka,Mysore,4,1233.17,1068.22,-15.44,25.0,False,True,False
Sugarcane,Karnataka,Raichur,4,1509.67,1260.77,-19.74,50.0,False,True,False
Sugarcane,Karnataka,Shimoge,4,393.89,987.95,60.13,75.0,True,False,False
Sugarcane,Karnataka,Tumkur,4,1549.26,1167.35,-32.72,50.0,False,True,False
Sugarcane,Karnataka,Uttara Kannada,4,1866.44,2341.54,20.29,75.0,True,False,False
Sugarcane,Kerala,Alappuzha,4,3905.95,3927.32,0.54,75.0,False,False,True
Sugarcane,Kerala,Eranakulam,4,3659.87,5032.8,27.28,50.0,False,False,True
Sugarcane,Kerala,Kollam,4,4208.66,4626.18,9.03,50.0,False,False,True
Sugarcane,Kerala,Kottayam,4,3610.42,4987.45,27.61,50.0,False,False,True
Sugarcane,Kerala,Kozhikode,4,156.25,0.0,0.0,0.0,False,True,False
Sugarcane,Kerala,Malappuram,4,156.25,0.0,0.0,0.0,False,True,False
Sugarcane,Kerala,Palakkad,4,3832.82,3554.49,-7.83,75.0,False,False,True
Sugarcane,Kerala,Thiruvananthapuram,4,156.25,0.0,0.0,0.0,False,True,False
Sugarcane,Kerala,Thrissur,4,1276.85,398.15,-220.7,25.0,False,True,False
Sugarcane,Madhya Pradesh,Balaghat,4,1788.24,1792.26,0.22,50.0,False,False,False
Sugarcane,Madhya Pradesh,Betul,4,1992.22,1740.13,-14.49,25.0,False,True,False
Sugarcane,Madhya Pradesh,Bhind,4,1568.11,815.97,-92.18,0.0,False,True,False
Sugarcane,Madhya Pradesh,Chhatarpur,4,1900.59,1435.38,-32.41,25.0,False,True,False
Sugarcane,Madhya Pradesh,Chhindwara,4,2608.27,2427.8,-7.43,75.0,False,False,True
Sugarcane,Madhya Pradesh,Damoh,4,1012.51,1428.47,29.12,50.0,False,False,False
Sugarcane,Madhya Pradesh,Datia,4,2779.23,2291.7,-21.27,25.0,False,True,True
Sugarcane,Madhya Pradesh,Dewas,4,1823.93,1497.63,-21.79,25.0,False,True,False
Sugarcane,Madhya Pradesh,Dhar,4,1880.74,1918.1,1.95,50.0,False,False,False
Sugarcane,Madhya Pradesh,Guna,4,1782.77,1521.61,-17.16,25.0,False,True,False
Sugarcane,Madhya Pradesh,Gwalior,4,2891.03,2437.04,-18.63,25.0,False,True,True
Sugarcane,Madhya Pradesh,Hoshangabad,4,1203.72,1573.69,23.51,75.0,True,False,False
Sugarcane,Madhya Pradesh,Indore,4,2323.54,2500.0,7.06,25.0,False,True,True
Sugarcane,Madhya Pradesh,Jabalpur,4,1752.02,1216.41,-44.03,0.0,False,True,False
Sugarcane,Madhya Pradesh,Jhabua,4,2123.55,1277.08,-66.28,0.0,False,True,False
Sugarcane,Madhya Pradesh,Khandwa / East Nimar,4,3825.92,2676.1,-42.97,0.0,False,True,True
Sugarcane,Madhya Pradesh,Khargone / West Nimar,4,2224.85,1831.05,-21.51,50.0,False,True,True
Sugarcane,Madhya Pradesh,Mandla,4,1934.11,2566.69,24.65,75.0,True,False,False
Sugarcane,Madhya Pradesh,Mandsaur,4,194.75,0.0,0.0,0.0,False,True,False
Sugarcane,Madhya Pradesh,Morena,4,1748.45,1724.33,-1.4,75.0,False,False,False
Sugarcane,Madhya Pradesh,Narsinghpur,4,1915.71,2341.58,18.19,100.0,True,False,False
Sugarcane,Madhya Pradesh,Panna,4,2051.29,1229.65,-66.82,0.0,False,True,False
Sugarcane,Madhya Pradesh,Raisen,4,1837.01,1996.64,7.99,75.0,True,False,False
Sugarcane,Madhya Pradesh,Rajgarh,4,2820.71,2291.67,-23.09,50.0,False,True,True
Sugarcane,Madhya Pradesh,Ratlam,4,3703.88,1958.33,-89.13,0.0,False,True,True
Sugarcane,Madhya Pradesh,Rewa,3,3162.92,1653.7,-91.26,0.0,False,True,True
Sugarcane,Madhya Pradesh,Sagar,4,1977.52,2378.6,16.86,75.0,True,False,False
Sugarcane,Madhya Pradesh,Satna,4,1767.96,1528.82,-15.64,50.0,False,True,False
Sugarcane,Madhya Pradesh,Sehore,4,2242.99,2041.97,-9.84,25.0,False,True,True
Sugarcane,Madhya Pradesh,Seoni / Shivani,4,2775.39,2217.78,-25.14,50.0,False,True,True
Sugarcane,Madhya Pradesh,Shahdol,4,2990.54,3283.33,8.92,50.0,False,False,True
Sugarcane,Madhya Pradesh,Shajapur,4,2628.74,1811.46,-45.12,0.0,False,True,True
Sugarcane,Madhya Pradesh,Shivpuri,4,1372.83,1101.0,-24.69,25.0,False,True,False
Sugarcane,Madhya Pradesh,Sidhi,4,2388.96,1468.75,-62.65,0.0,False,True,True
Sugarcane,Madhya Pradesh,Tikamgarh,4,1283.49,1444.38,11.14,50.0,False,False,False
Sugarcane,Madhya Pradesh,Ujjain,4,2143.98,927.78,-131.09,0.0,False,True,False
Sugarcane,Madhya Pradesh,Vidisha,4,1883.2,1075.0,-75.18,25.0,False,True,False
Sugarcane,Maharashtra,Ahmednagar,4,2348.88,2427.38,3.23,25.0,False,True,True
Sugarcane,Maharashtra,Akola,4,999.92,1417.51,29.46,100.0,True,False,False
Sugarcane,Maharashtra,Amarawati,4,1037.46,1922.91,46.05,100.0,True,False,False
Sugarcane,Maharashtra,Aurangabad,4,1330.04,1502.99,11.51,50.0,False,False,False
Sugarcane,Maharashtra,Beed,4,2174.51,2193.32,0.86,50.0,False,False,True
Sugarcane,Maharashtra,Bhandara,4,814.43,377.7,-115.63,50.0,False,True,False
Sugarcane,Maharashtra,Buldhana,4,937.66,864.26,-8.49,50.0,False,False,False
Sugarcane,Maharashtra,Chandrapur,4,3676.41,4166.88,11.77,75.0,True,False,True
Sugarcane,Maharashtra,Dhule,4,841.49,724.86,-16.09,75.0,False,True,False
Sugarcane,Maharashtra,Jalgaon,4,1055.07,758.23,-39.15,25.0,False,True,False
Sugarcane,Maharashtra,Kolhapur,4,1064.83,545.43,-95.23,25.0,False,True,False
Sugarcane,Maharashtra,Nagpur,4,1309.48,777.35,-68.45,25.0,False,True,False
Sugarcane,Maharashtra,Nanded,4,3249.8,2473.49,-31.39,25.0,False,True,True
Sugarcane,Maharashtra,Nasik,4,422.2,367.85,-14.78,50.0,False,True,False
Sugarcane,Maharashtra,Osmanabad,4,1896.24,1782.62,-6.37,25.0,False,True,False
Sugarcane,Maharashtra,Parbhani,4,1951.15,1438.36,-35.65,50.0,False,True,False
Sugarcane,Maharashtra,Pune,4,1054.16,825.08,-27.76,50.0,False,True,False
Sugarcane,Maharashtra,Raigad,4,151.54,0.0,0.0,0.0,False,True,False
Sugarcane,Maharashtra,Ratnagiri,4,5127.58,5026.03,-2.02,50.0,False,False,True
Sugarcane,Maharashtra,Sangli,4,1259.87,538.57,-133.93,25.0,False,True,False
Sugarcane,Maharashtra,Satara,4,1015.17,1156.29,12.2,25.0,False,True,False
Sugarcane,Maharashtra,Solapur,4,2324.13,2091.26,-11.14,50.0,False,True,True
Sugarcane,Maharashtra,Thane,4,151.54,0.0,0.0,0.0,False,True,False
Sugarcane,Maharashtra,Wardha,4,301.29,367.66,18.05,50.0,False,False,False
Sugarcane,Maharashtra,Yeotmal,4,872.04,1085.91,19.7,75.0,True,False,False
Sugarcane,Orissa,Balasore,4,3592.96,3676.84,2.28,50.0,False,False,True
Sugarcane,Orissa,Bolangir,4,4103.77,3813.32,-7.62,50.0,False,False,True
Sugarcane,Orissa,Cuttack,4,4068.76,3639.51,-11.79,75.0,False,True,True
Sugarcane,Orissa,Dhenkanal,4,3151.36,2790.49,-12.93,50.0,False,True,True
Sugarcane,Orissa,Ganjam,4,4169.9,3827.48,-8.95,50.0,False,False,True
Sugarcane,Orissa,Kalahandi,4,4049.52,3784.67,-7.0,50.0,False,False,True
Sugarcane,Orissa,Keonjhar,4,3625.5,3604.28,-0.59,50.0,False,False,True
Sugarcane,Orissa,Koraput,4,3840.76,3821.47,-0.5,50.0,False,False,True
Sugarcane,Orissa,Mayurbhanja,4,3196.85,2415.28,-32.36,0.0,False,True,True
Sugarcane,Orissa,Phulbani ( Kandhamal ),4,3906.03,3723.13,-4.91,50.0,False,False,True
Sugarcane,Orissa,Puri,4,4026.3,3716.58,-8.33,50.0,False,False,True
Sugarcane,Orissa,Sambalpur,4,4021.6,3734.25,-7.69,50.0,False,False,True
Sugarcane,Orissa,Sundargarh,4,3764.27,3690.77,-1.99,50.0,False,False,True
Sugarcane,Punjab,Amritsar,4,485.78,525.34,7.53,75.0,True,False,False
Sugarcane,Punjab,Bhatinda,4,124.5,0.0,0.0,0.0,False,True,False
Sugarcane,Punjab,Ferozpur,4,596.07,1356.88,56.07,100.0,True,False,False
Sugarcane,Punjab,Gurdaspur,4,523.3,496.26,-5.45,50.0,False,False,False
Sugarcane,Punjab,Hoshiarpur,4,479.19,626.82,23.55,75.0,True,False,False
Sugarcane,Punjab,Jalandhar,4,930.46,786.69,-18.28,25.0,False,True,False
Sugarcane,Punjab,Kapurthala,4,532.82,689.38,22.71,50.0,False,False,False
Sugarcane,Punjab,Ludhiana,4,355.19,977.87,63.68,75.0,True,False,False
Sugarcane,Punjab,Patiala,4,412.96,488.8,15.52,75.0,True,False,False
Sugarcane,Punjab,Roopnagar / Ropar,4,296.2,600.95,50.71,75.0,True,False,False
Sugarcane,Punjab,Sangrur,3,382.77,784.42,51.2,100.0,True,False,False
Sugarcane,Rajasthan,Ajmer,3,1576.23,879.02,-79.32,33.33,False,True,False
Sugarcane,Rajasthan,Alwar,4,3304.38,2979.77,-10.89,25.0,False,True,True
Sugarcane,Rajasthan,Banswara,4,836.32,429.36,-94.78,25.0,False,True,False
Sugarcane,Rajasthan,Barmer,4,89.89,0.0,0.0,0.0,False,True,False
Sugarcane,Rajasthan,Bharatpur,4,1165.33,1978.57,41.1,50.0,False,False,False
Sugarcane,Rajasthan,Bhilwara,4,2073.7,2087.5,0.66,50.0,False,False,False
Sugarcane,Rajasthan,Bundi,4,1250.5,1848.15,32.34,75.0,True,False,False
Sugarcane,Rajasthan,Chittorgarh,4,665.54,784.82,15.2,50.0,False,False,False
Sugarcane,Rajasthan,Churu,4,89.89,0.0,0.0,0.0,False,True,False
Sugarcane,Rajasthan,Dungarpur,4,858.89,1025.07,16.21,50.0,False,False,False
Sugarcane,Rajasthan,Ganganagar,4,1348.2,1233.13,-9.33,50.0,False,False,False
Sugarcane,Rajasthan,Jaipur,4,2008.05,2557.44,21.48,50.0,False,False,False
Sugarcane,Rajasthan,Jaisalmer,4,210.45,0.0,0.0,0.0,False,True,False
Sugarcane,Rajasthan,Jalore,4,89.89,0.0,0.0,0.0,False,True,False
Sugarcane,Rajasthan,Jhalawar,4,760.22,845.95,10.13,25.0,False,True,False
Sugarcane,Rajasthan,Jhunjhunu,3,231.84,0.0,0.0,0.0,False,True,False
Sugarcane,Rajasthan,Kota,4,1055.93,991.53,-6.5,75.0,False,False,False
Sugarcane,Rajasthan,Nagaur,4,133.79,0.0,0.0,0.0,False,True,False
Sugarcane,Rajasthan,Pali,4,89.89,0.0,0.0,0.0,False,True,False
Sugarcane,Rajasthan,Sikar,4,945.59,1289.21,26.65,50.0,False,False,False
Sugarcane,Rajasthan,Sirohi,4,133.79,0.0,0.0,0.0,False,True,False
Sugarcane,Rajasthan,Swami Madhopur,4,4387.28,5910.12,25.77,50.0,False,False,True
Sugarcane,Rajasthan,Tonk,4,1640.74,1878.92,12.68,75.0,True,False,False
Sugarcane,Rajasthan,Udaipur,4,1325.47,1184.32,-11.92,50.0,False,True,False
Sugarcane,Tamil Nadu,Chengalpattu Mgr / Kanchipuram,4,856.61,334.0,-156.47,0.0,False,True,False
Sugarcane,Tamil Nadu,Coimbatore,4,1955.6,1215.09,-60.94,0.0,False,True,False
Sugarcane,Tamil Nadu,Kanyakumari,3,689.84,1697.89,59.37,33.33,False,False,False
Sugarcane,Tamil Nadu,Madurai,4,1545.13,1707.02,9.48,50.0,False,False,False
Sugarcane,Tamil Nadu,North Arcot / Vellore,3,1110.49,1804.6,38.46,100.0,True,False,False
Sugarcane,Tamil Nadu,Ramananthapuram,4,1537.5,1336.07,-15.08,50.0,False,True,False
Sugarcane,Tamil Nadu,South Arcot / Cuddalore,4,861.97,548.94,-57.02,50.0,False,True,False
Sugarcane,Tamil Nadu,Thanjavur,4,1461.91,1720.58,15.03,50.0,False,False,False
Sugarcane,Tamil Nadu,Thirunelveli,3,3511.59,3527.37,0.45,66.67,False,False,True
Sugarcane,Tamil Nadu,Tiruchirapalli / Trichy,3,1711.82,1531.17,-11.8,33.33,False,True,False
Sugarcane,Telangana,Hyderabad,4,1784.51,1188.01,-50.21,25.0,False,True,False
Sugarcane,Telangana,Karimnagar,4,2493.76,2404.81,-3.7,50.0,False,False,True
Sugarcane,Telangana,Khammam,4,924.44,1348.47,31.45,50.0,False,False,False
Sugarcane,Telangana,Mahabubnagar,4,1871.04,1811.09,-3.31,50.0,False,False,False
Sugarcane,Telangana,Medak,4,1196.85,1807.15,33.77,75.0,True,False,False
Sugarcane,Telangana,Nalgonda,4,624.83,1853.88,66.3,75.0,True,False,False
Sugarcane,Telangana,Nizamabad,4,1363.77,1745.49,21.87,75.0,True,False,False
Sugarcane,Telangana,Warangal,3,3153.25,2869.03,-9.91,66.67,False,False,True
Sugarcane,Uttar Pradesh,Agra,4,573.5,568.33,-0.91,25.0,False,True,False
Sugarcane,Uttar Pradesh,Aligarh,4,442.51,441.06,-0.33,50.0,False,False,False
Sugarcane,Uttar Pradesh,Allahabad,4,1000.55,1386.6,27.84,100.0,True,False,False
Sugarcane,Uttar Pradesh,Azamgarh,4,174.84,421.69,58.54,75.0,True,False,False
Sugarcane,Uttar Pradesh,Bahraich,4,400.6,445.69,10.12,50.0,False,False,False
Sugarcane,Uttar Pradesh,Ballia,4,571.09,1114.79,48.77,100.0,True,False,False
Sugarcane,Uttar Pradesh,Banda,4,717.16,263.29,-172.38,25.0,False,True,False
Sugarcane,Uttar Pradesh,Barabanki,4,658.35,636.61,-3.41,50.0,False,False,False
Sugarcane,Uttar Pradesh,Bareilly,4,508.72,562.4,9.54,75.0,True,False,False
Sugarcane,Uttar Pradesh,Basti,4,215.11,239.47,10.17,50.0,False,False,False
Sugarcane,Uttar Pradesh,Bijnor,4,582.86,903.38,35.48,75.0,True,False,False
Sugarcane,Uttar Pradesh,Budaun,4,523.83,487.01,-7.56,50.0,False,False,False
Sugarcane,Uttar Pradesh,Buland Shahar,4,554.62,692.98,19.97,75.0,True,False,False
Sugarcane,Uttar Pradesh,Deoria,4,296.07,540.82,45.26,75.0,True,False,False
Sugarcane,Uttar Pradesh,Etah,4,534.31,565.91,5.58,75.0,True,False,False
Sugarcane,Uttar Pradesh,Etawah,4,366.93,266.16,-37.86,50.0,False,True,False
Sugarcane,Uttar Pradesh,Faizabad,4,563.25,417.66,-34.86,50.0,False,True,False
Sugarcane,Uttar Pradesh,Farrukhabad,4,190.04,204.18,6.93,50.0,False,False,False
Sugarcane,Uttar Pradesh,Fatehpur,4,1034.47,1387.58,25.45,100.0,True,False,False
Sugarcane,Uttar Pradesh,Ghazipur,4,207.32,586.54,64.65,100.0,True,False,False
Sugarcane,Uttar Pradesh,Gonda,4,633.99,540.86,-17.22,50.0,False,True,False
Sugarcane,Uttar Pradesh,Gorakhpur,4,252.55,227.66,-10.93,50.0,False,True,False
Sugarcane,Uttar Pradesh,Hamirpur,4,1034.71,262.96,-293.49,0.0,False,True,False
Sugarcane,Uttar Pradesh,Hardoi,4,424.14,538.23,21.2,100.0,True,False,False
Sugarcane,Uttar Pradesh,Jalaun,4,754.93,235.33,-220.8,0.0,False,True,False
Sugarcane,Uttar Pradesh,Jaunpur,4,305.59,338.14,9.63,25.0,False,True,False
Sugarcane,Uttar Pradesh,Jhansi,4,586.6,218.76,-168.15,0.0,False,True,False
Sugarcane,Uttar Pradesh,Kanpur,4,543.96,338.01,-60.93,50.0,False,True,False
Sugarcane,Uttar Pradesh,Kheri,4,567.74,631.72,10.13,75.0,True,False,False
Sugarcane,Uttar Pradesh,Lucknow,4,508.37,525.95,3.34,50.0,False,False,False
Sugarcane,Uttar Pradesh,Mainpuri,4,534.17,525.26,-1.7,50.0,False,False,False
Sugarcane,Uttar Pradesh,Mathura,4,553.27,501.5,-10.32,50.0,False,True,False
Sugarcane,Uttar Pradesh,Meerut,4,588.92,735.28,19.91,75.0,True,False,False
Sugarcane,Uttar Pradesh,Mirzpur,4,552.9,749.43,26.22,75.0,True,False,False
Sugarcane,Uttar Pradesh,Moradabad,4,431.99,587.32,26.45,75.0,True,False,False
Sugarcane,Uttar Pradesh,Muzaffarnagar,4,519.96,602.18,13.65,75.0,True,False,False
Sugarcane,Uttar Pradesh,Pilibhit,4,735.96,615.61,-19.55,25.0,False,True,False
Sugarcane,Uttar Pradesh,Pratapgarh,4,993.72,1381.8,28.09,100.0,True,False,False
Sugarcane,Uttar Pradesh,Rae-Bareily,4,284.34,229.73,-23.77,50.0,False,True,False
Sugarcane,Uttar Pradesh,Rampur,4,517.95,488.24,-6.09,50.0,False,False,False
Sugarcane,Uttar Pradesh,Saharanpur,4,281.79,396.36,28.91,75.0,True,False,False
Sugarcane,Uttar Pradesh,Shahjahanpur,4,588.5,730.28,19.41,75.0,True,False,False
Sugarcane,Uttar Pradesh,Sitapur,4,332.95,469.13,29.03,75.0,True,False,False
Sugarcane,Uttar Pradesh,Sultanpur,4,312.25,383.14,18.5,50.0,False,False,False
Sugarcane,Uttar Pradesh,Unnao,4,578.29,559.77,-3.31,50.0,False,False,False
Sugarcane,Uttar Pradesh,Varanasi,4,267.39,634.65,57.87,75.0,True,False,False
Sugarcane,Uttarakhand,Almorah,4,83.27,0.0,0.0,0.0,False,True,False
Sugarcane,Uttarakhand,Chamoli,4,83.27,0.0,0.0,0.0,False,True,False
Sugarcane,Uttarakhand,Dehradun,4,129.95,195.74,33.61,50.0,False,False,False
Sugarcane,Uttarakhand,Garhwal,4,83.27,0.0,0.0,0.0,False,True,False
Sugarcane,Uttarakhand,Nainital,4,154.49,349.97,55.86,100.0,True,False,False
Sugarcane,Uttarakhand,Pithorgarh,3,743.21,932.22,20.28,66.67,False,False,False
Sugarcane,Uttarakhand,Tehri Garhwal,4,83.27,0.0,0.0,0.0,False,True,False
Sugarcane,Uttarakhand,Uttar Kashi,4,83.27,0.0,0.0,0.0,False,True,False
Sugarcane,West Bengal,24 Parganas,4,1486.85,1598.91,7.01,50.0,False,False,False
Sugarcane,West Bengal,Bankura,4,5272.48,8348.93,36.85,100.0,True,False,True
Sugarcane,West Bengal,Birbhum,4,1367.13,981.59,-39.28,25.0,False,True,False
Sugarcane,West Bengal,Burdwan,4,436.53,1412.99,69.11,50.0,False,False,False
Sugarcane,West Bengal,Cooch Behar,4,1134.0,1441.02,21.31,50.0,False,False,False
Sugarcane,West Bengal,Darjeeling,3,1420.65,1005.02,-41.36,33.33,False,True,False
Sugarcane,West Bengal,Hooghly,4,3225.99,4685.17,31.14,50.0,False,False,True
Sugarcane,West Bengal,Howrah,3,1407.43,1539.45,8.58,33.33,False,False,False
Sugarcane,West Bengal,Jalpaiguri,4,1210.42,1541.18,21.46,50.0,False,False,False
Sugarcane,West Bengal,Malda,4,1001.71,537.39,-86.4,25.0,False,True,False
Sugarcane,West Bengal,Midnapur,4,3968.62,5897.63,32.71,75.0,True,False,True
Sugarcane,West Bengal,Murshidabad,4,654.32,543.01,-20.5,25.0,False,True,False
Sugarcane,West Bengal,Nadia,4,3371.07,3490.86,3.43,50.0,False,False,True
Sugarcane,West Bengal,Purulia,4,4519.19,2968.24,-52.25,25.0,False,True,True
Sugarcane,West Bengal,West Dinajpur,4,1190.97,1588.45,25.02,50.0,False,False,False
Rapeseed and Mustard,Andhra Pradesh,Ananthapur,4,21.65,0.0,0.0,0.0,False,True,False
Rapeseed and Mustard,Andhra Pradesh,Chittoor,4,21.65,0.0,0.0,0.0,False,True,False
Rapeseed and Mustard,Andhra Pradesh,East Godavari,4,21.65,0.0,0.0,0.0,False,True,False
Rapeseed and Mustard,Andhra Pradesh,Guntur,4,415.58,635.77,34.63,75.0,True,False,True
Rapeseed and Mustard,Andhra Pradesh,Kadapa Ysr,4,359.53,270.83,-32.75,25.0,False,True,True
Rapeseed and Mustard,Andhra Pradesh,Krishna,4,658.98,440.14,-49.72,25.0,False,True,True
Rapeseed and Mustard,Andhra Pradesh,Kurnool,4,561.72,535.51,-4.89,25.0,False,True,True
Rapeseed and Mustard,Andhra Pradesh,S.P.S. Nellore,4,247.06,227.38,-8.66,75.0,False,False,False
Rapeseed and Mustard,Andhra Pradesh,Srikakulam,4,21.65,0.0,0.0,0.0,False,True,False
Rapeseed and Mustard,Andhra Pradesh,Visakhapatnam,4,21.65,0.0,0.0,0.0,False,True,False
Rapeseed and Mustard,Andhra Pradesh,West Godavari,4,358.76,500.0,28.25,75.0,True,False,True
Rapeseed and Mustard,Assam,Cachar,4,106.17,115.5,8.08,75.0,True,False,False
Rapeseed and Mustard,Assam,Darrang,4,46.08,76.73,39.95,75.0,True,False,False
Rapeseed and Mustard,Assam,Dibrugarh,4,83.59,61.15,-36.7,25.0,False,True,False
Rapeseed and Mustard,Assam,Goalpara,4,43.9,21.02,-108.85,25.0,False,True,False
Rapeseed and Mustard,Assam,Kamrup,4,50.29,45.46,-10.62,50.0,False,True,False
Rapeseed and Mustard,Assam,Karbi Anglong,4,91.03,72.53,-25.51,50.0,False,True,False
Rapeseed and Mustard,Assam,Lakhimpur,4,200.09,269.85,25.85,75.0,True,False,False
Rapeseed and Mustard,Assam,Nagaon,4,45.7,62.25,26.59,75.0,True,False,False
Rapeseed and Mustard,Assam,North Cachar Hil / Dima Hasao,4,258.89,268.07,3.42,50.0,False,False,False
Rapeseed and Mustard,Assam,Sibsagar,4,47.91,55.24,13.27,50.0,False,False,False
Rapeseed and Mustard,Bihar,Bhagalpur,4,208.59,167.38,-24.62,50.0,False,True,False
Rapeseed and Mustard,Bihar,Champaran,4,302.69,337.07,10.2,75.0,True,False,False
Rapeseed and Mustard,Bihar,Darbhanga,4,268.31,491.04,45.36,100.0,True,False,False
Rapeseed and Mustard,Bihar,Gaya,4,97.61,184.27,47.03,75.0,True,False,False
Rapeseed and Mustard,Bihar,Mungair,4,289.48,401.13,27.83,75.0,True,False,False
Rapeseed and Mustard,Bihar,Muzaffarpur,4,330.05,586.16,43.69,100.0,True,False,True
Rapeseed and Mustard,Bihar,Patna,4,174.76,400.35,56.35,75.0,True,False,False
Rapeseed and Mustard,Bihar,Purnea,4,393.95,362.5,-8.68,25.0,False,True,True
Rapeseed and Mustard,Bihar,Saharsa,4,85.65,135.46,36.77,50.0,False,False,False
Rapeseed and Mustard,Bihar,Saran,4,211.19,121.81,-73.38,25.0,False,True,False
Rapeseed and Mustard,Bihar,Shahabad (Now Part Of Bhojpur District),4,159.96,92.88,-72.22,25.0,False,True,False
Rapeseed and Mustard,Chhattisgarh,Bastar,4,69.79,66.62,-4.76,75.0,False,False,False
Rapeseed and Mustard,Chhattisgarh,Bilaspur,4,74.81,39.2,-90.84,0.0,False,True,False
Rapeseed and Mustard,Chhattisgarh,Durg,4,44.35,38.32,-15.74,50.0,False,True,False
Rapeseed and Mustard,Chhattisgarh,Raigarh,4,69.59,48.2,-44.38,25.0,False,True,False
Rapeseed and Mustard,Chhattisgarh,Raipur,4,50.27,57.43,12.47,75.0,True,False,False
Rapeseed and Mustard,Chhattisgarh,Surguja,4,80.25,71.29,-12.57,50.0,False,True,False
Rapeseed and Mustard,Gujarat,Ahmedabad,4,108.16,60.65,-78.33,50.0,False,True,False
Rapeseed and Mustard,Gujarat,Amreli,4,867.44,904.17,4.06,75.0,False,False,True
Rapeseed and Mustard,Gujarat,Banaskantha,4,267.09,213.46,-25.12,25.0,False,True,False
Rapeseed and Mustard,Gujarat,Bharuch,4,442.52,375.78,-17.76,75.0,False,True,True
Rapeseed and Mustard,Gujarat,Bhavnagar,4,530.06,505.6,-4.84,75.0,False,False,True
Rapeseed and Mustard,Gujarat,Dangs,4,40.62,0.0,0.0,0.0,False,True,False
Rapeseed and Mustard,Gujarat,Jamnagar,4,249.37,144.75,-72.28,50.0,False,True,False
Rapeseed and Mustard,Gujarat,Junagadh,4,986.33,757.29,-30.24,25.0,False,True,True
Rapeseed and Mustard,Gujarat,Kheda,4,267.19,276.36,3.32,25.0,False,True,False
Rapeseed and Mustard,Gujarat,Kutch,4,221.76,111.03,-99.73,25.0,False,True,False
Rapeseed and Mustard,Gujarat,Mehsana,4,156.36,62.56,-149.94,25.0,False,True,False
Rapeseed and Mustard,Gujarat,Panchmahal,4,206.6,158.44,-30.4,75.0,False,True,False
Rapeseed and Mustard,Gujarat,Rajkot,4,342.77,213.32,-60.68,25.0,False,True,True
Rapeseed and Mustard,Gujarat,Sabarkantha,4,184.35,231.94,20.52,50.0,False,False,False
Rapeseed and Mustard,Gujarat,Surat,4,512.92,378.92,-35.36,75.0,False,True,True
Rapeseed and Mustard,Gujarat,Surendranagar,4,221.8,167.08,-32.75,50.0,False,True,False
Rapeseed and Mustard,Gujarat,Vadodara / Baroda,4,262.01,148.78,-76.11,25.0,False,True,False
Rapeseed and Mustard,Gujarat,Valsad,4,915.87,695.14,-31.75,25.0,False,True,True
Rapeseed and Mustard,Haryana,Ambala,4,444.68,431.25,-3.11,50.0,False,False,True
Rapeseed and Mustard,Haryana,Gurgaon,4,523.47,381.31,-37.28,25.0,False,True,True
Rapeseed and Mustard,Haryana,Hissar,4,187.66,162.06,-15.8,50.0,False,True,False
Rapeseed and Mustard,Haryana,Jind,4,594.64,415.35,-43.17,0.0,False,True,True
Rapeseed and Mustard,Haryana,Karnal,4,689.51,439.24,-56.98,0.0,False,True,True
Rapeseed and Mustard,Haryana,Mahendragarh / Narnaul,4,267.5,157.8,-69.52,25.0,False,True,False
Rapeseed and Mustard,Haryana,Rohtak,4,411.81,296.17,-39.05,25.0,False,True,True
Rapeseed and Mustard,Himachal Pradesh,Bilashpur,4,292.28,283.51,-3.09,50.0,False,False,False
Rapeseed and Mustard,Himachal Pradesh,Chamba,4,145.56,149.68,2.75,50.0,False,False,False
Rapeseed and Mustard,Himachal Pradesh,Kangra,4,140.95,149.65,5.81,50.0,False,False,False
Rapeseed and Mustard,Himachal Pradesh,Kinnaur,4,249.42,97.54,-155.71,0.0,False,True,False
Rapeseed and Mustard,Himachal Pradesh,Kullu,4,129.1,130.32,0.94,25.0,False,True,False
Rapeseed and Mustard,Himachal Pradesh,Lahul & Spiti,4,716.49,473.66,-51.27,50.0,False,True,True
Rapeseed and Mustard,Himachal Pradesh,Mandi,4,195.16,234.04,16.61,75.0,True,False,False
Rapeseed and Mustard,Himachal Pradesh,Shimla,4,199.19,180.2,-10.54,25.0,False,True,False
Rapeseed and Mustard,Himachal Pradesh,Sirmaur,4,250.49,176.51,-41.91,25.0,False,True,False
Rapeseed and Mustard,Himachal Pradesh,Solan,4,310.05,262.9,-17.93,25.0,False,True,False
Rapeseed and Mustard,Jharkhand,Dhanbad,4,713.69,573.8,-24.38,25.0,False,True,True
Rapeseed and Mustard,Jharkhand,Hazaribagh,4,199.1,180.99,-10.01,25.0,False,True,False
Rapeseed and Mustard,Jharkhand,Palamau,4,216.93,200.16,-8.38,50.0,False,False,False
Rapeseed and Mustard,Jharkhand,Ranchi,4,116.46,191.99,39.34,100.0,True,False,False
Rapeseed and Mustard,Jharkhand,Santhal Paragana / Dumka,4,266.14,214.78,-23.91,50.0,False,True,False
Rapeseed and Mustard,Jharkhand,Singhbhum,4,223.53,158.45,-41.07,50.0,False,True,False
Rapeseed and Mustard,Karnataka,Bangalore,4,193.99,95.62,-102.88,0.0,False,True,False
Rapeseed and Mustard,Karnataka,Belgaum,4,173.0,116.76,-48.17,50.0,False,True,False
Rapeseed and Mustard,Karnataka,Bellary,4,60.31,57.39,-5.09,25.0,False,True,False
Rapeseed and Mustard,Karnataka,Bidar,4,143.61,82.38,-74.33,50.0,False,True,False
Rapeseed and Mustard,Karnataka,Bijapur / Vijayapura,4,8.37,0.0,0.0,0.0,False,True,False
Rapeseed and Mustard,Karnataka,Chickmagalur,4,124.49,156.43,20.42,50.0,False,False,False
Rapeseed and Mustard,Karnataka,Chitradurga,4,50.51,68.01,25.73,50.0,False,False,False
Rapeseed and Mustard,Karnataka,Dakshina Kannada,4,8.37,0.0,0.0,0.0,False,True,False
Rapeseed and Mustard,Karnataka,Dharwad,4,46.24,98.31,52.97,100.0,True,False,False
Rapeseed and Mustard,Karnataka,Gulbarga / Kalaburagi,4,181.78,78.03,-132.96,25.0,False,True,False
Rapeseed and Mustard,Karnataka,Hassan,4,57.56,45.69,-25.98,50.0,False,True,False
Rapeseed and Mustard,Karnataka,Kodagu / Coorg,4,8.37,0.0,0.0,0.0,False,True,False
Rapeseed and Mustard,Karnataka,Kolar,4,44.77,28.53,-56.92,25.0,False,True,False
Rapeseed and Mustard,Karnataka,Mandya,4,8.37,0.0,0.0,0.0,False,True,False
Rapeseed and Mustard,Karnataka,Mysore,4,8.37,0.0,0.0,0.0,False,True,False
Rapeseed and Mustard,Karnataka,Raichur,4,41.41,41.58,0.41,25.0,False,True,False
Rapeseed and Mustard,Karnataka,Shimoge,4,8.37,0.0,0.0,0.0,False,True,False
Rapeseed and Mustard,Karnataka,Tumkur,4,106.76,15.95,-569.34,25.0,False,True,False
Rapeseed and Mustard,Karnataka,Uttara Kannada,4,8.37,0.0,0.0,0.0,False,True,False
Rapeseed and Mustard,Kerala,Alappuzha,4,12.78,0.0,0.0,0.0,False,True,False
Rapeseed and Mustard,Kerala,Eranakulam,4,12.78,0.0,0.0,0.0,False,True,False
Rapeseed and Mustard,Kerala,Kannur,4,12.78,0.0,0.0,0.0,False,True,False
Rapeseed and Mustard,Kerala,Kollam,4,12.78,0.0,0.0,0.0,False,True,False
Rapeseed and Mustard,Kerala,Kottayam,4,12.78,0.0,0.0,0.0,False,True,False
Rapeseed and Mustard,Kerala,Kozhikode,4,12.78,0.0,0.0,0.0,False,True,False
Rapeseed and Mustard,Kerala,Malappuram,4,12.78,0.0,0.0,0.0,False,True,False
Rapeseed and Mustard,Kerala,Palakkad,4,12.78,0.0,0.0,0.0,False,True,False
Rapeseed and Mustard,Kerala,Thiruvananthapuram,4,12.78,0.0,0.0,0.0,False,True,False
Rapeseed and Mustard,Kerala,Thrissur,4,12.78,0.0,0.0,0.0,False,True,False
Rapeseed and Mustard,Madhya Pradesh,Balaghat,4,172.42,192.44,10.4,75.0,True,False,False
Rapeseed and Mustard,Madhya Pradesh,Betul,4,393.56,442.78,11.12,75.0,True,False,True
Rapeseed and Mustard,Madhya Pradesh,Bhind,4,403.39,360.79,-11.81,50.0,False,True,True
Rapeseed and Mustard,Madhya Pradesh,Chhatarpur,4,266.95,261.02,-2.27,50.0,False,False,False
Rapeseed and Mustard,Madhya Pradesh,Chhindwara,4,540.12,795.74,32.12,100.0,True,False,True
Rapeseed and Mustard,Madhya Pradesh,Damoh,4,620.55,709.63,12.55,50.0,False,False,True
Rapeseed and Mustard,Madhya Pradesh,Datia,4,216.9,200.32,-8.28,25.0,False,True,False
Rapeseed and Mustard,Madhya Pradesh,Dewas,4,453.49,411.49,-10.21,50.0,False,True,True
Rapeseed and Mustard,Madhya Pradesh,Dhar,4,671.81,727.32,7.63,50.0,False,False,True
Rapeseed and Mustard,Madhya Pradesh,Guna,4,166.89,147.14,-13.42,25.0,False,True,False
Rapeseed and Mustard,Madhya Pradesh,Gwalior,4,333.27,256.34,-30.01,25.0,False,True,True
Rapeseed and Mustard,Madhya Pradesh,Hoshangabad,4,339.41,400.78,15.31,75.0,True,False,True
Rapeseed and Mustard,Madhya Pradesh,Indore,4,354.06,502.64,29.56,75.0,True,False,True
Rapeseed and Mustard,Madhya Pradesh,Jabalpur,4,77.19,133.1,42.01,100.0,True,False,False
Rapeseed and Mustard,Madhya Pradesh,Jhabua,4,301.99,300.0,-0.66,25.0,False,True,False
Rapeseed and Mustard,Madhya Pradesh,Khandwa / East Nimar,4,162.1,195.83,17.22,75.0,True,False,False
Rapeseed and Mustard,Madhya Pradesh,Khargone / West Nimar,4,311.58,342.11,8.92,75.0,True,False,True
Rapeseed and Mustard,Madhya Pradesh,Mandla,4,177.85,118.72,-49.81,25.0,False,True,False
Rapeseed and Mustard,Madhya Pradesh,Mandsaur,4,327.78,267.17,-22.69,50.0,False,True,True
Rapeseed and Mustard,Madhya Pradesh,Morena,4,220.82,197.12,-12.02,50.0,False,True,False
Rapeseed and Mustard,Madhya Pradesh,Narsinghpur,4,422.49,519.53,18.68,50.0,False,False,True
Rapeseed and Mustard,Madhya Pradesh,Panna,4,83.05,100.76,17.58,75.0,True,False,False
Rapeseed and Mustard,Madhya Pradesh,Raisen,4,319.91,370.24,13.59,25.0,False,True,True
Rapeseed and Mustard,Madhya Pradesh,Rajgarh,4,204.32,153.47,-33.13,25.0,False,True,False
Rapeseed and Mustard,Madhya Pradesh,Ratlam,4,201.28,272.43,26.12,75.0,True,False,False
Rapeseed and Mustard,Madhya Pradesh,Rewa,3,107.07,182.46,41.32,100.0,True,False,False
Rapeseed and Mustard,Madhya Pradesh,Sagar,4,512.39,412.14,-24.32,25.0,False,True,True
Rapeseed and Mustard,Madhya Pradesh,Satna,4,383.65,503.41,23.79,100.0,True,False,True
Rapeseed and Mustard,Madhya Pradesh,Sehore,4,343.95,427.21,19.49,75.0,True,False,True
Rapeseed and Mustard,Madhya Pradesh,Seoni / Shivani,4,337.21,301.45,-11.86,25.0,False,True,True
Rapeseed and Mustard,Madhya Pradesh,Shahdol,4,89.42,102.16,12.47,50.0,False,False,False
Rapeseed and Mustard,Madhya Pradesh,Shajapur,4,183.18,217.61,15.82,75.0,True,False,False
Rapeseed and Mustard,Madhya Pradesh,Shivpuri,4,274.03,167.15,-63.94,25.0,False,True,False
Rapeseed and Mustard,Madhya Pradesh,Sidhi,4,99.32,110.76,10.33,50.0,False,False,False
Rapeseed and Mustard,Madhya Pradesh,Tikamgarh,4,190.88,207.39,7.96,50.0,False,False,False
Rapeseed and Mustard,Madhya Pradesh,Ujjain,4,168.66,117.75,-43.24,25.0,False,True,False
Rapeseed and Mustard,Madhya Pradesh,Vidisha,4,497.04,743.19,33.12,100.0,True,False,True
Rapeseed and Mustard,Maharashtra,Ahmednagar,4,87.27,119.13,26.74,50.0,False,False,False
Rapeseed and Mustard,Maharashtra,Akola,4,190.71,166.67,-14.42,25.0,False,True,False
Rapeseed and Mustard,Maharashtra,Amarawati,4,95.86,100.0,4.14,25.0,False,True,False
Rapeseed and Mustard,Maharashtra,Aurangabad,4,96.31,72.69,-32.49,25.0,False,True,False
Rapeseed and Mustard,Maharashtra,Beed,4,140.26,158.33,11.41,50.0,False,False,False
Rapeseed and Mustard,Maharashtra,Bhandara,4,146.2,121.67,-20.16,25.0,False,True,False
Rapeseed and Mustard,Maharashtra,Buldhana,4,122.4,140.48,12.87,50.0,False,False,False
Rapeseed and Mustard,Maharashtra,Chandrapur,4,221.77,145.91,-51.99,25.0,False,True,False
Rapeseed and Mustard,Maharashtra,Dhule,4,143.33,135.09,-6.1,25.0,False,True,False
Rapeseed and Mustard,Maharashtra,Jalgaon,4,307.4,291.67,-5.39,25.0,False,True,False
Rapeseed and Mustard,Maharashtra,Kolhapur,4,106.98,83.33,-28.38,25.0,False,True,False
Rapeseed and Mustard,Maharashtra,Nagpur,4,163.11,166.67,2.14,50.0,False,False,False
Rapeseed and Mustard,Maharashtra,Nanded,4,95.38,74.79,-27.53,25.0,False,True,False
Rapeseed and Mustard,Maharashtra,Nasik,4,184.55,250.0,26.18,25.0,False,True,False
Rapeseed and Mustard,Maharashtra,Osmanabad,4,127.9,93.49,-36.81,25.0,False,True,False
Rapeseed and Mustard,Maharashtra,Parbhani,4,158.76,156.25,-1.61,50.0,False,False,False
Rapeseed and Mustard,Maharashtra,Pune,4,95.86,100.0,4.14,25.0,False,True,False
Rapeseed and Mustard,Maharashtra,Raigad,4,79.19,83.33,4.97,25.0,False,True,False
Rapeseed and Mustard,Maharashtra,Ratnagiri,4,280.44,243.06,-15.38,25.0,False,True,False
Rapeseed and Mustard,Maharashtra,Sangli,4,174.43,178.57,2.32,25.0,False,True,False
Rapeseed and Mustard,Maharashtra,Satara,4,99.0,116.67,15.15,50.0,False,False,False
Rapeseed and Mustard,Maharashtra,Solapur,4,63.54,61.11,-3.98,50.0,False,False,False
Rapeseed and Mustard,Maharashtra,Thane,4,198.58,208.33,4.68,50.0,False,False,False
Rapeseed and Mustard,Maharashtra,Wardha,4,483.96,416.67,-16.15,25.0,False,True,True
Rapeseed and Mustard,Maharashtra,Yeotmal,4,95.86,100.0,4.14,25.0,False,True,False
Rapeseed and Mustard,Orissa,Balasore,4,74.91,38.43,-94.93,0.0,False,True,False
Rapeseed and Mustard,Orissa,Bolangir,4,70.38,22.78,-208.96,25.0,False,True,False
Rapeseed and Mustard,Orissa,Cuttack,4,36.6,19.44,-88.27,50.0,False,True,False
Rapeseed and Mustard,Orissa,Dhenkanal,4,39.42,31.14,-26.59,75.0,False,True,False
Rapeseed and Mustard,Orissa,Ganjam,4,55.93,26.34,-112.34,25.0,False,True,False
Rapeseed and Mustard,Orissa,Kalahandi,4,86.81,27.71,-213.28,0.0,False,True,False
Rapeseed and Mustard,Orissa,Keonjhar,4,25.63,31.25,17.98,25.0,False,True,False
Rapeseed and Mustard,Orissa,Koraput,4,33.19,25.54,-29.95,50.0,False,True,False
Rapeseed and Mustard,Orissa,Mayurbhanja,4,70.1,24.64,-184.5,0.0,False,True,False
Rapeseed and Mustard,Orissa,Phulbani ( Kandhamal ),4,49.26,51.44,4.24,75.0,False,False,False
Rapeseed and Mustard,Orissa,Puri,4,16.55,48.28,65.72,75.0,True,False,False
Rapeseed and Mustard,Orissa,Sambalpur,4,55.7,10.95,-408.68,0.0,False,True,False
Rapeseed and Mustard,Orissa,Sundargarh,4,60.35,8.09,-645.98,0.0,False,True,False
Rapeseed and Mustard,Punjab,Amritsar,4,466.01,288.56,-61.5,25.0,False,True,True
Rapeseed and Mustard,Punjab,Bhatinda,4,233.04,201.47,-15.67,50.0,False,True,False
Rapeseed and Mustard,Punjab,Ferozpur,4,166.19,106.24,-56.43,50.0,False,True,False
Rapeseed and Mustard,Punjab,Gurdaspur,4,163.09,123.28,-32.29,50.0,False,True,False
Rapeseed and Mustard,Punjab,Hoshiarpur,4,64.7,48.77,-32.66,75.0,False,True,False
Rapeseed and Mustard,Punjab,Jalandhar,4,96.75,30.17,-220.68,25.0,False,True,False
Rapeseed and Mustard,Punjab,Kapurthala,4,381.79,459.17,16.85,75.0,True,False,True
Rapeseed and Mustard,Punjab,Ludhiana,4,142.78,130.22,-9.65,50.0,False,False,False
Rapeseed and Mustard,Punjab,Patiala,4,236.38,221.05,-6.94,50.0,False,False,False
Rapeseed and Mustard,Punjab,Roopnagar / Ropar,4,86.25,102.44,15.8,50.0,False,False,False
Rapeseed and Mustard,Punjab,Sangrur,3,116.6,125.94,7.42,66.67,False,False,False
Rapeseed and Mustard,Rajasthan,Ajmer,4,352.8,335.63,-5.12,50.0,False,False,True
Rapeseed and Mustard,Rajasthan,Alwar,4,328.19,210.79,-55.7,0.0,False,True,True
Rapeseed and Mustard,Rajasthan,Banswara,4,60.04,169.16,64.51,100.0,True,False,False
Rapeseed and Mustard,Rajasthan,Barmer,4,149.43,134.6,-11.02,50.0,False,True,False
Rapeseed and Mustard,Rajasthan,Bharatpur,4,351.24,247.41,-41.97,25.0,False,True,True
Rapeseed and Mustard,Rajasthan,Bhilwara,4,206.71,192.18,-7.56,50.0,False,False,False
Rapeseed and Mustard,Rajasthan,Bikaner,4,86.43,42.18,-104.91,25.0,False,True,False
Rapeseed and Mustard,Rajasthan,Bundi,4,309.53,304.24,-1.74,50.0,False,False,False
Rapeseed and Mustard,Rajasthan,Chittorgarh,4,289.51,236.37,-22.48,50.0,False,True,False
Rapeseed and Mustard,Rajasthan,Churu,4,142.72,103.04,-38.51,50.0,False,True,False
Rapeseed and Mustard,Rajasthan,Dungarpur,4,274.78,144.91,-89.62,25.0,False,True,False
Rapeseed and Mustard,Rajasthan,Ganganagar,4,146.39,92.3,-58.6,50.0,False,True,False
Rapeseed and Mustard,Rajasthan,Jaipur,4,179.22,177.39,-1.03,25.0,False,True,False
Rapeseed and Mustard,Rajasthan,Jaisalmer,4,148.68,178.63,16.77,75.0,True,False,False
Rapeseed and Mustard,Rajasthan,Jalore,4,67.42,79.29,14.97,50.0,False,False,False
Rapeseed and Mustard,Rajasthan,Jhalawar,4,440.03,351.47,-25.2,25.0,False,True,True
Rapeseed and Mustard,Rajasthan,Jhunjhunu,4,232.74,170.6,-36.42,50.0,False,True,False
Rapeseed and Mustard,Rajasthan,Jodhpur,4,115.67,130.58,11.42,50.0,False,False,False
Rapeseed and Mustard,Rajasthan,Kota,4,281.06,233.6,-20.32,50.0,False,True,False
Rapeseed and Mustard,Rajasthan,Nagaur,4,206.47,166.66,-23.89,75.0,False,True,False
Rapeseed and Mustard,Rajasthan,Pali,4,172.58,138.92,-24.23,25.0,False,True,False
Rapeseed and Mustard,Rajasthan,Sikar,4,112.09,85.77,-30.69,25.0,False,True,False
Rapeseed and Mustard,Rajasthan,Sirohi,4,100.52,144.18,30.28,50.0,False,False,False
Rapeseed and Mustard,Rajasthan,Swami Madhopur,4,228.69,244.14,6.33,50.0,False,False,False
Rapeseed and Mustard,Rajasthan,Tonk,4,308.16,278.86,-10.51,50.0,False,True,False
Rapeseed and Mustard,Rajasthan,Udaipur,4,88.82,114.69,22.56,50.0,False,False,False
Rapeseed and Mustard,Tamil Nadu,Chengalpattu Mgr / Kanchipuram,4,23.36,0.0,0.0,0.0,False,True,False
Rapeseed and Mustard,Tamil Nadu,Coimbatore,4,187.42,208.33,10.04,50.0,False,False,False
Rapeseed and Mustard,Tamil Nadu,Kanyakumari,3,27.21,0.0,0.0,0.0,False,True,False
Rapeseed and Mustard,Tamil Nadu,Madurai,4,67.29,71.43,5.8,25.0,False,True,False
Rapeseed and Mustard,Tamil Nadu,North Arcot / Vellore,3,27.21,0.0,0.0,0.0,False,True,False
Rapeseed and Mustard,Tamil Nadu,Ramananthapuram,4,23.36,0.0,0.0,0.0,False,True,False
Rapeseed and Mustard,Tamil Nadu,South Arcot / Cuddalore,4,23.36,0.0,0.0,0.0,False,True,False
Rapeseed and Mustard,Tamil Nadu,Thanjavur,4,185.47,97.92,-89.41,25.0,False,True,False
Rapeseed and Mustard,Tamil Nadu,The Nilgiris,3,27.21,0.0,0.0,0.0,False,True,False
Rapeseed and Mustard,Tamil Nadu,Thirunelveli,3,27.21,0.0,0.0,0.0,False,True,False
Rapeseed and Mustard,Tamil Nadu,Tiruchirapalli / Trichy,3,147.53,93.25,-58.21,33.33,False,True,False
Rapeseed and Mustard,Telangana,Adilabad,4,791.84,703.63,-12.54,25.0,False,True,True
Rapeseed and Mustard,Telangana,Hyderabad,4,30.17,0.0,0.0,0.0,False,True,False
Rapeseed and Mustard,Telangana,Karimnagar,4,1103.47,727.46,-51.69,25.0,False,True,True
Rapeseed and Mustard,Telangana,Khammam,4,30.17,0.0,0.0,0.0,False,True,False
Rapeseed and Mustard,Telangana,Mahabubnagar,4,30.17,0.0,0.0,0.0,False,True,False
Rapeseed and Mustard,Telangana,Medak,4,30.17,0.0,0.0,0.0,False,True,False
Rapeseed and Mustard,Telangana,Nalgonda,4,30.17,0.0,0.0,0.0,False,True,False
Rapeseed and Mustard,Telangana,Nizamabad,4,650.46,606.43,-7.26,75.0,False,False,True
Rapeseed and Mustard,Telangana,Warangal,4,30.17,0.0,0.0,0.0,False,True,False
Rapeseed and Mustard,Uttar Pradesh,Agra,4,317.1,417.42,24.03,75.0,True,False,True
Rapeseed and Mustard,Uttar Pradesh,Aligarh,4,276.49,288.46,4.15,75.0,False,False,False
Rapeseed and Mustard,Uttar Pradesh,Allahabad,4,336.56,330.24,-1.91,50.0,False,False,True
Rapeseed and Mustard,Uttar Pradesh,Azamgarh,4,284.83,239.54,-18.91,50.0,False,True,False
Rapeseed and Mustard,Uttar Pradesh,Bahraich,4,83.74,112.31,25.44,75.0,True,False,False
Rapeseed and Mustard,Uttar Pradesh,Ballia,4,298.19,239.9,-24.3,50.0,False,True,False
Rapeseed and Mustard,Uttar Pradesh,Banda,4,126.42,239.25,47.16,100.0,True,False,False
Rapeseed and Mustard,Uttar Pradesh,Barabanki,4,91.15,156.77,41.86,75.0,True,False,False
Rapeseed and Mustard,Uttar Pradesh,Bareilly,4,378.23,388.17,2.56,50.0,False,False,True
Rapeseed and Mustard,Uttar Pradesh,Basti,4,201.49,149.09,-35.15,50.0,False,True,False
Rapeseed and Mustard,Uttar Pradesh,Bijnor,4,326.01,226.03,-44.23,25.0,False,True,True
Rapeseed and Mustard,Uttar Pradesh,Budaun,4,253.85,262.55,3.31,75.0,False,False,False
Rapeseed and Mustard,Uttar Pradesh,Buland Shahar,4,317.13,231.18,-37.18,50.0,False,True,True
Rapeseed and Mustard,Uttar Pradesh,Deoria,4,109.91,167.93,34.55,50.0,False,False,False
Rapeseed and Mustard,Uttar Pradesh,Etah,4,215.18,230.19,6.52,50.0,False,False,False
Rapeseed and Mustard,Uttar Pradesh,Etawah,4,567.21,485.5,-16.83,50.0,False,True,True
Rapeseed and Mustard,Uttar Pradesh,Faizabad,4,89.63,140.56,36.23,75.0,True,False,False
Rapeseed and Mustard,Uttar Pradesh,Farrukhabad,4,474.24,439.69,-7.86,25.0,False,True,True
Rapeseed and Mustard,Uttar Pradesh,Fatehpur,4,232.59,349.31,33.41,75.0,True,False,False
Rapeseed and Mustard,Uttar Pradesh,Ghazipur,4,529.7,531.07,0.26,50.0,False,False,True
Rapeseed and Mustard,Uttar Pradesh,Gonda,4,116.47,68.97,-68.87,25.0,False,True,False
Rapeseed and Mustard,Uttar Pradesh,Gorakhpur,4,178.27,261.25,31.76,75.0,True,False,False
Rapeseed and Mustard,Uttar Pradesh,Hamirpur,4,271.46,287.74,5.66,50.0,False,False,False
Rapeseed and Mustard,Uttar Pradesh,Hardoi,4,245.36,215.2,-14.01,50.0,False,True,False
Rapeseed and Mustard,Uttar Pradesh,Jalaun,4,391.03,414.21,5.6,50.0,False,False,True
Rapeseed and Mustard,Uttar Pradesh,Jaunpur,4,548.29,534.69,-2.54,50.0,False,False,True
Rapeseed and Mustard,Uttar Pradesh,Jhansi,4,161.47,232.2,30.46,75.0,True,False,False
Rapeseed and Mustard,Uttar Pradesh,Kanpur,4,381.0,332.84,-14.47,50.0,False,True,True
Rapeseed and Mustard,Uttar Pradesh,Kheri,4,102.97,93.94,-9.61,75.0,False,False,False
Rapeseed and Mustard,Uttar Pradesh,Lucknow,4,273.86,281.28,2.64,50.0,False,False,False
Rapeseed and Mustard,Uttar Pradesh,Mainpuri,4,227.34,126.75,-79.36,25.0,False,True,False
Rapeseed and Mustard,Uttar Pradesh,Mathura,4,372.17,301.25,-23.54,50.0,False,True,True
Rapeseed and Mustard,Uttar Pradesh,Meerut,4,195.88,164.71,-18.92,50.0,False,True,False
Rapeseed and Mustard,Uttar Pradesh,Mirzpur,4,98.27,101.97,3.63,75.0,False,False,False
Rapeseed and Mustard,Uttar Pradesh,Moradabad,4,256.23,175.58,-45.93,50.0,False,True,False
Rapeseed and Mustard,Uttar Pradesh,Muzaffarnagar,4,383.75,308.65,-24.33,25.0,False,True,True
Rapeseed and Mustard,Uttar Pradesh,Pilibhit,4,213.08,88.73,-140.14,0.0,False,True,False
Rapeseed and Mustard,Uttar Pradesh,Pratapgarh,4,314.18,382.52,17.87,75.0,True,False,True
Rapeseed and Mustard,Uttar Pradesh,Rae-Bareily,4,121.15,244.04,50.36,75.0,True,False,False
Rapeseed and Mustard,Uttar Pradesh,Rampur,4,336.73,254.83,-32.14,25.0,False,True,True
Rapeseed and Mustard,Uttar Pradesh,Saharanpur,4,193.1,163.67,-17.98,50.0,False,True,False
Rapeseed and Mustard,Uttar Pradesh,Shahjahanpur,4,230.6,221.22,-4.24,75.0,False,False,False
Rapeseed and Mustard,Uttar Pradesh,Sitapur,4,147.99,124.31,-19.05,25.0,False,True,False
Rapeseed and Mustard,Uttar Pradesh,Sultanpur,4,92.42,140.64,34.29,75.0,True,False,False
Rapeseed and Mustard,Uttar Pradesh,Unnao,4,235.84,217.18,-8.59,50.0,False,False,False
Rapeseed and Mustard,Uttar Pradesh,Varanasi,4,450.14,475.3,5.29,50.0,False,False,True
Rapeseed and Mustard,Uttarakhand,Almorah,4,149.04,249.07,40.16,75.0,True,False,False
Rapeseed and Mustard,Uttarakhand,Chamoli,4,185.81,243.31,23.63,75.0,True,False,False
Rapeseed and Mustard,Uttarakhand,Dehradun,4,139.24,121.82,-14.3,25.0,False,True,False
Rapeseed and Mustard,Uttarakhand,Garhwal,4,212.9,173.26,-22.88,25.0,False,True,False
Rapeseed and Mustard,Uttarakhand,Nainital,4,251.1,165.01,-52.17,0.0,False,True,False
Rapeseed and Mustard,Uttarakhand,Pithorgarh,4,117.63,138.14,14.85,50.0,False,False,False
Rapeseed and Mustard,Uttarakhand,Tehri Garhwal,4,336.81,288.78,-16.63,25.0,False,True,True
Rapeseed and Mustard,Uttarakhand,Uttar Kashi,4,181.29,149.31,-21.42,50.0,False,True,False
Rapeseed and Mustard,West Bengal,24 Parganas,4,64.14,56.32,-13.88,75.0,False,True,False
Rapeseed and Mustard,West Bengal,Bankura,4,73.11,24.1,-203.36,0.0,False,True,False
Rapeseed and Mustard,West Bengal,Birbhum,4,65.23,63.9,-2.08,25.0,False,True,False
Rapeseed and Mustard,West Bengal,Burdwan,4,109.99,44.34,-148.06,0.0,False,True,False
Rapeseed and Mustard,West Bengal,Cooch Behar,4,69.18,82.34,15.98,50.0,False,False,False
Rapeseed and Mustard,West Bengal,Darjeeling,4,178.89,101.23,-76.72,0.0,False,True,False
Rapeseed and Mustard,West Bengal,Hooghly,4,58.58,52.9,-10.74,50.0,False,True,False
Rapeseed and Mustard,West Bengal,Howrah,4,162.53,189.36,14.17,75.0,True,False,False
Rapeseed and Mustard,West Bengal,Jalpaiguri,4,99.82,56.93,-75.34,0.0,False,True,False
Rapeseed and Mustard,West Bengal,Malda,4,72.31,62.37,-15.94,50.0,False,True,False
Rapeseed and Mustard,West Bengal,Midnapur,4,140.07,79.34,-76.54,25.0,False,True,False
Rapeseed and Mustard,West Bengal,Murshidabad,4,117.4,112.76,-4.11,50.0,False,False,False
Rapeseed and Mustard,West Bengal,Nadia,4,95.65,111.41,14.15,50.0,False,False,False
Rapeseed and Mustard,West Bengal,Purulia,4,52.93,58.7,9.83,50.0,False,False,False
Rapeseed and Mustard,West Bengal,West Dinajpur,4,146.53,154.4,5.1,50.0,False,False,False
Groundnut,Andhra Pradesh,Ananthapur,4,375.82,326.67,-15.05,50.0,False,True,False
Groundnut,Andhra Pradesh,Chittoor,4,452.09,467.44,3.28,50.0,False,False,False
Groundnut,Andhra Pradesh,East Godavari,4,213.07,495.29,56.98,100.0,True,False,False
Groundnut,Andhra Pradesh,Guntur,4,716.49,578.1,-23.94,25.0,False,True,True
Groundnut,Andhra Pradesh,Kadapa Ysr,4,439.44,378.73,-16.03,50.0,False,True,False
Groundnut,Andhra Pradesh,Krishna,4,593.27,826.3,28.2,75.0,True,False,True
Groundnut,Andhra Pradesh,Kurnool,4,180.92,279.32,35.23,100.0,True,False,False
Groundnut,Andhra Pradesh,S.P.S. Nellore,4,230.35,314.64,26.79,75.0,True,False,False
Groundnut,Andhra Pradesh,Srikakulam,4,164.28,188.17,12.7,50.0,False,False,False
Groundnut,Andhra Pradesh,Visakhapatnam,4,54.17,113.27,52.18,100.0,True,False,False
Groundnut,Andhra Pradesh,West Godavari,4,315.6,530.94,40.56,75.0,True,False,False
Groundnut,Assam,Cachar,4,0.0,0.0,0.0,0.0,False,True,False
Groundnut,Assam,Darrang,4,0.0,0.0,0.0,0.0,False,True,False
Groundnut,Assam,Dibrugarh,4,0.0,0.0,0.0,0.0,False,True,False
Groundnut,Assam,Goalpara,4,0.0,0.0,0.0,0.0,False,True,False
Groundnut,Assam,Kamrup,4,0.0,0.0,0.0,0.0,False,True,False
Groundnut,Assam,Karbi Anglong,4,0.0,0.0,0.0,0.0,False,True,False
Groundnut,Assam,Lakhimpur,4,0.0,0.0,0.0,0.0,False,True,False
Groundnut,Assam,Nagaon,4,0.0,0.0,0.0,0.0,False,True,False
Groundnut,Assam,North Cachar Hil / Dima Hasao,4,0.0,0.0,0.0,0.0,False,True,False
Groundnut,Assam,Sibsagar,4,0.0,0.0,0.0,0.0,False,True,False
Groundnut,Bihar,Bhagalpur,4,0.0,0.0,0.0,0.0,False,True,False
Groundnut,Bihar,Champaran,4,115.96,17.91,-547.46,25.0,False,True,False
Groundnut,Bihar,Darbhanga,4,0.0,0.0,0.0,0.0,False,True,False
Groundnut,Bihar,Gaya,4,106.12,10.11,-949.65,0.0,False,True,False
Groundnut,Bihar,Mungair,4,155.19,0.0,0.0,0.0,False,True,False
Groundnut,Bihar,Muzaffarpur,4,0.0,0.0,0.0,0.0,False,True,False
Groundnut,Bihar,Patna,4,323.46,255.4,-26.65,25.0,False,True,False
Groundnut,Bihar,Purnea,4,0.0,0.0,0.0,0.0,False,True,False
Groundnut,Bihar,Saharsa,4,430.22,508.33,15.37,50.0,False,False,False
Groundnut,Bihar,Saran,4,0.0,0.0,0.0,0.0,False,True,False
Groundnut,Bihar,Shahabad (Now Part Of Bhojpur District),4,641.05,679.17,5.61,50.0,False,False,True
Groundnut,Chhattisgarh,Bastar,4,321.93,162.51,-98.1,0.0,False,True,False
Groundnut,Chhattisgarh,Bilaspur,4,150.68,140.34,-7.37,50.0,False,False,False
Groundnut,Chhattisgarh,Durg,4,155.03,115.49,-34.24,25.0,False,True,False
Groundnut,Chhattisgarh,Raigarh,4,170.79,170.73,-0.04,50.0,False,False,False
Groundnut,Chhattisgarh,Raipur,4,271.63,241.35,-12.55,25.0,False,True,False
Groundnut,Chhattisgarh,Surguja,4,160.55,176.81,9.2,75.0,True,False,False
Groundnut,Gujarat,Ahmedabad,4,1175.77,1002.43,-17.29,50.0,False,True,True
Groundnut,Gujarat,Amreli,4,159.65,388.15,58.87,50.0,False,False,False
Groundnut,Gujarat,Banaskantha,4,356.21,299.8,-18.82,50.0,False,True,False
Groundnut,Gujarat,Bharuch,4,223.05,236.94,5.86,50.0,False,False,False
Groundnut,Gujarat,Bhavnagar,4,514.73,690.23,25.43,50.0,False,False,True
Groundnut,Gujarat,Dangs,4,438.13,632.14,30.69,75.0,True,False,False
Groundnut,Gujarat,Jamnagar,4,1182.8,857.45,-37.94,0.0,False,True,True
Groundnut,Gujarat,Junagadh,4,882.76,538.76,-63.85,0.0,False,True,True
Groundnut,Gujarat,Kheda,4,381.69,296.04,-28.93,25.0,False,True,False
Groundnut,Gujarat,Kutch,4,114.26,157.4,27.41,100.0,True,False,False
Groundnut,Gujarat,Mehsana,4,228.11,372.25,38.72,75.0,True,False,False
Groundnut,Gujarat,Panchmahal,4,226.16,209.03,-8.19,50.0,False,False,False
Groundnut,Gujarat,Rajkot,4,613.9,563.17,-9.01,25.0,False,True,True
Groundnut,Gujarat,Sabarkantha,4,687.24,771.28,10.9,50.0,False,False,True
Groundnut,Gujarat,Surat,4,81.5,68.55,-18.89,50.0,False,True,False
Groundnut,Gujarat,Surendranagar,4,513.58,487.23,-5.41,25.0,False,True,True
Groundnut,Gujarat,Vadodara / Baroda,4,352.36,281.78,-25.05,50.0,False,True,False
Groundnut,Gujarat,Valsad,4,545.72,373.63,-46.06,0.0,False,True,True
Groundnut,Haryana,Ambala,4,459.0,237.5,-93.26,0.0,False,True,False
Groundnut,Haryana,Gurgaon,4,459.0,237.5,-93.26,0.0,False,True,False
Groundnut,Haryana,Hissar,4,402.31,316.05,-27.29,25.0,False,True,False
Groundnut,Haryana,Jind,4,0.0,0.0,0.0,0.0,False,True,False
Groundnut,Haryana,Karnal,4,0.0,0.0,0.0,0.0,False,True,False
Groundnut,Haryana,Mahendragarh / Narnaul,4,577.61,581.93,0.74,50.0,False,False,True
Groundnut,Haryana,Rohtak,4,401.72,415.49,3.31,50.0,False,False,False
Groundnut,Himachal Pradesh,Bilashpur,4,0.0,0.0,0.0,0.0,False,True,False
Groundnut,Himachal Pradesh,Chamba,4,0.0,0.0,0.0,0.0,False,True,False
Groundnut,Himachal Pradesh,Kangra,4,0.0,0.0,0.0,0.0,False,True,False
Groundnut,Himachal Pradesh,Kinnaur,4,0.0,0.0,0.0,0.0,False,True,False
Groundnut,Himachal Pradesh,Kullu,4,310.06,249.81,-24.12,25.0,False,True,False
Groundnut,Himachal Pradesh,Lahul & Spiti,4,0.0,0.0,0.0,0.0,False,True,False
Groundnut,Himachal Pradesh,Mandi,4,309.11,395.83,21.91,25.0,False,True,False
Groundnut,Himachal Pradesh,Shimla,4,371.78,362.5,-2.56,50.0,False,False,False
Groundnut,Himachal Pradesh,Sirmaur,4,214.62,116.9,-83.59,25.0,False,True,False
Groundnut,Himachal Pradesh,Solan,4,0.0,0.0,0.0,0.0,False,True,False
Groundnut,Jharkhand,Dhanbad,4,271.63,271.63,0.0,0.0,False,True,False
Groundnut,Jharkhand,Hazaribagh,4,261.12,261.12,0.0,0.0,False,True,False
Groundnut,Jharkhand,Palamau,4,191.32,191.32,0.0,0.0,False,True,False
Groundnut,Jharkhand,Ranchi,4,328.77,328.77,0.0,0.0,False,True,False
Groundnut,Jharkhand,Santhal Paragana / Dumka,4,204.88,204.88,0.0,0.0,False,True,False
Groundnut,Jharkhand,Singhbhum,4,214.96,214.96,0.0,0.0,False,True,False
Groundnut,Karnataka,Bangalore,4,193.13,177.73,-8.66,50.0,False,False,False
Groundnut,Karnataka,Belgaum,4,277.73,213.64,-30.0,25.0,False,True,False
Groundnut,Karnataka,Bellary,4,240.14,231.5,-3.73,25.0,False,True,False
Groundnut,Karnataka,Bidar,4,403.06,358.12,-12.55,25.0,False,True,False
Groundnut,Karnataka,Bijapur / Vijayapura,4,197.95,145.4,-36.14,0.0,False,True,False
Groundnut,Karnataka,Chickmagalur,4,147.8,129.46,-14.17,25.0,False,True,False
Groundnut,Karnataka,Chitradurga,4,306.57,234.22,-30.89,0.0,False,True,False
Groundnut,Karnataka,Dakshina Kannada,4,218.79,619.64,64.69,100.0,True,False,False
Groundnut,Karnataka,Dharwad,4,225.5,197.43,-14.22,50.0,False,True,False
Groundnut,Karnataka,Gulbarga / Kalaburagi,4,380.16,273.67,-38.91,0.0,False,True,False
Groundnut,Karnataka,Hassan,4,72.6,33.23,-118.48,25.0,False,True,False
Groundnut,Karnataka,Kodagu / Coorg,4,266.09,318.45,16.44,75.0,True,False,False
Groundnut,Karnataka,Kolar,4,395.44,353.75,-11.79,25.0,False,True,False
Groundnut,Karnataka,Mandya,4,238.54,292.26,18.38,50.0,False,False,False
Groundnut,Karnataka,Mysore,4,300.18,285.37,-5.19,50.0,False,False,False
Groundnut,Karnataka,Raichur,4,191.41,165.55,-15.62,25.0,False,True,False
Groundnut,Karnataka,Shimoge,4,191.73,164.41,-16.62,50.0,False,True,False
Groundnut,Karnataka,Tumkur,4,230.09,223.99,-2.72,50.0,False,False,False
Groundnut,Karnataka,Uttara Kannada,4,311.2,327.3,4.92,50.0,False,False,False
Groundnut,Kerala,Alappuzha,4,0.0,0.0,0.0,0.0,False,True,False
Groundnut,Kerala,Eranakulam,4,0.0,0.0,0.0,0.0,False,True,False
Groundnut,Kerala,Kannur,4,0.0,0.0,0.0,0.0,False,True,False
Groundnut,Kerala,Kollam,4,0.0,0.0,0.0,0.0,False,True,False
Groundnut,Kerala,Kottayam,4,0.0,0.0,0.0,0.0,False,True,False
Groundnut,Kerala,Kozhikode,4,0.0,0.0,0.0,0.0,False,True,False
Groundnut,Kerala,Malappuram,4,0.0,0.0,0.0,0.0,False,True,False
Groundnut,Kerala,Palakkad,4,95.39,110.3,13.52,25.0,False,True,False
Groundnut,Kerala,Thiruvananthapuram,4,0.0,0.0,0.0,0.0,False,True,False
Groundnut,Kerala,Thrissur,4,0.0,0.0,0.0,0.0,False,True,False
Groundnut,Madhya Pradesh,Balaghat,4,767.94,816.1,5.9,75.0,True,False,True
Groundnut,Madhya Pradesh,Betul,4,1165.16,1120.01,-4.03,25.0,False,True,True
Groundnut,Madhya Pradesh,Bhind,4,85.3,0.0,0.0,0.0,False,True,False
Groundnut,Madhya Pradesh,Chhatarpur,4,587.22,593.89,1.12,75.0,False,False,True
Groundnut,Madhya Pradesh,Chhindwara,4,216.71,426.82,49.23,100.0,True,False,False
Groundnut,Madhya Pradesh,Damoh,4,334.82,243.37,-37.58,50.0,False,True,False
Groundnut,Madhya Pradesh,Datia,4,287.73,344.01,16.36,75.0,True,False,False
Groundnut,Madhya Pradesh,Dewas,4,583.19,846.78,31.13,50.0,False,False,True
Groundnut,Madhya Pradesh,Dhar,4,804.04,691.68,-16.24,50.0,False,True,True
Groundnut,Madhya Pradesh,Guna,4,479.38,712.26,32.7,50.0,False,False,True
Groundnut,Madhya Pradesh,Gwalior,4,840.88,750.4,-12.06,50.0,False,True,True
Groundnut,Madhya Pradesh,Hoshangabad,4,990.0,1039.58,4.77,50.0,False,False,True
Groundnut,Madhya Pradesh,Indore,4,783.6,767.31,-2.12,75.0,False,False,True
Groundnut,Madhya Pradesh,Jabalpur,4,953.18,941.35,-1.26,25.0,False,True,True
Groundnut,Madhya Pradesh,Jhabua,4,495.74,359.96,-37.72,25.0,False,True,True
Groundnut,Madhya Pradesh,Khandwa / East Nimar,4,292.09,206.61,-41.37,25.0,False,True,False
Groundnut,Madhya Pradesh,Khargone / West Nimar,4,361.42,304.87,-18.55,50.0,False,True,False
Groundnut,Madhya Pradesh,Mandla,4,1165.44,950.0,-22.68,25.0,False,True,True
Groundnut,Madhya Pradesh,Mandsaur,4,455.99,392.0,-16.32,0.0,False,True,False
Groundnut,Madhya Pradesh,Morena,4,968.29,965.99,-0.24,50.0,False,False,True
Groundnut,Madhya Pradesh,Narsinghpur,4,1484.61,1675.87,11.41,75.0,True,False,True
Groundnut,Madhya Pradesh,Panna,4,793.39,764.68,-3.75,50.0,False,False,True
Groundnut,Madhya Pradesh,Raisen,4,1004.96,991.62,-1.35,50.0,False,False,True
Groundnut,Madhya Pradesh,Rajgarh,4,445.08,385.21,-15.54,25.0,False,True,False
Groundnut,Madhya Pradesh,Ratlam,4,840.81,978.41,14.06,50.0,False,False,True
Groundnut,Madhya Pradesh,Rewa,3,495.21,261.11,-89.66,0.0,False,True,True
Groundnut,Madhya Pradesh,Sagar,4,653.87,486.3,-34.46,50.0,False,True,True
Groundnut,Madhya Pradesh,Satna,4,821.1,712.5,-15.24,50.0,False,True,True
Groundnut,Madhya Pradesh,Sehore,4,740.39,396.7,-86.64,0.0,False,True,True
Groundnut,Madhya Pradesh,Seoni / Shivani,4,385.35,291.26,-32.3,50.0,False,True,False
Groundnut,Madhya Pradesh,Shahdol,4,113.33,122.11,7.19,50.0,False,False,False
Groundnut,Madhya Pradesh,Shajapur,4,325.21,241.51,-34.66,50.0,False,True,False
Groundnut,Madhya Pradesh,Shivpuri,4,310.27,256.26,-21.08,25.0,False,True,False
Groundnut,Madhya Pradesh,Sidhi,4,876.81,831.25,-5.48,25.0,False,True,True
Groundnut,Madhya Pradesh,Tikamgarh,4,300.96,198.33,-51.75,25.0,False,True,False
Groundnut,Madhya Pradesh,Ujjain,4,862.96,931.83,7.39,50.0,False,False,True
Groundnut,Madhya Pradesh,Vidisha,4,822.45,800.32,-2.77,25.0,False,True,True
Groundnut,Maharashtra,Ahmednagar,4,335.57,339.77,1.24,75.0,False,False,False
Groundnut,Maharashtra,Akola,4,408.59,481.68,15.17,50.0,False,False,False
Groundnut,Maharashtra,Amarawati,4,155.45,110.83,-40.26,25.0,False,True,False
Groundnut,Maharashtra,Aurangabad,4,475.34,291.19,-63.24,25.0,False,True,True
Groundnut,Maharashtra,Beed,4,406.85,332.91,-22.21,0.0,False,True,False
Groundnut,Maharashtra,Bhandara,4,480.37,362.08,-32.67,50.0,False,True,True
Groundnut,Maharashtra,Buldhana,4,287.09,310.08,7.41,50.0,False,False,False
Groundnut,Maharashtra,Chandrapur,4,814.97,662.5,-23.01,25.0,False,True,True
Groundnut,Maharashtra,Dhule,4,254.93,227.86,-11.88,50.0,False,True,False
Groundnut,Maharashtra,Jalgaon,4,272.66,261.32,-4.34,50.0,False,False,False
Groundnut,Maharashtra,Kolhapur,4,133.15,146.99,9.42,75.0,True,False,False
Groundnut,Maharashtra,Nagpur,4,454.68,347.42,-30.87,25.0,False,True,False
Groundnut,Maharashtra,Nanded,4,247.32,269.03,8.07,50.0,False,False,False
Groundnut,Maharashtra,Nasik,4,241.82,265.51,8.92,75.0,True,False,False
Groundnut,Maharashtra,Osmanabad,4,341.51,283.99,-20.25,50.0,False,True,False
Groundnut,Maharashtra,Parbhani,4,267.12,236.69,-12.86,25.0,False,True,False
Groundnut,Maharashtra,Pune,4,313.02,201.39,-55.43,25.0,False,True,False
Groundnut,Maharashtra,Raigad,4,597.78,706.97,15.44,50.0,False,False,True
Groundnut,Maharashtra,Ratnagiri,4,172.22,195.34,11.84,50.0,False,False,False
Groundnut,Maharashtra,Sangli,4,217.3,225.06,3.45,75.0,False,False,False
Groundnut,Maharashtra,Satara,4,150.0,100.27,-49.6,25.0,False,True,False
Groundnut,Maharashtra,Solapur,4,208.41,110.94,-87.86,25.0,False,True,False
Groundnut,Maharashtra,Thane,4,619.06,289.34,-113.96,0.0,False,True,True
Groundnut,Maharashtra,Wardha,4,237.68,285.99,16.89,50.0,False,False,False
Groundnut,Maharashtra,Yeotmal,4,319.33,309.43,-3.2,25.0,False,True,False
Groundnut,Orissa,Balasore,4,109.09,27.42,-297.85,25.0,False,True,False
Groundnut,Orissa,Bolangir,4,71.38,58.94,-21.11,50.0,False,True,False
Groundnut,Orissa,Cuttack,4,89.65,39.27,-128.29,0.0,False,True,False
Groundnut,Orissa,Dhenkanal,4,63.24,27.58,-129.3,0.0,False,True,False
Groundnut,Orissa,Ganjam,4,179.89,160.82,-11.86,50.0,False,True,False
Groundnut,Orissa,Kalahandi,4,87.05,62.5,-39.28,0.0,False,True,False
Groundnut,Orissa,Keonjhar,4,246.71,355.21,30.55,100.0,True,False,False
Groundnut,Orissa,Koraput,4,194.64,134.22,-45.02,25.0,False,True,False
Groundnut,Orissa,Mayurbhanja,4,69.6,158.35,56.05,75.0,True,False,False
Groundnut,Orissa,Phulbani ( Kandhamal ),4,154.02,122.99,-25.23,25.0,False,True,False
Groundnut,Orissa,Puri,4,55.89,44.68,-25.09,50.0,False,True,False
Groundnut,Orissa,Sambalpur,4,63.65,73.54,13.45,75.0,True,False,False
Groundnut,Orissa,Sundargarh,4,42.19,53.37,20.95,50.0,False,False,False
Groundnut,Punjab,Amritsar,4,0.0,0.0,0.0,0.0,False,True,False
Groundnut,Punjab,Bhatinda,4,593.22,237.5,-149.78,0.0,False,True,True
Groundnut,Punjab,Ferozpur,4,762.56,583.33,-30.73,0.0,False,True,True
Groundnut,Punjab,Gurdaspur,4,0.0,0.0,0.0,0.0,False,True,False
Groundnut,Punjab,Hoshiarpur,4,56.45,69.26,18.5,75.0,True,False,False
Groundnut,Punjab,Jalandhar,4,0.0,0.0,0.0,0.0,False,True,False
Groundnut,Punjab,Kapurthala,4,0.0,0.0,0.0,0.0,False,True,False
Groundnut,Punjab,Ludhiana,4,0.0,0.0,0.0,0.0,False,True,False
Groundnut,Punjab,Patiala,4,0.0,0.0,0.0,0.0,False,True,False
Groundnut,Punjab,Roopnagar / Ropar,4,0.0,0.0,0.0,0.0,False,True,False
Groundnut,Punjab,Sangrur,3,0.0,0.0,0.0,0.0,False,True,False
Groundnut,Rajasthan,Ajmer,4,49.9,151.21,67.0,100.0,True,False,False
Groundnut,Rajasthan,Alwar,4,257.18,240.46,-6.95,50.0,False,False,False
Groundnut,Rajasthan,Banswara,4,273.46,398.95,31.46,75.0,True,False,False
Groundnut,Rajasthan,Barmer,4,290.24,246.67,-17.66,50.0,False,True,False
Groundnut,Rajasthan,Bharatpur,4,396.98,215.62,-84.11,0.0,False,True,False
Groundnut,Rajasthan,Bhilwara,4,278.64,227.38,-22.54,25.0,False,True,False
Groundnut,Rajasthan,Bikaner,4,422.9,183.75,-130.15,0.0,False,True,False
Groundnut,Rajasthan,Bundi,4,171.06,134.03,-27.63,25.0,False,True,False
Groundnut,Rajasthan,Chittorgarh,4,272.68,292.64,6.82,50.0,False,False,False
Groundnut,Rajasthan,Churu,4,247.66,266.89,7.21,75.0,True,False,False
Groundnut,Rajasthan,Dungarpur,4,275.62,193.48,-42.45,50.0,False,True,False
Groundnut,Rajasthan,Ganganagar,4,254.37,314.21,19.04,50.0,False,False,False
Groundnut,Rajasthan,Jaipur,4,184.43,105.61,-74.63,0.0,False,True,False
Groundnut,Rajasthan,Jaisalmer,4,310.36,273.54,-13.46,50.0,False,True,False
Groundnut,Rajasthan,Jalore,4,387.6,345.57,-12.16,25.0,False,True,False
Groundnut,Rajasthan,Jhalawar,4,156.18,329.31,52.57,100.0,True,False,False
Groundnut,Rajasthan,Jhunjhunu,4,89.87,101.24,11.23,75.0,True,False,False
Groundnut,Rajasthan,Jodhpur,4,310.12,254.27,-21.96,25.0,False,True,False
Groundnut,Rajasthan,Kota,4,176.88,131.18,-34.84,25.0,False,True,False
Groundnut,Rajasthan,Nagaur,4,197.12,214.36,8.04,50.0,False,False,False
Groundnut,Rajasthan,Pali,4,418.35,454.11,7.87,50.0,False,False,False
Groundnut,Rajasthan,Sikar,4,177.9,214.07,16.9,50.0,False,False,False
Groundnut,Rajasthan,Sirohi,4,516.61,499.69,-3.39,50.0,False,False,True
Groundnut,Rajasthan,Swami Madhopur,4,108.67,121.46,10.53,75.0,True,False,False
Groundnut,Rajasthan,Tonk,4,183.56,188.7,2.72,50.0,False,False,False
Groundnut,Rajasthan,Udaipur,4,363.86,348.62,-4.37,50.0,False,False,False
Groundnut,Tamil Nadu,Chengalpattu Mgr / Kanchipuram,4,332.14,183.52,-80.98,50.0,False,True,False
Groundnut,Tamil Nadu,Coimbatore,4,663.69,471.92,-40.64,0.0,False,True,True
Groundnut,Tamil Nadu,Kanyakumari,3,1617.41,1274.08,-26.95,33.33,False,True,True
Groundnut,Tamil Nadu,Madurai,4,635.95,415.78,-52.95,0.0,False,True,True
Groundnut,Tamil Nadu,North Arcot / Vellore,3,436.31,432.09,-0.98,66.67,False,False,False
Groundnut,Tamil Nadu,Ramananthapuram,4,362.34,297.27,-21.89,25.0,False,True,False
Groundnut,Tamil Nadu,South Arcot / Cuddalore,4,258.0,489.4,47.28,100.0,True,False,False
Groundnut,Tamil Nadu,Thanjavur,4,414.13,336.22,-23.17,25.0,False,True,False
Groundnut,Tamil Nadu,Thirunelveli,3,601.4,457.29,-31.51,0.0,False,True,True
Groundnut,Tamil Nadu,Tiruchirapalli / Trichy,3,472.44,447.83,-5.5,66.67,False,False,True
Groundnut,Telangana,Adilabad,4,176.07,312.45,43.65,100.0,True,False,False
Groundnut,Telangana,Hyderabad,4,432.26,376.09,-14.94,25.0,False,True,False
Groundnut,Telangana,Karimnagar,4,492.94,344.92,-42.91,25.0,False,True,True
Groundnut,Telangana,Khammam,4,429.9,388.01,-10.8,75.0,False,True,False
Groundnut,Telangana,Mahabubnagar,4,434.71,354.69,-22.56,25.0,False,True,False
Groundnut,Telangana,Medak,4,489.33,496.1,1.36,50.0,False,False,True
Groundnut,Telangana,Nalgonda,4,434.79,294.29,-47.74,0.0,False,True,False
Groundnut,Telangana,Nizamabad,4,346.0,384.31,9.97,50.0,False,False,False
Groundnut,Telangana,Warangal,4,191.96,214.53,10.52,75.0,True,False,False
Groundnut,Uttar Pradesh,Agra,4,817.69,608.45,-34.39,25.0,False,True,True
Groundnut,Uttar Pradesh,Aligarh,4,90.91,90.66,-0.28,50.0,False,False,False
Groundnut,Uttar Pradesh,Allahabad,4,85.71,28.54,-200.32,25.0,False,True,False
Groundnut,Uttar Pradesh,Azamgarh,4,226.38,126.07,-79.57,25.0,False,True,False
Groundnut,Uttar Pradesh,Bahraich,4,232.03,125.74,-84.53,0.0,False,True,False
Groundnut,Uttar Pradesh,Ballia,4,229.43,153.26,-49.7,25.0,False,True,False
Groundnut,Uttar Pradesh,Banda,4,471.88,417.14,-13.12,25.0,False,True,True
Groundnut,Uttar Pradesh,Barabanki,4,376.9,294.21,-28.11,25.0,False,True,False
Groundnut,Uttar Pradesh,Bareilly,4,534.32,380.56,-40.4,0.0,False,True,True
Groundnut,Uttar Pradesh,Basti,4,223.05,124.91,-78.57,25.0,False,True,False
Groundnut,Uttar Pradesh,Bijnor,4,182.27,183.76,0.81,75.0,False,False,False
Groundnut,Uttar Pradesh,Budaun,4,289.62,258.78,-11.92,50.0,False,True,False
Groundnut,Uttar Pradesh,Buland Shahar,4,422.36,512.5,17.59,50.0,False,False,False
Groundnut,Uttar Pradesh,Deoria,4,348.87,321.46,-8.53,50.0,False,False,False
Groundnut,Uttar Pradesh,Etah,4,225.79,124.01,-82.07,25.0,False,True,False
Groundnut,Uttar Pradesh,Etawah,4,260.47,148.28,-75.66,25.0,False,True,False
Groundnut,Uttar Pradesh,Faizabad,4,0.0,0.0,0.0,0.0,False,True,False
Groundnut,Uttar Pradesh,Farrukhabad,4,223.86,124.79,-79.39,0.0,False,True,False
Groundnut,Uttar Pradesh,Fatehpur,4,223.81,134.5,-66.4,25.0,False,True,False
Groundnut,Uttar Pradesh,Ghazipur,4,161.18,200.77,19.72,50.0,False,False,False
Groundnut,Uttar Pradesh,Gonda,4,190.71,157.29,-21.25,25.0,False,True,False
Groundnut,Uttar Pradesh,Gorakhpur,4,219.4,181.38,-20.96,50.0,False,True,False
Groundnut,Uttar Pradesh,Hamirpur,4,265.39,190.37,-39.41,25.0,False,True,False
Groundnut,Uttar Pradesh,Hardoi,4,151.61,124.82,-21.46,25.0,False,True,False
Groundnut,Uttar Pradesh,Jalaun,4,358.75,318.56,-12.62,25.0,False,True,False
Groundnut,Uttar Pradesh,Jaunpur,4,0.0,0.0,0.0,0.0,False,True,False
Groundnut,Uttar Pradesh,Jhansi,4,205.41,137.36,-49.54,25.0,False,True,False
Groundnut,Uttar Pradesh,Kanpur,4,237.16,132.78,-78.61,25.0,False,True,False
Groundnut,Uttar Pradesh,Kheri,4,71.37,73.16,2.45,50.0,False,False,False
Groundnut,Uttar Pradesh,Lucknow,4,140.7,121.51,-15.79,50.0,False,True,False
Groundnut,Uttar Pradesh,Mainpuri,4,656.07,614.03,-6.85,50.0,False,False,True
Groundnut,Uttar Pradesh,Mathura,4,0.0,0.0,0.0,0.0,False,True,False
Groundnut,Uttar Pradesh,Meerut,4,475.78,291.67,-63.12,0.0,False,True,True
Groundnut,Uttar Pradesh,Mirzpur,4,716.38,785.0,8.74,50.0,False,False,True
Groundnut,Uttar Pradesh,Moradabad,4,643.95,395.83,-62.68,0.0,False,True,True
Groundnut,Uttar Pradesh,Muzaffarnagar,4,250.0,250.0,0.0,0.0,False,True,False
Groundnut,Uttar Pradesh,Pilibhit,4,188.31,150.65,-25.0,25.0,False,True,False
Groundnut,Uttar Pradesh,Pratapgarh,4,274.22,458.33,40.17,25.0,False,True,False
Groundnut,Uttar Pradesh,Rae-Bareily,4,381.38,279.91,-36.25,50.0,False,True,False
Groundnut,Uttar Pradesh,Rampur,4,540.57,437.8,-23.47,0.0,False,True,True
Groundnut,Uttar Pradesh,Saharanpur,4,122.64,78.68,-55.87,25.0,False,True,False
Groundnut,Uttar Pradesh,Shahjahanpur,4,159.26,125.47,-26.93,25.0,False,True,False
Groundnut,Uttar Pradesh,Sitapur,4,106.97,120.51,11.24,50.0,False,False,False
Groundnut,Uttar Pradesh,Sultanpur,4,267.29,248.19,-7.7,50.0,False,False,False
Groundnut,Uttar Pradesh,Unnao,4,143.22,152.44,6.05,25.0,False,True,False
Groundnut,Uttar Pradesh,Varanasi,4,449.79,493.75,8.9,50.0,False,False,False
Groundnut,Uttarakhand,Almorah,4,484.33,404.17,-19.83,25.0,False,True,True
Groundnut,Uttarakhand,Chamoli,4,0.0,0.0,0.0,0.0,False,True,False
Groundnut,Uttarakhand,Dehradun,4,103.69,107.08,3.17,25.0,False,True,False
Groundnut,Uttarakhand,Garhwal,4,250.0,250.0,0.0,0.0,False,True,False
Groundnut,Uttarakhand,Nainital,4,153.91,155.32,0.91,75.0,False,False,False
Groundnut,Uttarakhand,Pithorgarh,4,205.51,180.63,-13.77,50.0,False,True,False
Groundnut,Uttarakhand,Tehri Garhwal,4,0.0,0.0,0.0,0.0,False,True,False
Groundnut,Uttarakhand,Uttar Kashi,4,0.0,0.0,0.0,0.0,False,True,False
Groundnut,West Bengal,24 Parganas,4,468.69,421.67,-11.15,50.0,False,True,True
Groundnut,West Bengal,Bankura,4,225.34,179.78,-25.34,50.0,False,True,False
Groundnut,West Bengal,Birbhum,4,307.08,299.54,-2.52,50.0,False,False,False
Groundnut,West Bengal,Burdwan,4,158.22,364.78,56.63,100.0,True,False,False
Groundnut,West Bengal,Cooch Behar,4,742.85,782.81,5.1,75.0,True,False,True
Groundnut,West Bengal,Darjeeling,4,885.34,1315.1,32.68,75.0,True,False,True
Groundnut,West Bengal,Hooghly,4,194.57,136.47,-42.57,50.0,False,True,False
Groundnut,West Bengal,Howrah,4,300.87,317.03,5.1,75.0,True,False,False
Groundnut,West Bengal,Jalpaiguri,4,177.83,145.42,-22.29,50.0,False,True,False
Groundnut,West Bengal,Malda,4,607.55,678.07,10.4,75.0,True,False,True
Groundnut,West Bengal,Midnapur,4,504.53,337.69,-49.41,0.0,False,True,True
Groundnut,West Bengal,Murshidabad,4,380.81,293.2,-29.88,25.0,False,True,False
Groundnut,West Bengal,Nadia,4,190.23,180.79,-5.22,75.0,False,False,False
Groundnut,West Bengal,Purulia,4,119.77,100.55,-19.11,25.0,False,True,False
Groundnut,West Bengal,West Dinajpur,4,105.67,251.63,58.01,100.0,True,False,False
Sorghum,Andhra Pradesh,Ananthapur,4,192.33,234.34,17.93,50.0,False,False,False
Sorghum,Andhra Pradesh,Chittoor,4,525.88,478.41,-9.92,25.0,False,True,True
Sorghum,Andhra Pradesh,East Godavari,4,549.43,1051.46,47.75,100.0,True,False,True
Sorghum,Andhra Pradesh,Guntur,4,571.23,422.91,-35.07,25.0,False,True,True
Sorghum,Andhra Pradesh,Kadapa Ysr,4,420.74,412.22,-2.07,25.0,False,True,True
Sorghum,Andhra Pradesh,Krishna,4,1000.65,504.39,-98.39,25.0,False,True,True
Sorghum,Andhra Pradesh,Kurnool,4,89.79,175.26,48.77,75.0,True,False,False
Sorghum,Andhra Pradesh,S.P.S. Nellore,4,699.57,809.28,13.56,50.0,False,False,True
Sorghum,Andhra Pradesh,Srikakulam,4,414.51,657.96,37.0,75.0,True,False,True
Sorghum,Andhra Pradesh,Visakhapatnam,4,494.34,687.83,28.13,100.0,True,False,True
Sorghum,Andhra Pradesh,West Godavari,4,1496.43,1183.94,-26.39,25.0,False,True,True
Sorghum,Assam,Cachar,4,0.0,0.0,0.0,0.0,False,True,False
Sorghum,Assam,Darrang,4,0.0,0.0,0.0,0.0,False,True,False
Sorghum,Assam,Dibrugarh,4,0.0,0.0,0.0,0.0,False,True,False
Sorghum,Assam,Goalpara,4,0.0,0.0,0.0,0.0,False,True,False
Sorghum,Assam,Kamrup,4,0.0,0.0,0.0,0.0,False,True,False
Sorghum,Assam,Karbi Anglong,4,0.0,0.0,0.0,0.0,False,True,False
Sorghum,Assam,Lakhimpur,4,0.0,0.0,0.0,0.0,False,True,False
Sorghum,Assam,Nagaon,4,0.0,0.0,0.0,0.0,False,True,False
Sorghum,Assam,North Cachar Hil / Dima Hasao,4,0.0,0.0,0.0,0.0,False,True,False
Sorghum,Assam,Sibsagar,4,0.0,0.0,0.0,0.0,False,True,False
Sorghum,Bihar,Bhagalpur,4,115.8,52.08,-122.35,0.0,False,True,False
Sorghum,Bihar,Champaran,4,2.33,0.0,0.0,0.0,False,True,False
Sorghum,Bihar,Darbhanga,4,474.13,366.07,-29.52,25.0,False,True,True
Sorghum,Bihar,Gaya,4,551.21,490.16,-12.46,50.0,False,True,True
Sorghum,Bihar,Mungair,4,60.27,19.92,-202.56,25.0,False,True,False
Sorghum,Bihar,Muzaffarpur,4,2.33,0.0,0.0,0.0,False,True,False
Sorghum,Bihar,Patna,4,151.16,291.78,48.19,75.0,True,False,False
Sorghum,Bihar,Purnea,4,2.33,0.0,0.0,0.0,False,True,False
Sorghum,Bihar,Saharsa,4,536.0,566.67,5.41,75.0,True,False,True
Sorghum,Bihar,Saran,4,508.86,259.09,-96.4,0.0,False,True,True
Sorghum,Bihar,Shahabad (Now Part Of Bhojpur District),4,50.06,3.14,-1494.27,0.0,False,True,False
Sorghum,Chhattisgarh,Bastar,4,201.82,236.52,14.67,75.0,True,False,False
Sorghum,Chhattisgarh,Bilaspur,4,250.13,419.25,40.34,75.0,True,False,False
Sorghum,Chhattisgarh,Durg,4,289.05,388.3,25.56,75.0,True,False,False
Sorghum,Chhattisgarh,Raigarh,4,252.11,391.09,35.54,75.0,True,False,False
Sorghum,Chhattisgarh,Raipur,4,178.05,227.52,21.74,100.0,True,False,False
Sorghum,Chhattisgarh,Surguja,4,178.67,318.98,43.99,75.0,True,False,False
Sorghum,Gujarat,Ahmedabad,4,458.78,406.61,-12.83,50.0,False,True,True
Sorghum,Gujarat,Amreli,4,330.99,330.99,0.0,0.0,False,True,False
Sorghum,Gujarat,Banaskantha,4,139.76,142.19,1.71,25.0,False,True,False
Sorghum,Gujarat,Bharuch,4,163.22,128.71,-26.81,50.0,False,True,False
Sorghum,Gujarat,Bhavnagar,4,545.82,462.24,-18.08,0.0,False,True,True
Sorghum,Gujarat,Dangs,4,761.1,694.93,-9.52,25.0,False,True,True
Sorghum,Gujarat,Jamnagar,4,627.07,995.44,37.01,75.0,True,False,True
Sorghum,Gujarat,Junagadh,4,338.06,241.7,-39.87,25.0,False,True,False
Sorghum,Gujarat,Kheda,4,222.02,174.15,-27.49,0.0,False,True,False
Sorghum,Gujarat,Kutch,4,551.75,788.67,30.04,75.0,True,False,True
Sorghum,Gujarat,Mehsana,4,217.37,293.05,25.82,75.0,True,False,False
Sorghum,Gujarat,Panchmahal,4,193.77,198.02,2.15,50.0,False,False,False
Sorghum,Gujarat,Rajkot,4,222.4,407.63,45.44,100.0,True,False,False
Sorghum,Gujarat,Sabarkantha,4,1047.77,919.24,-13.98,25.0,False,True,True
Sorghum,Gujarat,Surat,4,258.1,209.29,-23.32,25.0,False,True,False
Sorghum,Gujarat,Surendranagar,4,173.96,188.9,7.91,50.0,False,False,False
Sorghum,Gujarat,Vadodara / Baroda,4,141.49,205.18,31.04,75.0,True,False,False
Sorghum,Gujarat,Valsad,4,409.25,342.6,-19.45,0.0,False,True,False
Sorghum,Haryana,Ambala,4,0.0,0.0,0.0,0.0,False,True,False
Sorghum,Haryana,Gurgaon,4,115.91,71.6,-61.89,25.0,False,True,False
Sorghum,Haryana,Hissar,4,122.82,287.65,57.3,75.0,True,False,False
Sorghum,Haryana,Jind,4,0.0,0.0,0.0,0.0,False,True,False
Sorghum,Haryana,Karnal,4,308.23,162.7,-89.45,0.0,False,True,False
Sorghum,Haryana,Mahendragarh / Narnaul,4,181.6,192.08,5.46,75.0,True,False,False
Sorghum,Haryana,Rohtak,4,50.78,29.85,-70.12,25.0,False,True,False
Sorghum,Himachal Pradesh,Bilashpur,4,0.0,0.0,0.0,0.0,False,True,False
Sorghum,Himachal Pradesh,Chamba,4,0.0,0.0,0.0,0.0,False,True,False
Sorghum,Himachal Pradesh,Kangra,4,0.0,0.0,0.0,0.0,False,True,False
Sorghum,Himachal Pradesh,Kinnaur,4,0.0,0.0,0.0,0.0,False,True,False
Sorghum,Himachal Pradesh,Kullu,4,0.0,0.0,0.0,0.0,False,True,False
Sorghum,Himachal Pradesh,Lahul & Spiti,4,0.0,0.0,0.0,0.0,False,True,False
Sorghum,Himachal Pradesh,Mandi,4,0.0,0.0,0.0,0.0,False,True,False
Sorghum,Himachal Pradesh,Shimla,4,0.0,0.0,0.0,0.0,False,True,False
Sorghum,Himachal Pradesh,Sirmaur,4,0.0,0.0,0.0,0.0,False,True,False
Sorghum,Himachal Pradesh,Solan,4,0.0,0.0,0.0,0.0,False,True,False
Sorghum,Jharkhand,Dhanbad,4,158.62,158.62,0.0,0.0,False,True,False
Sorghum,Jharkhand,Hazaribagh,4,221.24,221.24,0.0,0.0,False,True,False
Sorghum,Jharkhand,Palamau,4,119.54,119.54,0.0,0.0,False,True,False
Sorghum,Jharkhand,Ranchi,4,157.61,157.61,0.0,0.0,False,True,False
Sorghum,Jharkhand,Santhal Paragana / Dumka,4,183.43,183.43,0.0,0.0,False,True,False
Sorghum,Jharkhand,Singhbhum,4,162.47,162.47,0.0,0.0,False,True,False
Sorghum,Karnataka,Bangalore,4,355.25,472.85,24.87,50.0,False,False,False
Sorghum,Karnataka,Belgaum,4,294.71,244.16,-20.7,0.0,False,True,False
Sorghum,Karnataka,Bellary,4,425.86,330.51,-28.85,0.0,False,True,True
Sorghum,Karnataka,Bidar,4,355.12,395.93,10.31,75.0,True,False,False
Sorghum,Karnataka,Bijapur / Vijayapura,4,249.38,220.18,-13.26,25.0,False,True,False
Sorghum,Karnataka,Chickmagalur,4,163.9,183.59,10.72,75.0,True,False,False
Sorghum,Karnataka,Chitradurga,4,130.75,97.81,-33.68,25.0,False,True,False
Sorghum,Karnataka,Dakshina Kannada,4,5.86,0.0,0.0,0.0,False,True,False
Sorghum,Karnataka,Dharwad,4,258.88,268.69,3.65,50.0,False,False,False
Sorghum,Karnataka,Gulbarga / Kalaburagi,4,388.07,312.7,-24.1,0.0,False,True,False
Sorghum,Karnataka,Hassan,4,434.06,406.16,-6.87,50.0,False,False,True
Sorghum,Karnataka,Kodagu / Coorg,4,5.86,0.0,0.0,0.0,False,True,False
Sorghum,Karnataka,Kolar,4,356.74,455.34,21.65,75.0,True,False,False
Sorghum,Karnataka,Mandya,4,508.75,711.37,28.48,75.0,True,False,True
Sorghum,Karnataka,Mysore,4,57.82,34.55,-67.35,50.0,False,True,False
Sorghum,Karnataka,Raichur,4,316.83,287.35,-10.26,50.0,False,True,False
Sorghum,Karnataka,Shimoge,4,627.1,400.59,-56.54,25.0,False,True,True
Sorghum,Karnataka,Tumkur,4,623.88,670.89,7.01,50.0,False,False,True
Sorghum,Karnataka,Uttara Kannada,4,615.62,691.67,11.0,50.0,False,False,True
Sorghum,Kerala,Alappuzha,4,0.0,0.0,0.0,0.0,False,True,False
Sorghum,Kerala,Eranakulam,4,0.0,0.0,0.0,0.0,False,True,False
Sorghum,Kerala,Kannur,4,471.63,237.5,-98.58,0.0,False,True,True
Sorghum,Kerala,Kollam,4,0.0,0.0,0.0,0.0,False,True,False
Sorghum,Kerala,Kottayam,4,0.0,0.0,0.0,0.0,False,True,False
Sorghum,Kerala,Kozhikode,4,471.63,237.5,-98.58,0.0,False,True,True
Sorghum,Kerala,Malappuram,4,0.0,0.0,0.0,0.0,False,True,False
Sorghum,Kerala,Palakkad,4,47.73,31.61,-51.0,50.0,False,True,False
Sorghum,Kerala,Thiruvananthapuram,4,0.0,0.0,0.0,0.0,False,True,False
Sorghum,Kerala,Thrissur,4,0.0,0.0,0.0,0.0,False,True,False
Sorghum,Madhya Pradesh,Balaghat,4,941.17,1196.15,21.32,50.0,False,False,True
Sorghum,Madhya Pradesh,Betul,4,459.94,419.63,-9.61,25.0,False,True,True
Sorghum,Madhya Pradesh,Bhind,4,354.53,410.8,13.7,50.0,False,False,False
Sorghum,Madhya Pradesh,Chhatarpur,4,477.78,517.53,7.68,50.0,False,False,True
Sorghum,Madhya Pradesh,Chhindwara,4,473.5,397.96,-18.98,50.0,False,True,True
Sorghum,Madhya Pradesh,Damoh,4,765.97,444.3,-72.4,0.0,False,True,True
Sorghum,Madhya Pradesh,Datia,4,422.99,412.85,-2.46,25.0,False,True,True
Sorghum,Madhya Pradesh,Dewas,4,1097.02,1164.93,5.83,75.0,True,False,True
Sorghum,Madhya Pradesh,Dhar,4,428.92,397.93,-7.79,50.0,False,False,True
Sorghum,Madhya Pradesh,Guna,4,518.01,475.98,-8.83,25.0,False,True,True
Sorghum,Madhya Pradesh,Gwalior,4,373.87,331.57,-12.76,50.0,False,True,False
Sorghum,Madhya Pradesh,Hoshangabad,4,663.49,471.68,-40.67,50.0,False,True,True
Sorghum,Madhya Pradesh,Indore,4,1169.54,1309.36,10.68,75.0,True,False,True
Sorghum,Madhya Pradesh,Jabalpur,4,841.53,687.09,-22.48,25.0,False,True,True
Sorghum,Madhya Pradesh,Jhabua,4,410.88,394.3,-4.2,25.0,False,True,False
Sorghum,Madhya Pradesh,Khandwa / East Nimar,4,676.59,762.17,11.23,50.0,False,False,True
Sorghum,Madhya Pradesh,Khargone / West Nimar,4,505.07,180.79,-179.37,0.0,False,True,True
Sorghum,Madhya Pradesh,Mandla,4,1055.44,941.58,-12.09,25.0,False,True,True
Sorghum,Madhya Pradesh,Mandsaur,4,796.59,849.04,6.18,50.0,False,False,True
Sorghum,Madhya Pradesh,Morena,4,877.94,732.54,-19.85,50.0,False,True,True
Sorghum,Madhya Pradesh,Narsinghpur,4,578.39,415.14,-39.32,50.0,False,True,True
Sorghum,Madhya Pradesh,Panna,4,756.6,652.82,-15.9,0.0,False,True,True
Sorghum,Madhya Pradesh,Raisen,4,1183.25,1515.37,21.92,75.0,True,False,True
Sorghum,Madhya Pradesh,Rajgarh,4,373.3,388.78,3.98,75.0,False,False,False
Sorghum,Madhya Pradesh,Ratlam,4,826.83,715.0,-15.64,0.0,False,True,True
Sorghum,Madhya Pradesh,Rewa,3,284.02,279.55,-1.6,33.33,False,False,False
Sorghum,Madhya Pradesh,Sagar,4,689.48,593.14,-16.24,25.0,False,True,True
Sorghum,Madhya Pradesh,Satna,4,888.21,859.93,-3.29,25.0,False,True,True
Sorghum,Madhya Pradesh,Sehore,4,540.9,308.65,-75.25,25.0,False,True,True
Sorghum,Madhya Pradesh,Seoni / Shivani,4,1119.34,997.41,-12.22,50.0,False,True,True
Sorghum,Madhya Pradesh,Shahdol,4,465.43,438.95,-6.03,75.0,False,False,True
Sorghum,Madhya Pradesh,Shajapur,4,706.08,721.09,2.08,50.0,False,False,True
Sorghum,Madhya Pradesh,Shivpuri,4,688.59,550.95,-24.98,50.0,False,True,True
Sorghum,Madhya Pradesh,Sidhi,4,368.33,372.25,1.05,50.0,False,False,False
Sorghum,Madhya Pradesh,Tikamgarh,4,691.14,607.04,-13.85,25.0,False,True,True
Sorghum,Madhya Pradesh,Ujjain,4,939.5,885.74,-6.07,0.0,False,True,True
Sorghum,Madhya Pradesh,Vidisha,4,1155.76,823.18,-40.4,0.0,False,True,True
Sorghum,Maharashtra,Ahmednagar,4,162.34,172.93,6.12,50.0,False,False,False
Sorghum,Maharashtra,Akola,4,252.91,469.29,46.11,75.0,True,False,False
Sorghum,Maharashtra,Amarawati,4,185.86,199.67,6.92,75.0,True,False,False
Sorghum,Maharashtra,Aurangabad,4,305.81,265.08,-15.37,25.0,False,True,False
Sorghum,Maharashtra,Beed,4,138.94,106.23,-30.79,25.0,False,True,False
Sorghum,Maharashtra,Bhandara,4,0.0,0.0,0.0,0.0,False,True,False
Sorghum,Maharashtra,Buldhana,4,345.67,379.19,8.84,75.0,True,False,False
Sorghum,Maharashtra,Chandrapur,4,627.44,453.15,-38.46,25.0,False,True,True
Sorghum,Maharashtra,Dhule,4,261.66,228.25,-14.64,50.0,False,True,False
Sorghum,Maharashtra,Jalgaon,4,355.74,266.66,-33.41,50.0,False,True,False
Sorghum,Maharashtra,Kolhapur,4,225.06,217.83,-3.32,50.0,False,False,False
Sorghum,Maharashtra,Nagpur,4,122.43,111.3,-10.0,50.0,False,False,False
Sorghum,Maharashtra,Nanded,4,335.97,374.07,10.19,50.0,False,False,False
Sorghum,Maharashtra,Nasik,4,267.44,378.26,29.3,100.0,True,False,False
Sorghum,Maharashtra,Osmanabad,4,369.7,252.77,-46.26,0.0,False,True,False
Sorghum,Maharashtra,Parbhani,4,359.32,300.4,-19.61,50.0,False,True,False
Sorghum,Maharashtra,Pune,4,120.63,150.98,20.1,75.0,True,False,False
Sorghum,Maharashtra,Raigad,4,0.0,0.0,0.0,0.0,False,True,False
Sorghum,Maharashtra,Ratnagiri,4,0.0,0.0,0.0,0.0,False,True,False
Sorghum,Maharashtra,Sangli,4,184.82,183.01,-0.99,75.0,False,False,False
Sorghum,Maharashtra,Satara,4,123.03,89.66,-37.22,50.0,False,True,False
Sorghum,Maharashtra,Solapur,4,161.04,184.28,12.61,50.0,False,False,False
Sorghum,Maharashtra,Thane,4,0.0,0.0,0.0,0.0,False,True,False
Sorghum,Maharashtra,Wardha,4,163.4,120.52,-35.58,25.0,False,True,False
Sorghum,Maharashtra,Yeotmal,4,191.21,291.57,34.42,75.0,True,False,False
Sorghum,Orissa,Balasore,4,0.0,0.0,0.0,0.0,False,True,False
Sorghum,Orissa,Bolangir,4,42.31,16.51,-156.27,25.0,False,True,False
Sorghum,Orissa,Cuttack,4,249.88,299.48,16.56,75.0,True,False,False
Sorghum,Orissa,Dhenkanal,4,0.0,0.0,0.0,0.0,False,True,False
Sorghum,Orissa,Ganjam,4,47.73,4.24,-1025.71,0.0,False,True,False
Sorghum,Orissa,Kalahandi,4,27.15,22.16,-22.52,25.0,False,True,False
Sorghum,Orissa,Keonjhar,4,17.42,35.02,50.26,75.0,True,False,False
Sorghum,Orissa,Koraput,4,27.84,10.11,-175.37,25.0,False,True,False
Sorghum,Orissa,Mayurbhanja,4,530.31,616.67,14.0,75.0,True,False,True
Sorghum,Orissa,Phulbani ( Kandhamal ),4,103.45,78.06,-32.53,25.0,False,True,False
Sorghum,Orissa,Puri,4,5.18,47.5,89.09,100.0,True,False,False
Sorghum,Orissa,Sambalpur,4,103.96,105.55,1.51,50.0,False,False,False
Sorghum,Orissa,Sundargarh,4,35.38,16.32,-116.79,25.0,False,True,False
Sorghum,Punjab,Amritsar,4,0.0,0.0,0.0,0.0,False,True,False
Sorghum,Punjab,Bhatinda,4,0.0,0.0,0.0,0.0,False,True,False
Sorghum,Punjab,Ferozpur,4,0.0,0.0,0.0,0.0,False,True,False
Sorghum,Punjab,Gurdaspur,4,0.0,0.0,0.0,0.0,False,True,False
Sorghum,Punjab,Hoshiarpur,4,0.0,0.0,0.0,0.0,False,True,False
Sorghum,Punjab,Jalandhar,4,0.0,0.0,0.0,0.0,False,True,False
Sorghum,Punjab,Kapurthala,4,0.0,0.0,0.0,0.0,False,True,False
Sorghum,Punjab,Ludhiana,4,0.0,0.0,0.0,0.0,False,True,False
Sorghum,Punjab,Patiala,4,0.0,0.0,0.0,0.0,False,True,False
Sorghum,Punjab,Roopnagar / Ropar,4,0.0,0.0,0.0,0.0,False,True,False
Sorghum,Punjab,Sangrur,3,0.0,0.0,0.0,0.0,False,True,False
Sorghum,Rajasthan,Ajmer,4,158.41,141.78,-11.73,50.0,False,True,False
Sorghum,Rajasthan,Alwar,4,69.58,64.38,-8.08,50.0,False,False,False
Sorghum,Rajasthan,Banswara,4,94.01,89.54,-4.99,25.0,False,True,False
Sorghum,Rajasthan,Barmer,4,317.57,284.45,-11.64,25.0,False,True,False
Sorghum,Rajasthan,Bharatpur,4,277.3,258.38,-7.32,50.0,False,False,False
Sorghum,Rajasthan,Bhilwara,4,398.54,272.41,-46.3,25.0,False,True,False
Sorghum,Rajasthan,Bikaner,4,66.44,87.77,24.3,75.0,True,False,False
Sorghum,Rajasthan,Bundi,4,140.07,139.74,-0.24,75.0,False,False,False
Sorghum,Rajasthan,Chittorgarh,4,148.99,139.32,-6.94,25.0,False,True,False
Sorghum,Rajasthan,Churu,4,451.97,430.56,-4.97,50.0,False,False,True
Sorghum,Rajasthan,Dungarpur,4,86.66,83.63,-3.62,50.0,False,False,False
Sorghum,Rajasthan,Ganganagar,4,57.36,114.56,49.93,100.0,True,False,False
Sorghum,Rajasthan,Jaipur,4,204.85,162.94,-25.72,25.0,False,True,False
Sorghum,Rajasthan,Jaisalmer,4,215.74,208.54,-3.45,50.0,False,False,False
Sorghum,Rajasthan,Jalore,4,219.37,276.18,20.57,50.0,False,False,False
Sorghum,Rajasthan,Jhalawar,4,342.99,412.01,16.75,75.0,True,False,False
Sorghum,Rajasthan,Jhunjhunu,4,0.0,0.0,0.0,0.0,False,True,False
Sorghum,Rajasthan,Jodhpur,4,138.48,165.58,16.37,75.0,True,False,False
Sorghum,Rajasthan,Kota,4,167.13,139.34,-19.94,0.0,False,True,False
Sorghum,Rajasthan,Nagaur,4,180.23,150.3,-19.91,25.0,False,True,False
Sorghum,Rajasthan,Pali,4,130.25,104.59,-24.53,25.0,False,True,False
Sorghum,Rajasthan,Sikar,4,245.74,250.0,1.7,25.0,False,True,False
Sorghum,Rajasthan,Sirohi,4,416.79,400.29,-4.12,50.0,False,False,True
Sorghum,Rajasthan,Swami Madhopur,4,125.62,460.57,72.73,100.0,True,False,False
Sorghum,Rajasthan,Tonk,4,106.9,88.86,-20.3,75.0,False,True,False
Sorghum,Rajasthan,Udaipur,4,319.65,319.66,0.0,50.0,False,False,False
Sorghum,Tamil Nadu,Chengalpattu Mgr / Kanchipuram,4,712.5,502.53,-41.78,0.0,False,True,True
Sorghum,Tamil Nadu,Coimbatore,4,256.1,232.92,-9.95,75.0,False,False,False
Sorghum,Tamil Nadu,Kanyakumari,3,333.33,333.33,0.0,0.0,False,True,False
Sorghum,Tamil Nadu,Madurai,4,748.69,650.31,-15.13,25.0,False,True,True
Sorghum,Tamil Nadu,North Arcot / Vellore,3,330.33,244.28,-35.23,33.33,False,True,False
Sorghum,Tamil Nadu,Ramananthapuram,4,1093.08,1068.2,-2.33,50.0,False,False,True
Sorghum,Tamil Nadu,South Arcot / Cuddalore,4,494.1,428.35,-15.35,25.0,False,True,True
Sorghum,Tamil Nadu,Thanjavur,4,254.39,194.27,-30.95,0.0,False,True,False
Sorghum,Tamil Nadu,The Nilgiris,3,243.82,261.11,6.62,33.33,False,False,False
Sorghum,Tamil Nadu,Thirunelveli,3,1423.86,1267.23,-12.36,33.33,False,True,True
Sorghum,Tamil Nadu,Tiruchirapalli / Trichy,3,245.52,253.24,3.05,66.67,False,False,False
Sorghum,Telangana,Adilabad,4,182.27,120.31,-51.5,25.0,False,True,False
Sorghum,Telangana,Hyderabad,4,142.81,211.37,32.44,75.0,True,False,False
Sorghum,Telangana,Karimnagar,4,357.15,455.67,21.62,75.0,True,False,False
Sorghum,Telangana,Khammam,4,225.07,231.54,2.79,75.0,False,False,False
Sorghum,Telangana,Mahabubnagar,4,147.56,108.95,-35.44,25.0,False,True,False
Sorghum,Telangana,Medak,4,120.99,140.51,13.89,50.0,False,False,False
Sorghum,Telangana,Nalgonda,4,201.41,223.54,9.9,25.0,False,True,False
Sorghum,Telangana,Nizamabad,4,434.57,295.63,-47.0,25.0,False,True,True
Sorghum,Telangana,Warangal,4,214.69,216.32,0.75,25.0,False,True,False
Sorghum,Uttar Pradesh,Agra,4,733.5,594.32,-23.42,75.0,False,True,True
Sorghum,Uttar Pradesh,Aligarh,4,606.75,512.5,-18.39,25.0,False,True,True
Sorghum,Uttar Pradesh,Allahabad,4,154.35,375.96,58.95,100.0,True,False,False
Sorghum,Uttar Pradesh,Azamgarh,4,462.92,543.58,14.84,75.0,True,False,True
Sorghum,Uttar Pradesh,Bahraich,4,162.44,100.25,-62.03,25.0,False,True,False
Sorghum,Uttar Pradesh,Ballia,4,198.59,203.94,2.62,50.0,False,False,False
Sorghum,Uttar Pradesh,Banda,4,445.53,333.43,-33.62,0.0,False,True,True
Sorghum,Uttar Pradesh,Barabanki,4,164.82,181.58,9.23,50.0,False,False,False
Sorghum,Uttar Pradesh,Bareilly,4,266.67,177.27,-50.43,0.0,False,True,False
Sorghum,Uttar Pradesh,Basti,4,0.0,0.0,0.0,0.0,False,True,False
Sorghum,Uttar Pradesh,Bijnor,3,0.0,0.0,0.0,0.0,False,True,False
Sorghum,Uttar Pradesh,Budaun,4,40.74,86.59,52.95,75.0,True,False,False
Sorghum,Uttar Pradesh,Buland Shahar,4,155.87,150.29,-3.71,50.0,False,False,False
Sorghum,Uttar Pradesh,Deoria,4,327.19,294.04,-11.27,50.0,False,True,False
Sorghum,Uttar Pradesh,Etah,4,217.09,56.95,-281.19,0.0,False,True,False
Sorghum,Uttar Pradesh,Etawah,4,362.47,320.91,-12.95,50.0,False,True,False
Sorghum,Uttar Pradesh,Faizabad,4,153.44,226.18,32.16,75.0,True,False,False
Sorghum,Uttar Pradesh,Farrukhabad,4,384.76,322.06,-19.47,50.0,False,True,False
Sorghum,Uttar Pradesh,Fatehpur,4,415.33,531.0,21.78,75.0,True,False,True
Sorghum,Uttar Pradesh,Ghazipur,4,597.94,521.22,-14.72,25.0,False,True,True
Sorghum,Uttar Pradesh,Gonda,4,347.48,450.0,22.78,50.0,False,False,False
Sorghum,Uttar Pradesh,Gorakhpur,4,0.0,0.0,0.0,0.0,False,True,False
Sorghum,Uttar Pradesh,Hamirpur,4,442.69,340.08,-30.17,0.0,False,True,True
Sorghum,Uttar Pradesh,Hardoi,4,269.61,256.23,-5.22,25.0,False,True,False
Sorghum,Uttar Pradesh,Jalaun,4,568.91,544.75,-4.44,75.0,False,False,True
Sorghum,Uttar Pradesh,Jaunpur,4,325.2,315.88,-2.95,50.0,False,False,False
Sorghum,Uttar Pradesh,Jhansi,4,132.51,247.61,46.48,75.0,True,False,False
Sorghum,Uttar Pradesh,Kanpur,4,496.22,465.4,-6.62,50.0,False,False,True
Sorghum,Uttar Pradesh,Kheri,4,429.03,299.78,-43.11,0.0,False,True,True
Sorghum,Uttar Pradesh,Lucknow,4,183.67,200.49,8.39,50.0,False,False,False
Sorghum,Uttar Pradesh,Mainpuri,4,777.19,606.28,-28.19,75.0,False,True,True
Sorghum,Uttar Pradesh,Mathura,4,728.18,591.66,-23.07,50.0,False,True,True
Sorghum,Uttar Pradesh,Meerut,4,493.67,330.46,-49.39,0.0,False,True,True
Sorghum,Uttar Pradesh,Mirzpur,4,149.41,138.47,-7.9,50.0,False,False,False
Sorghum,Uttar Pradesh,Moradabad,4,462.78,586.19,21.05,75.0,True,False,True
Sorghum,Uttar Pradesh,Muzaffarnagar,4,0.0,0.0,0.0,0.0,False,True,False
Sorghum,Uttar Pradesh,Pilibhit,4,0.0,0.0,0.0,0.0,False,True,False
Sorghum,Uttar Pradesh,Pratapgarh,4,293.9,396.56,25.89,100.0,True,False,False
Sorghum,Uttar Pradesh,Rae-Bareily,4,110.0,95.07,-15.7,25.0,False,True,False
Sorghum,Uttar Pradesh,Rampur,4,477.05,557.73,14.47,50.0,False,False,True
Sorghum,Uttar Pradesh,Saharanpur,4,44.12,0.0,0.0,0.0,False,True,False
Sorghum,Uttar Pradesh,Shahjahanpur,4,147.71,84.2,-75.43,0.0,False,True,False
Sorghum,Uttar Pradesh,Sitapur,4,125.18,87.05,-43.8,25.0,False,True,False
Sorghum,Uttar Pradesh,Sultanpur,4,157.55,263.54,40.22,75.0,True,False,False
Sorghum,Uttar Pradesh,Unnao,4,428.03,355.92,-20.26,50.0,False,True,True
Sorghum,Uttar Pradesh,Varanasi,4,205.08,109.43,-87.41,25.0,False,True,False
Sorghum,Uttarakhand,Almorah,4,0.0,0.0,0.0,0.0,False,True,False
Sorghum,Uttarakhand,Chamoli,4,0.0,0.0,0.0,0.0,False,True,False
Sorghum,Uttarakhand,Dehradun,4,0.0,0.0,0.0,0.0,False,True,False
Sorghum,Uttarakhand,Garhwal,4,0.0,0.0,0.0,0.0,False,True,False
Sorghum,Uttarakhand,Nainital,4,0.0,0.0,0.0,0.0,False,True,False
Sorghum,Uttarakhand,Pithorgarh,4,0.0,0.0,0.0,0.0,False,True,False
Sorghum,Uttarakhand,Tehri Garhwal,4,0.0,0.0,0.0,0.0,False,True,False
Sorghum,Uttarakhand,Uttar Kashi,4,0.0,0.0,0.0,0.0,False,True,False
Sorghum,West Bengal,24 Parganas,4,0.0,0.0,0.0,0.0,False,True,False
Sorghum,West Bengal,Bankura,4,0.0,0.0,0.0,0.0,False,True,False
Sorghum,West Bengal,Birbhum,4,0.0,0.0,0.0,0.0,False,True,False
Sorghum,West Bengal,Burdwan,4,0.0,0.0,0.0,0.0,False,True,False
Sorghum,West Bengal,Cooch Behar,4,0.0,0.0,0.0,0.0,False,True,False
Sorghum,West Bengal,Darjeeling,4,0.0,0.0,0.0,0.0,False,True,False
Sorghum,West Bengal,Hooghly,4,0.0,0.0,0.0,0.0,False,True,False
Sorghum,West Bengal,Howrah,4,0.0,0.0,0.0,0.0,False,True,False
Sorghum,West Bengal,Jalpaiguri,4,0.0,0.0,0.0,0.0,False,True,False
Sorghum,West Bengal,Malda,4,0.0,0.0,0.0,0.0,False,True,False
Sorghum,West Bengal,Midnapur,4,0.0,0.0,0.0,0.0,False,True,False
Sorghum,West Bengal,Murshidabad,4,0.0,0.0,0.0,0.0,False,True,False
Sorghum,West Bengal,Nadia,4,0.0,0.0,0.0,0.0,False,True,False
Sorghum,West Bengal,Purulia,4,90.76,61.38,-47.87,25.0,False,True,False
Sorghum,West Bengal,West Dinajpur,4,0.0,0.0,0.0,0.0,False,True,False
Kharif Sorghum,Andhra Pradesh,Ananthapur,4,278.53,396.06,29.67,75.0,True,False,False
Kharif Sorghum,Andhra Pradesh,Chittoor,4,517.43,453.13,-14.19,50.0,False,True,True
Kharif Sorghum,Andhra Pradesh,East Godavari,4,465.39,499.54,6.84,75.0,True,False,True
Kharif Sorghum,Andhra Pradesh,Guntur,4,322.81,519.25,37.83,75.0,True,False,False
Kharif Sorghum,Andhra Pradesh,Kadapa Ysr,4,372.37,473.21,21.31,75.0,True,False,False
Kharif Sorghum,Andhra Pradesh,Krishna,4,596.22,666.26,10.51,50.0,False,False,True
Kharif Sorghum,Andhra Pradesh,Kurnool,4,401.84,535.06,24.9,50.0,False,False,False
Kharif Sorghum,Andhra Pradesh,S.P.S. Nellore,4,442.9,481.05,7.93,50.0,False,False,True
Kharif Sorghum,Andhra Pradesh,Srikakulam,4,350.71,528.08,33.59,75.0,True,False,False
Kharif Sorghum,Andhra Pradesh,Visakhapatnam,4,486.66,509.62,4.51,75.0,False,False,True
Kharif Sorghum,Andhra Pradesh,West Godavari,4,495.67,606.27,18.24,75.0,True,False,True
Kharif Sorghum,Assam,Cachar,4,0.0,0.0,0.0,0.0,False,True,False
Kharif Sorghum,Assam,Darrang,4,0.0,0.0,0.0,0.0,False,True,False
Kharif Sorghum,Assam,Dibrugarh,4,0.0,0.0,0.0,0.0,False,True,False
Kharif Sorghum,Assam,Goalpara,4,0.0,0.0,0.0,0.0,False,True,False
Kharif Sorghum,Assam,Kamrup,4,0.0,0.0,0.0,0.0,False,True,False
Kharif Sorghum,Assam,Karbi Anglong,4,0.0,0.0,0.0,0.0,False,True,False
Kharif Sorghum,Assam,Lakhimpur,4,0.0,0.0,0.0,0.0,False,True,False
Kharif Sorghum,Assam,Nagaon,4,0.0,0.0,0.0,0.0,False,True,False
Kharif Sorghum,Assam,North Cachar Hil / Dima Hasao,4,0.0,0.0,0.0,0.0,False,True,False
Kharif Sorghum,Assam,Sibsagar,4,0.0,0.0,0.0,0.0,False,True,False
Kharif Sorghum,Bihar,Bhagalpur,4,158.39,52.08,-204.13,0.0,False,True,False
Kharif Sorghum,Bihar,Champaran,4,0.36,0.0,0.0,0.0,False,True,False
Kharif Sorghum,Bihar,Darbhanga,4,511.2,366.07,-39.65,25.0,False,True,True
Kharif Sorghum,Bihar,Gaya,4,539.34,486.17,-10.94,50.0,False,True,True
Kharif Sorghum,Bihar,Mungair,4,128.9,14.23,-805.83,0.0,False,True,False
Kharif Sorghum,Bihar,Muzaffarpur,4,0.36,0.0,0.0,0.0,False,True,False
Kharif Sorghum,Bihar,Patna,4,192.97,344.41,43.97,100.0,True,False,False
Kharif Sorghum,Bihar,Purnea,4,0.36,0.0,0.0,0.0,False,True,False
Kharif Sorghum,Bihar,Saharsa,4,494.88,441.67,-12.05,75.0,False,True,True
Kharif Sorghum,Bihar,Saran,4,443.2,190.91,-132.15,25.0,False,True,True
Kharif Sorghum,Bihar,Shahabad (Now Part Of Bhojpur District),4,127.16,2.3,-5428.7,0.0,False,True,False
Kharif Sorghum,Chhattisgarh,Bastar,4,440.63,308.82,-42.68,75.0,False,True,True
Kharif Sorghum,Chhattisgarh,Bilaspur,4,326.64,225.29,-44.99,50.0,False,True,False
Kharif Sorghum,Chhattisgarh,Durg,4,418.07,259.07,-61.37,75.0,False,True,False
Kharif Sorghum,Chhattisgarh,Raigarh,4,421.6,283.18,-48.88,75.0,False,True,False
Kharif Sorghum,Chhattisgarh,Raipur,4,404.63,255.21,-58.55,75.0,False,True,False
Kharif Sorghum,Chhattisgarh,Surguja,4,323.31,220.37,-46.71,50.0,False,True,False
Kharif Sorghum,Gujarat,Ahmedabad,4,494.41,454.77,-8.72,50.0,False,False,True
Kharif Sorghum,Gujarat,Amreli,4,0.44,0.0,0.0,0.0,False,True,False
Kharif Sorghum,Gujarat,Banaskantha,4,166.06,147.91,-12.27,25.0,False,True,False
Kharif Sorghum,Gujarat,Bharuch,4,233.56,133.08,-75.5,50.0,False,True,False
Kharif Sorghum,Gujarat,Bhavnagar,4,532.86,665.16,19.89,75.0,True,False,True
Kharif Sorghum,Gujarat,Dangs,4,742.76,744.77,0.27,50.0,False,False,True
Kharif Sorghum,Gujarat,Jamnagar,4,523.06,784.48,33.32,50.0,False,False,True
Kharif Sorghum,Gujarat,Junagadh,4,535.44,718.12,25.44,75.0,True,False,True
Kharif Sorghum,Gujarat,Kheda,4,796.96,694.46,-14.76,50.0,False,True,True
Kharif Sorghum,Gujarat,Kutch,4,763.06,698.48,-9.25,50.0,False,False,True
Kharif Sorghum,Gujarat,Mehsana,4,306.01,243.29,-25.78,50.0,False,True,False
Kharif Sorghum,Gujarat,Panchmahal,4,179.66,102.41,-75.43,0.0,False,True,False
Kharif Sorghum,Gujarat,Rajkot,4,477.95,516.31,7.43,50.0,False,False,True
Kharif Sorghum,Gujarat,Sabarkantha,4,374.56,375.0,0.12,25.0,False,True,False
Kharif Sorghum,Gujarat,Surat,4,290.83,247.83,-17.35,25.0,False,True,False
Kharif Sorghum,Gujarat,Surendranagar,4,161.8,320.43,49.51,75.0,True,False,False
Kharif Sorghum,Gujarat,Vadodara / Baroda,4,541.44,527.18,-2.7,50.0,False,False,True
Kharif Sorghum,Gujarat,Valsad,4,220.44,102.31,-115.46,25.0,False,True,False
Kharif Sorghum,Haryana,Ambala,4,0.0,0.0,0.0,0.0,False,True,False
Kharif Sorghum,Haryana,Gurgaon,4,230.66,249.62,7.6,25.0,False,True,False
Kharif Sorghum,Haryana,Hissar,4,159.65,283.33,43.65,75.0,True,False,False
Kharif Sorghum,Haryana,Jind,4,0.0,0.0,0.0,0.0,False,True,False
Kharif Sorghum,Haryana,Karnal,4,266.15,162.7,-63.58,0.0,False,True,False
Kharif Sorghum,Haryana,Mahendragarh / Narnaul,4,367.74,462.5,20.49,75.0,True,False,False
Kharif Sorghum,Haryana,Rohtak,4,203.59,248.42,18.05,75.0,True,False,False
Kharif Sorghum,Himachal Pradesh,Bilashpur,4,0.0,0.0,0.0,0.0,False,True,False
Kharif Sorghum,Himachal Pradesh,Chamba,4,0.0,0.0,0.0,0.0,False,True,False
Kharif Sorghum,Himachal Pradesh,Kangra,4,0.0,0.0,0.0,0.0,False,True,False
Kharif Sorghum,Himachal Pradesh,Kinnaur,4,0.0,0.0,0.0,0.0,False,True,False
Kharif Sorghum,Himachal Pradesh,Kullu,4,0.0,0.0,0.0,0.0,False,True,False
Kharif Sorghum,Himachal Pradesh,Lahul & Spiti,4,0.0,0.0,0.0,0.0,False,True,False
Kharif Sorghum,Himachal Pradesh,Mandi,4,0.0,0.0,0.0,0.0,False,True,False
Kharif Sorghum,Himachal Pradesh,Shimla,4,0.0,0.0,0.0,0.0,False,True,False
Kharif Sorghum,Himachal Pradesh,Sirmaur,4,0.0,0.0,0.0,0.0,False,True,False
Kharif Sorghum,Himachal Pradesh,Solan,4,0.0,0.0,0.0,0.0,False,True,False
Kharif Sorghum,Jharkhand,Dhanbad,4,158.62,158.62,0.0,0.0,False,True,False
Kharif Sorghum,Jharkhand,Hazaribagh,4,221.24,221.24,0.0,0.0,False,True,False
Kharif Sorghum,Jharkhand,Palamau,4,119.54,119.54,0.0,0.0,False,True,False
Kharif Sorghum,Jharkhand,Ranchi,4,157.61,157.61,0.0,0.0,False,True,False
Kharif Sorghum,Jharkhand,Santhal Paragana / Dumka,4,183.43,183.43,0.0,0.0,False,True,False
Kharif Sorghum,Jharkhand,Singhbhum,4,162.47,162.47,0.0,0.0,False,True,False
Kharif Sorghum,Karnataka,Bangalore,4,609.45,900.44,32.32,75.0,True,False,True
Kharif Sorghum,Karnataka,Belgaum,4,604.17,503.88,-19.9,0.0,False,True,True
Kharif Sorghum,Karnataka,Bellary,4,459.94,465.0,1.09,50.0,False,False,True
Kharif Sorghum,Karnataka,Bidar,4,467.5,479.16,2.43,50.0,False,False,True
Kharif Sorghum,Karnataka,Bijapur / Vijayapura,4,619.09,493.42,-25.47,25.0,False,True,True
Kharif Sorghum,Karnataka,Chickmagalur,4,297.17,293.88,-1.12,75.0,False,False,False
Kharif Sorghum,Karnataka,Chitradurga,4,123.8,353.25,64.95,100.0,True,False,False
Kharif Sorghum,Karnataka,Dakshina Kannada,4,0.56,0.0,0.0,0.0,False,True,False
Kharif Sorghum,Karnataka,Dharwad,4,392.05,275.16,-42.48,25.0,False,True,False
Kharif Sorghum,Karnataka,Gulbarga / Kalaburagi,4,625.6,489.75,-27.74,0.0,False,True,True
Kharif Sorghum,Karnataka,Hassan,4,551.75,465.76,-18.46,25.0,False,True,True
Kharif Sorghum,Karnataka,Kodagu / Coorg,4,0.56,0.0,0.0,0.0,False,True,False
Kharif Sorghum,Karnataka,Kolar,4,341.86,660.32,48.23,75.0,True,False,False
Kharif Sorghum,Karnataka,Mandya,4,540.33,672.42,19.64,75.0,True,False,True
Kharif Sorghum,Karnataka,Mysore,4,86.52,36.5,-137.04,25.0,False,True,False
Kharif Sorghum,Karnataka,Raichur,4,644.3,722.05,10.77,75.0,True,False,True
Kharif Sorghum,Karnataka,Shimoge,4,927.27,605.09,-53.24,0.0,False,True,True
Kharif Sorghum,Karnataka,Tumkur,4,133.29,228.23,41.6,75.0,True,False,False
Kharif Sorghum,Karnataka,Uttara Kannada,4,401.04,175.0,-129.17,25.0,False,True,False
Kharif Sorghum,Kerala,Alappuzha,4,0.0,0.0,0.0,0.0,False,True,False
Kharif Sorghum,Kerala,Eranakulam,4,0.0,0.0,0.0,0.0,False,True,False
Kharif Sorghum,Kerala,Kannur,4,400.46,175.0,-128.83,50.0,False,True,False
Kharif Sorghum,Kerala,Kollam,4,0.0,0.0,0.0,0.0,False,True,False
Kharif Sorghum,Kerala,Kottayam,4,0.0,0.0,0.0,0.0,False,True,False
Kharif Sorghum,Kerala,Kozhikode,4,400.46,175.0,-128.83,50.0,False,True,False
Kharif Sorghum,Kerala,Malappuram,4,0.0,0.0,0.0,0.0,False,True,False
Kharif Sorghum,Kerala,Palakkad,4,455.29,275.0,-65.56,50.0,False,True,True
Kharif Sorghum,Kerala,Thiruvananthapuram,4,0.0,0.0,0.0,0.0,False,True,False
Kharif Sorghum,Kerala,Thrissur,4,0.0,0.0,0.0,0.0,False,True,False
Kharif Sorghum,Madhya Pradesh,Balaghat,4,926.56,1150.83,19.49,50.0,False,False,True
Kharif Sorghum,Madhya Pradesh,Betul,4,417.48,362.41,-15.2,50.0,False,True,False
Kharif Sorghum,Madhya Pradesh,Bhind,4,576.59,327.0,-76.33,0.0,False,True,True
Kharif Sorghum,Madhya Pradesh,Chhatarpur,4,496.11,532.34,6.81,75.0,True,False,True
Kharif Sorghum,Madhya Pradesh,Chhindwara,4,555.29,379.15,-46.46,25.0,False,True,True
Kharif Sorghum,Madhya Pradesh,Damoh,4,802.65,566.83,-41.6,25.0,False,True,True
Kharif Sorghum,Madhya Pradesh,Datia,4,428.4,401.68,-6.65,25.0,False,True,False
Kharif Sorghum,Madhya Pradesh,Dewas,4,1113.04,1305.88,14.77,75.0,True,False,True
Kharif Sorghum,Madhya Pradesh,Dhar,4,374.2,438.99,14.76,50.0,False,False,False
Kharif Sorghum,Madhya Pradesh,Guna,4,607.52,457.34,-32.84,0.0,False,True,True
Kharif Sorghum,Madhya Pradesh,Gwalior,4,442.92,208.99,-111.93,25.0,False,True,True
Kharif Sorghum,Madhya Pradesh,Hoshangabad,4,839.9,710.22,-18.26,50.0,False,True,True
Kharif Sorghum,Madhya Pradesh,Indore,4,1088.28,1011.65,-7.57,50.0,False,False,True
Kharif Sorghum,Madhya Pradesh,Jabalpur,4,803.49,720.81,-11.47,50.0,False,True,True
Kharif Sorghum,Madhya Pradesh,Jhabua,4,379.47,376.59,-0.76,50.0,False,False,False
Kharif Sorghum,Madhya Pradesh,Khandwa / East Nimar,4,706.32,742.79,4.91,75.0,False,False,True
Kharif Sorghum,Madhya Pradesh,Khargone / West Nimar,4,725.51,439.91,-64.92,0.0,False,True,True
Kharif Sorghum,Madhya Pradesh,Mandla,4,989.62,1122.88,11.87,50.0,False,False,True
Kharif Sorghum,Madhya Pradesh,Mandsaur,4,975.57,838.8,-16.31,50.0,False,True,True
Kharif Sorghum,Madhya Pradesh,Morena,4,899.65,707.32,-27.19,25.0,False,True,True
Kharif Sorghum,Madhya Pradesh,Narsinghpur,4,572.49,227.9,-151.2,0.0,False,True,True
Kharif Sorghum,Madhya Pradesh,Panna,4,701.06,734.66,4.57,50.0,False,False,True
Kharif Sorghum,Madhya Pradesh,Raisen,4,1170.43,1088.92,-7.49,50.0,False,False,True
Kharif Sorghum,Madhya Pradesh,Rajgarh,4,402.19,386.96,-3.94,50.0,False,False,False
Kharif Sorghum,Madhya Pradesh,Ratlam,4,935.55,870.83,-7.43,25.0,False,True,True
Kharif Sorghum,Madhya Pradesh,Rewa,3,350.47,263.04,-33.24,0.0,False,True,False
Kharif Sorghum,Madhya Pradesh,Sagar,4,698.01,595.82,-17.15,25.0,False,True,True
Kharif Sorghum,Madhya Pradesh,Satna,4,867.82,914.25,5.08,50.0,False,False,True
Kharif Sorghum,Madhya Pradesh,Sehore,4,465.65,501.89,7.22,50.0,False,False,True
Kharif Sorghum,Madhya Pradesh,Seoni / Shivani,4,1045.13,1023.44,-2.12,50.0,False,False,True
Kharif Sorghum,Madhya Pradesh,Shahdol,4,512.21,542.31,5.55,50.0,False,False,True
Kharif Sorghum,Madhya Pradesh,Shajapur,4,710.88,949.04,25.09,75.0,True,False,True
Kharif Sorghum,Madhya Pradesh,Shivpuri,4,693.56,578.38,-19.91,50.0,False,True,True
Kharif Sorghum,Madhya Pradesh,Sidhi,4,361.96,340.47,-6.31,50.0,False,False,False
Kharif Sorghum,Madhya Pradesh,Tikamgarh,4,691.24,527.15,-31.13,0.0,False,True,True
Kharif Sorghum,Madhya Pradesh,Ujjain,4,812.66,746.25,-8.9,25.0,False,True,True
Kharif Sorghum,Madhya Pradesh,Vidisha,4,1092.01,861.06,-26.82,50.0,False,True,True
Kharif Sorghum,Maharashtra,Ahmednagar,4,118.57,200.89,40.98,25.0,False,True,False
Kharif Sorghum,Maharashtra,Akola,4,331.76,450.2,26.31,75.0,True,False,False
Kharif Sorghum,Maharashtra,Amarawati,4,180.23,135.23,-33.28,25.0,False,True,False
Kharif Sorghum,Maharashtra,Aurangabad,4,540.01,400.81,-34.73,25.0,False,True,True
Kharif Sorghum,Maharashtra,Beed,4,441.96,390.72,-13.11,50.0,False,True,True
Kharif Sorghum,Maharashtra,Bhandara,4,0.0,0.0,0.0,0.0,False,True,False
Kharif Sorghum,Maharashtra,Buldhana,4,326.28,231.22,-41.11,50.0,False,True,False
Kharif Sorghum,Maharashtra,Chandrapur,4,1205.32,2040.58,40.93,75.0,True,False,True
Kharif Sorghum,Maharashtra,Dhule,4,359.46,217.92,-64.95,25.0,False,True,False
Kharif Sorghum,Maharashtra,Jalgaon,4,509.28,364.72,-39.64,50.0,False,True,True
Kharif Sorghum,Maharashtra,Kolhapur,4,244.05,288.69,15.46,50.0,False,False,False
Kharif Sorghum,Maharashtra,Nagpur,4,124.55,139.21,10.53,50.0,False,False,False
Kharif Sorghum,Maharashtra,Nanded,4,315.95,395.44,20.1,50.0,False,False,False
Kharif Sorghum,Maharashtra,Nasik,4,910.39,754.83,-20.61,25.0,False,True,True
Kharif Sorghum,Maharashtra,Osmanabad,4,298.67,314.15,4.93,50.0,False,False,False
Kharif Sorghum,Maharashtra,Parbhani,4,315.57,355.06,11.12,75.0,True,False,False
Kharif Sorghum,Maharashtra,Pune,4,298.96,383.9,22.13,75.0,True,False,False
Kharif Sorghum,Maharashtra,Raigad,4,0.0,0.0,0.0,0.0,False,True,False
Kharif Sorghum,Maharashtra,Ratnagiri,4,0.0,0.0,0.0,0.0,False,True,False
Kharif Sorghum,Maharashtra,Sangli,4,247.84,341.38,27.4,75.0,True,False,False
Kharif Sorghum,Maharashtra,Satara,4,205.37,313.28,34.45,75.0,True,False,False
Kharif Sorghum,Maharashtra,Solapur,4,237.71,175.76,-35.25,25.0,False,True,False
Kharif Sorghum,Maharashtra,Thane,4,0.0,0.0,0.0,0.0,False,True,False
Kharif Sorghum,Maharashtra,Wardha,4,94.32,172.43,45.3,75.0,True,False,False
Kharif Sorghum,Maharashtra,Yeotmal,4,149.2,323.19,53.84,100.0,True,False,False
Kharif Sorghum,Orissa,Balasore,4,0.0,0.0,0.0,0.0,False,True,False
Kharif Sorghum,Orissa,Bolangir,4,110.17,291.03,62.14,100.0,True,False,False
Kharif Sorghum,Orissa,Cuttack,4,275.59,252.08,-9.33,25.0,False,True,False
Kharif Sorghum,Orissa,Dhenkanal,4,0.0,0.0,0.0,0.0,False,True,False
Kharif Sorghum,Orissa,Ganjam,4,57.22,289.96,80.27,100.0,True,False,False
Kharif Sorghum,Orissa,Kalahandi,4,247.76,346.17,28.43,75.0,True,False,False
Kharif Sorghum,Orissa,Keonjhar,4,159.89,328.93,51.39,100.0,True,False,False
Kharif Sorghum,Orissa,Koraput,4,115.29,303.96,62.07,100.0,True,False,False
Kharif Sorghum,Orissa,Mayurbhanja,4,340.26,475.0,28.37,75.0,True,False,False
Kharif Sorghum,Orissa,Phulbani ( Kandhamal ),4,142.89,301.98,52.68,100.0,True,False,False
Kharif Sorghum,Orissa,Puri,4,96.45,295.0,67.31,100.0,True,False,False
Kharif Sorghum,Orissa,Sambalpur,4,345.23,475.0,27.32,75.0,True,False,False
Kharif Sorghum,Orissa,Sundargarh,4,100.76,290.23,65.28,100.0,True,False,False
Kharif Sorghum,Punjab,Amritsar,4,0.0,0.0,0.0,0.0,False,True,False
Kharif Sorghum,Punjab,Bhatinda,4,0.0,0.0,0.0,0.0,False,True,False
Kharif Sorghum,Punjab,Ferozpur,4,0.0,0.0,0.0,0.0,False,True,False
Kharif Sorghum,Punjab,Gurdaspur,4,0.0,0.0,0.0,0.0,False,True,False
Kharif Sorghum,Punjab,Hoshiarpur,4,0.0,0.0,0.0,0.0,False,True,False
Kharif Sorghum,Punjab,Jalandhar,4,0.0,0.0,0.0,0.0,False,True,False
Kharif Sorghum,Punjab,Kapurthala,4,0.0,0.0,0.0,0.0,False,True,False
Kharif Sorghum,Punjab,Ludhiana,4,0.0,0.0,0.0,0.0,False,True,False
Kharif Sorghum,Punjab,Patiala,4,0.0,0.0,0.0,0.0,False,True,False
Kharif Sorghum,Punjab,Roopnagar / Ropar,4,0.0,0.0,0.0,0.0,False,True,False
Kharif Sorghum,Punjab,Sangrur,3,0.0,0.0,0.0,0.0,False,True,False
Kharif Sorghum,Rajasthan,Ajmer,4,159.17,92.03,-72.95,25.0,False,True,False
Kharif Sorghum,Rajasthan,Alwar,4,80.87,65.49,-23.48,25.0,False,True,False
Kharif Sorghum,Rajasthan,Banswara,4,120.67,92.4,-30.6,50.0,False,True,False
Kharif Sorghum,Rajasthan,Barmer,4,402.59,362.06,-11.19,25.0,False,True,False
Kharif Sorghum,Rajasthan,Bharatpur,4,300.95,205.91,-46.16,50.0,False,True,False
Kharif Sorghum,Rajasthan,Bhilwara,4,312.66,266.15,-17.48,25.0,False,True,False
Kharif Sorghum,Rajasthan,Bikaner,4,122.11,91.91,-32.86,50.0,False,True,False
Kharif Sorghum,Rajasthan,Bundi,4,46.27,99.56,53.53,100.0,True,False,False
Kharif Sorghum,Rajasthan,Chittorgarh,4,168.04,161.3,-4.18,50.0,False,False,False
Kharif Sorghum,Rajasthan,Churu,4,432.0,430.56,-0.33,50.0,False,False,False
Kharif Sorghum,Rajasthan,Dungarpur,4,110.68,85.43,-29.56,50.0,False,True,False
Kharif Sorghum,Rajasthan,Ganganagar,4,41.34,71.79,42.42,75.0,True,False,False
Kharif Sorghum,Rajasthan,Jaipur,4,169.79,190.86,11.04,50.0,False,False,False
Kharif Sorghum,Rajasthan,Jaisalmer,4,226.57,273.05,17.02,50.0,False,False,False
Kharif Sorghum,Rajasthan,Jalore,4,239.04,224.21,-6.61,50.0,False,False,False
Kharif Sorghum,Rajasthan,Jhalawar,4,316.51,506.63,37.53,100.0,True,False,False
Kharif Sorghum,Rajasthan,Jhunjhunu,4,0.0,0.0,0.0,0.0,False,True,False
Kharif Sorghum,Rajasthan,Jodhpur,4,199.89,140.9,-41.87,50.0,False,True,False
Kharif Sorghum,Rajasthan,Kota,4,197.89,150.62,-31.38,50.0,False,True,False
Kharif Sorghum,Rajasthan,Nagaur,4,209.81,161.4,-29.99,0.0,False,True,False
Kharif Sorghum,Rajasthan,Pali,4,124.39,102.59,-21.25,0.0,False,True,False
Kharif Sorghum,Rajasthan,Sikar,4,365.77,250.0,-46.31,25.0,False,True,False
Kharif Sorghum,Rajasthan,Sirohi,4,337.02,390.57,13.71,75.0,True,False,False
Kharif Sorghum,Rajasthan,Swami Madhopur,4,120.21,361.4,66.74,75.0,True,False,False
Kharif Sorghum,Rajasthan,Tonk,4,142.73,113.48,-25.78,25.0,False,True,False
Kharif Sorghum,Rajasthan,Udaipur,4,325.81,364.08,10.51,75.0,True,False,False
Kharif Sorghum,Tamil Nadu,Chengalpattu Mgr / Kanchipuram,4,433.79,491.2,11.69,50.0,False,False,False
Kharif Sorghum,Tamil Nadu,Coimbatore,4,272.06,328.74,17.24,50.0,False,False,False
Kharif Sorghum,Tamil Nadu,Kanyakumari,3,333.33,333.33,0.0,0.0,False,True,False
Kharif Sorghum,Tamil Nadu,Madurai,4,757.79,1038.23,27.01,25.0,False,True,True
Kharif Sorghum,Tamil Nadu,North Arcot / Vellore,3,329.46,596.07,44.73,33.33,False,False,False
Kharif Sorghum,Tamil Nadu,Ramananthapuram,4,554.9,620.78,10.61,75.0,True,False,True
Kharif Sorghum,Tamil Nadu,South Arcot / Cuddalore,4,420.25,625.52,32.82,50.0,False,False,False
Kharif Sorghum,Tamil Nadu,Thanjavur,4,131.16,117.55,-11.58,50.0,False,True,False
Kharif Sorghum,Tamil Nadu,The Nilgiris,3,272.55,761.11,64.19,100.0,True,False,False
Kharif Sorghum,Tamil Nadu,Thirunelveli,3,1866.23,2008.61,7.09,66.67,False,False,True
Kharif Sorghum,Tamil Nadu,Tiruchirapalli / Trichy,3,176.5,272.45,35.22,100.0,True,False,False
Kharif Sorghum,Telangana,Adilabad,4,149.14,411.23,63.73,100.0,True,False,False
Kharif Sorghum,Telangana,Hyderabad,4,239.98,186.86,-28.43,50.0,False,True,False
Kharif Sorghum,Telangana,Karimnagar,4,303.87,382.18,20.49,25.0,False,True,False
Kharif Sorghum,Telangana,Khammam,4,663.25,416.77,-59.14,25.0,False,True,True
Kharif Sorghum,Telangana,Mahabubnagar,4,112.9,189.6,40.45,100.0,True,False,False
Kharif Sorghum,Telangana,Medak,4,162.6,288.98,43.73,100.0,True,False,False
Kharif Sorghum,Telangana,Nalgonda,4,189.02,328.25,42.42,100.0,True,False,False
Kharif Sorghum,Telangana,Nizamabad,4,226.45,234.97,3.63,50.0,False,False,False
Kharif Sorghum,Telangana,Warangal,4,144.88,177.21,18.24,75.0,True,False,False
Kharif Sorghum,Uttar Pradesh,Agra,4,659.07,875.56,24.73,50.0,False,False,True
Kharif Sorghum,Uttar Pradesh,Aligarh,4,573.1,575.0,0.33,75.0,False,False,True
Kharif Sorghum,Uttar Pradesh,Allahabad,4,251.62,279.26,9.9,75.0,True,False,False
Kharif Sorghum,Uttar Pradesh,Azamgarh,4,508.64,449.83,-13.07,50.0,False,True,True
Kharif Sorghum,Uttar Pradesh,Bahraich,4,158.35,90.93,-74.14,25.0,False,True,False
Kharif Sorghum,Uttar Pradesh,Ballia,4,176.12,162.74,-8.22,50.0,False,False,False
Kharif Sorghum,Uttar Pradesh,Banda,4,365.73,299.4,-22.15,50.0,False,True,False
Kharif Sorghum,Uttar Pradesh,Barabanki,4,326.58,228.69,-42.8,0.0,False,True,False
Kharif Sorghum,Uttar Pradesh,Bareilly,4,154.52,159.09,2.87,25.0,False,True,False
Kharif Sorghum,Uttar Pradesh,Basti,4,0.0,0.0,0.0,0.0,False,True,False
Kharif Sorghum,Uttar Pradesh,Bijnor,3,0.0,0.0,0.0,0.0,False,True,False
Kharif Sorghum,Uttar Pradesh,Budaun,4,90.01,75.89,-18.61,50.0,False,True,False
Kharif Sorghum,Uttar Pradesh,Buland Shahar,4,141.61,147.9,4.25,75.0,False,False,False
Kharif Sorghum,Uttar Pradesh,Deoria,4,360.44,352.08,-2.37,25.0,False,True,False
Kharif Sorghum,Uttar Pradesh,Etah,4,156.02,56.95,-173.96,25.0,False,True,False
Kharif Sorghum,Uttar Pradesh,Etawah,4,335.79,256.69,-30.82,25.0,False,True,False
Kharif Sorghum,Uttar Pradesh,Faizabad,4,294.89,226.38,-30.26,25.0,False,True,False
Kharif Sorghum,Uttar Pradesh,Farrukhabad,4,360.18,257.93,-39.64,25.0,False,True,False
Kharif Sorghum,Uttar Pradesh,Fatehpur,4,350.84,461.99,24.06,75.0,True,False,False
Kharif Sorghum,Uttar Pradesh,Ghazipur,4,593.49,522.39,-13.61,25.0,False,True,True
Kharif Sorghum,Uttar Pradesh,Gonda,4,373.01,450.0,17.11,50.0,False,False,False
Kharif Sorghum,Uttar Pradesh,Gorakhpur,4,0.0,0.0,0.0,0.0,False,True,False
Kharif Sorghum,Uttar Pradesh,Hamirpur,4,405.47,300.59,-34.89,0.0,False,True,False
Kharif Sorghum,Uttar Pradesh,Hardoi,4,302.53,309.66,2.3,50.0,False,False,False
Kharif Sorghum,Uttar Pradesh,Jalaun,4,525.38,453.72,-15.79,50.0,False,True,True
Kharif Sorghum,Uttar Pradesh,Jaunpur,4,357.96,325.0,-10.14,50.0,False,True,False
Kharif Sorghum,Uttar Pradesh,Jhansi,4,198.7,133.93,-48.36,50.0,False,True,False
Kharif Sorghum,Uttar Pradesh,Kanpur,4,500.01,380.04,-31.57,25.0,False,True,True
Kharif Sorghum,Uttar Pradesh,Kheri,4,372.82,288.17,-29.38,0.0,False,True,False
Kharif Sorghum,Uttar Pradesh,Lucknow,4,159.53,182.81,12.73,50.0,False,False,False
Kharif Sorghum,Uttar Pradesh,Mainpuri,4,608.95,878.34,30.67,75.0,True,False,True
Kharif Sorghum,Uttar Pradesh,Mathura,4,592.04,841.66,29.66,75.0,True,False,True
Kharif Sorghum,Uttar Pradesh,Meerut,4,432.25,521.29,17.08,25.0,False,True,False
Kharif Sorghum,Uttar Pradesh,Mirzpur,4,136.3,98.47,-38.42,50.0,False,True,False
Kharif Sorghum,Uttar Pradesh,Moradabad,4,418.39,430.11,2.72,50.0,False,False,False
Kharif Sorghum,Uttar Pradesh,Muzaffarnagar,4,0.0,0.0,0.0,0.0,False,True,False
Kharif Sorghum,Uttar Pradesh,Pilibhit,4,0.0,0.0,0.0,0.0,False,True,False
Kharif Sorghum,Uttar Pradesh,Pratapgarh,4,228.12,466.07,51.05,100.0,True,False,False
Kharif Sorghum,Uttar Pradesh,Rae-Bareily,4,138.63,66.94,-107.1,25.0,False,True,False
Kharif Sorghum,Uttar Pradesh,Rampur,4,361.21,403.44,10.47,75.0,True,False,False
Kharif Sorghum,Uttar Pradesh,Saharanpur,4,7.82,0.0,0.0,0.0,False,True,False
Kharif Sorghum,Uttar Pradesh,Shahjahanpur,4,131.53,81.11,-62.16,50.0,False,True,False
Kharif Sorghum,Uttar Pradesh,Sitapur,4,46.21,77.52,40.39,75.0,True,False,False
Kharif Sorghum,Uttar Pradesh,Sultanpur,4,248.79,244.94,-1.57,50.0,False,False,False
Kharif Sorghum,Uttar Pradesh,Unnao,4,356.16,281.1,-26.7,25.0,False,True,False
Kharif Sorghum,Uttar Pradesh,Varanasi,4,219.02,63.43,-245.29,25.0,False,True,False
Kharif Sorghum,Uttarakhand,Almorah,4,0.0,0.0,0.0,0.0,False,True,False
Kharif Sorghum,Uttarakhand,Chamoli,4,0.0,0.0,0.0,0.0,False,True,False
Kharif Sorghum,Uttarakhand,Dehradun,4,0.0,0.0,0.0,0.0,False,True,False
Kharif Sorghum,Uttarakhand,Garhwal,4,0.0,0.0,0.0,0.0,False,True,False
Kharif Sorghum,Uttarakhand,Nainital,4,0.0,0.0,0.0,0.0,False,True,False
Kharif Sorghum,Uttarakhand,Pithorgarh,4,0.0,0.0,0.0,0.0,False,True,False
Kharif Sorghum,Uttarakhand,Tehri Garhwal,4,0.0,0.0,0.0,0.0,False,True,False
Kharif Sorghum,Uttarakhand,Uttar Kashi,4,0.0,0.0,0.0,0.0,False,True,False
Kharif Sorghum,West Bengal,24 Parganas,4,0.0,0.0,0.0,0.0,False,True,False
Kharif Sorghum,West Bengal,Bankura,4,0.0,0.0,0.0,0.0,False,True,False
Kharif Sorghum,West Bengal,Birbhum,4,0.0,0.0,0.0,0.0,False,True,False
Kharif Sorghum,West Bengal,Burdwan,4,0.0,0.0,0.0,0.0,False,True,False
Kharif Sorghum,West Bengal,Cooch Behar,4,0.0,0.0,0.0,0.0,False,True,False
Kharif Sorghum,West Bengal,Darjeeling,4,0.0,0.0,0.0,0.0,False,True,False
Kharif Sorghum,West Bengal,Hooghly,4,0.0,0.0,0.0,0.0,False,True,False
Kharif Sorghum,West Bengal,Howrah,4,0.0,0.0,0.0,0.0,False,True,False
Kharif Sorghum,West Bengal,Jalpaiguri,4,0.0,0.0,0.0,0.0,False,True,False
Kharif Sorghum,West Bengal,Malda,4,0.0,0.0,0.0,0.0,False,True,False
Kharif Sorghum,West Bengal,Midnapur,4,0.0,0.0,0.0,0.0,False,True,False
Kharif Sorghum,West Bengal,Murshidabad,4,0.0,0.0,0.0,0.0,False,True,False
Kharif Sorghum,West Bengal,Nadia,4,0.0,0.0,0.0,0.0,False,True,False
Kharif Sorghum,West Bengal,Purulia,4,100.33,152.35,34.15,75.0,True,False,False
Kharif Sorghum,West Bengal,West Dinajpur,4,0.0,0.0,0.0,0.0,False,True,False
Pearl Millet,Andhra Pradesh,Ananthapur,4,377.64,355.8,-6.14,50.0,False,False,False
Pearl Millet,Andhra Pradesh,Chittoor,4,393.95,282.31,-39.55,25.0,False,True,False
Pearl Millet,Andhra Pradesh,East Godavari,4,241.05,165.36,-45.77,25.0,False,True,False
Pearl Millet,Andhra Pradesh,Guntur,4,535.16,406.83,-31.54,25.0,False,True,True
Pearl Millet,Andhra Pradesh,Kadapa Ysr,4,663.78,542.48,-22.36,25.0,False,True,True
Pearl Millet,Andhra Pradesh,Krishna,4,0.19,0.0,0.0,0.0,False,True,False
Pearl Millet,Andhra Pradesh,Kurnool,4,326.97,344.33,5.04,25.0,False,True,False
Pearl Millet,Andhra Pradesh,S.P.S. Nellore,4,445.11,452.32,1.59,50.0,False,False,True
Pearl Millet,Andhra Pradesh,Srikakulam,4,322.4,635.48,49.27,100.0,True,False,False
Pearl Millet,Andhra Pradesh,Visakhapatnam,4,178.86,126.8,-41.06,25.0,False,True,False
Pearl Millet,Andhra Pradesh,West Godavari,4,0.19,0.0,0.0,0.0,False,True,False
Pearl Millet,Assam,Cachar,4,0.0,0.0,0.0,0.0,False,True,False
Pearl Millet,Assam,Darrang,4,0.0,0.0,0.0,0.0,False,True,False
Pearl Millet,Assam,Dibrugarh,4,0.0,0.0,0.0,0.0,False,True,False
Pearl Millet,Assam,Goalpara,4,0.0,0.0,0.0,0.0,False,True,False
Pearl Millet,Assam,Kamrup,4,0.0,0.0,0.0,0.0,False,True,False
Pearl Millet,Assam,Karbi Anglong,4,0.0,0.0,0.0,0.0,False,True,False
Pearl Millet,Assam,Lakhimpur,4,0.0,0.0,0.0,0.0,False,True,False
Pearl Millet,Assam,Nagaon,4,0.0,0.0,0.0,0.0,False,True,False
Pearl Millet,Assam,North Cachar Hil / Dima Hasao,4,0.0,0.0,0.0,0.0,False,True,False
Pearl Millet,Assam,Sibsagar,4,0.0,0.0,0.0,0.0,False,True,False
Pearl Millet,Bihar,Bhagalpur,4,395.0,316.67,-24.74,25.0,False,True,False
Pearl Millet,Bihar,Champaran,4,627.53,695.83,9.82,100.0,True,False,True
Pearl Millet,Bihar,Darbhanga,4,0.0,0.0,0.0,0.0,False,True,False
Pearl Millet,Bihar,Gaya,4,839.16,958.85,12.48,75.0,True,False,True
Pearl Millet,Bihar,Mungair,4,418.12,320.83,-30.32,0.0,False,True,True
Pearl Millet,Bihar,Muzaffarpur,4,0.0,0.0,0.0,0.0,False,True,False
Pearl Millet,Bihar,Patna,4,285.71,285.71,0.0,0.0,False,True,False
Pearl Millet,Bihar,Purnea,4,0.0,0.0,0.0,0.0,False,True,False
Pearl Millet,Bihar,Saharsa,4,0.0,0.0,0.0,0.0,False,True,False
Pearl Millet,Bihar,Saran,4,99.56,15.21,-554.57,25.0,False,True,False
Pearl Millet,Bihar,Shahabad (Now Part Of Bhojpur District),4,52.9,2.09,-2431.1,25.0,False,True,False
Pearl Millet,Chhattisgarh,Bastar,4,0.5,0.0,0.0,0.0,False,True,False
Pearl Millet,Chhattisgarh,Bilaspur,4,101.96,199.63,48.93,100.0,True,False,False
Pearl Millet,Chhattisgarh,Durg,4,433.09,409.94,-5.65,50.0,False,False,True
Pearl Millet,Chhattisgarh,Raigarh,4,76.82,141.58,45.74,100.0,True,False,False
Pearl Millet,Chhattisgarh,Raipur,4,486.48,522.15,6.83,25.0,False,True,True
Pearl Millet,Chhattisgarh,Surguja,4,0.5,0.0,0.0,0.0,False,True,False
Pearl Millet,Gujarat,Ahmedabad,4,508.41,393.61,-29.17,0.0,False,True,True
Pearl Millet,Gujarat,Amreli,4,322.75,576.95,44.06,75.0,True,False,False
Pearl Millet,Gujarat,Banaskantha,4,290.27,385.8,24.76,75.0,True,False,False
Pearl Millet,Gujarat,Bharuch,4,222.57,438.48,49.24,75.0,True,False,False
Pearl Millet,Gujarat,Bhavnagar,4,375.25,264.55,-41.84,50.0,False,True,False
Pearl Millet,Gujarat,Dangs,4,0.0,0.0,0.0,0.0,False,True,False
Pearl Millet,Gujarat,Jamnagar,4,259.07,239.35,-8.24,50.0,False,False,False
Pearl Millet,Gujarat,Junagadh,4,660.0,466.31,-41.54,25.0,False,True,True
Pearl Millet,Gujarat,Kheda,4,147.1,161.83,9.1,25.0,False,True,False
Pearl Millet,Gujarat,Kutch,4,128.78,128.67,-0.09,25.0,False,True,False
Pearl Millet,Gujarat,Mehsana,4,408.59,425.53,3.98,50.0,False,False,False
Pearl Millet,Gujarat,Panchmahal,4,365.52,451.47,19.04,75.0,True,False,False
Pearl Millet,Gujarat,Rajkot,4,225.84,481.55,53.1,100.0,True,False,False
Pearl Millet,Gujarat,Sabarkantha,4,221.28,358.66,38.3,100.0,True,False,False
Pearl Millet,Gujarat,Surat,4,434.58,628.17,30.82,100.0,True,False,True
Pearl Millet,Gujarat,Surendranagar,4,514.03,448.31,-14.66,50.0,False,True,True
Pearl Millet,Gujarat,Vadodara / Baroda,4,290.33,205.86,-41.03,25.0,False,True,False
Pearl Millet,Gujarat,Valsad,4,1293.94,1111.46,-16.42,25.0,False,True,True
Pearl Millet,Haryana,Ambala,4,2257.49,2531.7,10.83,75.0,True,False,True
Pearl Millet,Haryana,Gurgaon,4,146.12,195.57,25.29,75.0,True,False,False
Pearl Millet,Haryana,Hissar,4,362.69,265.15,-36.79,25.0,False,True,False
Pearl Millet,Haryana,Jind,4,142.04,237.59,40.22,100.0,True,False,False
Pearl Millet,Haryana,Karnal,4,189.34,354.34,46.57,75.0,True,False,False
Pearl Millet,Haryana,Mahendragarh / Narnaul,4,389.34,328.23,-18.62,50.0,False,True,False
Pearl Millet,Haryana,Rohtak,4,516.45,404.9,-27.55,50.0,False,True,True
Pearl Millet,Himachal Pradesh,Bilashpur,4,249.19,110.83,-124.84,0.0,False,True,False
Pearl Millet,Himachal Pradesh,Chamba,4,260.56,107.96,-141.35,0.0,False,True,False
Pearl Millet,Himachal Pradesh,Kangra,4,103.94,91.61,-13.46,25.0,False,True,False
Pearl Millet,Himachal Pradesh,Kinnaur,4,0.0,0.0,0.0,0.0,False,True,False
Pearl Millet,Himachal Pradesh,Kullu,4,0.0,0.0,0.0,0.0,False,True,False
Pearl Millet,Himachal Pradesh,Lahul & Spiti,4,0.0,0.0,0.0,0.0,False,True,False
Pearl Millet,Himachal Pradesh,Mandi,4,77.83,66.99,-16.18,50.0,False,True,False
Pearl Millet,Himachal Pradesh,Shimla,4,537.26,450.22,-19.33,25.0,False,True,True
Pearl Millet,Himachal Pradesh,Sirmaur,4,299.8,215.25,-39.28,25.0,False,True,False
Pearl Millet,Himachal Pradesh,Solan,4,0.0,0.0,0.0,0.0,False,True,False
Pearl Millet,Jharkhand,Dhanbad,4,112.96,112.96,0.0,0.0,False,True,False
Pearl Millet,Jharkhand,Hazaribagh,4,103.17,103.17,0.0,0.0,False,True,False
Pearl Millet,Jharkhand,Palamau,4,0.0,0.0,0.0,0.0,False,True,False
Pearl Millet,Jharkhand,Ranchi,4,187.5,187.5,0.0,0.0,False,True,False
Pearl Millet,Jharkhand,Santhal Paragana / Dumka,4,186.36,186.36,0.0,0.0,False,True,False
Pearl Millet,Jharkhand,Singhbhum,4,141.89,141.89,0.0,0.0,False,True,False
Pearl Millet,Karnataka,Bangalore,4,631.6,493.32,-28.03,0.0,False,True,True
Pearl Millet,Karnataka,Belgaum,4,273.55,285.01,4.02,50.0,False,False,False
Pearl Millet,Karnataka,Bellary,4,342.25,326.39,-4.86,25.0,False,True,False
Pearl Millet,Karnataka,Bidar,4,296.48,303.95,2.46,50.0,False,False,False
Pearl Millet,Karnataka,Bijapur / Vijayapura,4,420.8,319.8,-31.58,25.0,False,True,True
Pearl Millet,Karnataka,Chickmagalur,4,243.46,237.5,-2.51,50.0,False,False,False
Pearl Millet,Karnataka,Chitradurga,4,253.19,250.73,-0.98,50.0,False,False,False
Pearl Millet,Karnataka,Dakshina Kannada,4,2.99,0.0,0.0,0.0,False,True,False
Pearl Millet,Karnataka,Dharwad,4,333.25,306.45,-8.75,50.0,False,False,False
Pearl Millet,Karnataka,Gulbarga / Kalaburagi,4,517.1,392.03,-31.9,25.0,False,True,True
Pearl Millet,Karnataka,Hassan,4,586.07,593.75,1.29,50.0,False,False,True
Pearl Millet,Karnataka,Kodagu / Coorg,4,2.99,0.0,0.0,0.0,False,True,False
Pearl Millet,Karnataka,Kolar,4,486.12,650.52,25.27,75.0,True,False,True
Pearl Millet,Karnataka,Mandya,4,403.37,404.17,0.2,75.0,False,False,False
Pearl Millet,Karnataka,Mysore,4,439.91,382.26,-15.08,50.0,False,True,True
Pearl Millet,Karnataka,Raichur,4,337.38,289.99,-16.34,25.0,False,True,False
Pearl Millet,Karnataka,Shimoge,4,395.84,392.86,-0.76,0.0,False,True,False
Pearl Millet,Karnataka,Tumkur,4,432.9,261.19,-65.74,0.0,False,True,True
Pearl Millet,Karnataka,Uttara Kannada,4,2.99,0.0,0.0,0.0,False,True,False
Pearl Millet,Kerala,Alappuzha,4,0.0,0.0,0.0,0.0,False,True,False
Pearl Millet,Kerala,Eranakulam,4,0.0,0.0,0.0,0.0,False,True,False
Pearl Millet,Kerala,Kannur,4,0.0,0.0,0.0,0.0,False,True,False
Pearl Millet,Kerala,Kollam,4,0.0,0.0,0.0,0.0,False,True,False
Pearl Millet,Kerala,Kottayam,4,0.0,0.0,0.0,0.0,False,True,False
Pearl Millet,Kerala,Kozhikode,4,0.0,0.0,0.0,0.0,False,True,False
Pearl Millet,Kerala,Malappuram,4,0.0,0.0,0.0,0.0,False,True,False
Pearl Millet,Kerala,Palakkad,4,0.0,0.0,0.0,0.0,False,True,False
Pearl Millet,Kerala,Thiruvananthapuram,4,0.0,0.0,0.0,0.0,False,True,False
Pearl Millet,Kerala,Thrissur,4,0.0,0.0,0.0,0.0,False,True,False
Pearl Millet,Madhya Pradesh,Balaghat,4,0.0,0.0,0.0,0.0,False,True,False
Pearl Millet,Madhya Pradesh,Betul,4,1046.43,950.0,-10.15,50.0,False,True,True
Pearl Millet,Madhya Pradesh,Bhind,4,599.95,678.93,11.63,75.0,True,False,True
Pearl Millet,Madhya Pradesh,Chhatarpur,4,1324.06,1217.06,-8.79,50.0,False,False,True
Pearl Millet,Madhya Pradesh,Chhindwara,4,713.28,692.54,-2.99,75.0,False,False,True
Pearl Millet,Madhya Pradesh,Damoh,4,1124.04,1288.29,12.75,75.0,True,False,True
Pearl Millet,Madhya Pradesh,Datia,4,816.1,633.13,-28.9,25.0,False,True,True
Pearl Millet,Madhya Pradesh,Dewas,4,0.0,0.0,0.0,0.0,False,True,False
Pearl Millet,Madhya Pradesh,Dhar,4,310.95,362.24,14.16,50.0,False,False,False
Pearl Millet,Madhya Pradesh,Guna,4,952.8,919.54,-3.62,75.0,False,False,True
Pearl Millet,Madhya Pradesh,Gwalior,4,576.04,532.22,-8.23,25.0,False,True,True
Pearl Millet,Madhya Pradesh,Hoshangabad,4,502.84,848.51,40.74,100.0,True,False,True
Pearl Millet,Madhya Pradesh,Indore,4,0.0,0.0,0.0,0.0,False,True,False
Pearl Millet,Madhya Pradesh,Jabalpur,4,0.0,0.0,0.0,0.0,False,True,False
Pearl Millet,Madhya Pradesh,Jhabua,4,500.43,393.68,-27.12,25.0,False,True,True
Pearl Millet,Madhya Pradesh,Khandwa / East Nimar,4,627.56,630.16,0.41,75.0,False,False,True
Pearl Millet,Madhya Pradesh,Khargone / West Nimar,4,208.77,204.88,-1.9,50.0,False,False,False
Pearl Millet,Madhya Pradesh,Mandla,4,0.0,0.0,0.0,0.0,False,True,False
Pearl Millet,Madhya Pradesh,Mandsaur,4,574.64,704.56,18.44,75.0,True,False,True
Pearl Millet,Madhya Pradesh,Morena,4,352.0,387.5,9.16,75.0,True,False,False
Pearl Millet,Madhya Pradesh,Narsinghpur,4,1164.97,1025.93,-13.55,25.0,False,True,True
Pearl Millet,Madhya Pradesh,Panna,4,812.4,829.12,2.02,50.0,False,False,True
Pearl Millet,Madhya Pradesh,Raisen,4,1042.78,1020.83,-2.15,50.0,False,False,True
Pearl Millet,Madhya Pradesh,Rajgarh,4,171.71,237.5,27.7,75.0,True,False,False
Pearl Millet,Madhya Pradesh,Ratlam,4,0.0,0.0,0.0,0.0,False,True,False
Pearl Millet,Madhya Pradesh,Rewa,3,691.18,702.14,1.56,66.67,False,False,True
Pearl Millet,Madhya Pradesh,Sagar,4,822.27,1317.56,37.59,100.0,True,False,True
Pearl Millet,Madhya Pradesh,Satna,4,982.5,801.66,-22.56,25.0,False,True,True
Pearl Millet,Madhya Pradesh,Sehore,4,416.67,416.67,0.0,0.0,False,True,True
Pearl Millet,Madhya Pradesh,Seoni / Shivani,4,595.72,475.0,-25.41,25.0,False,True,True
Pearl Millet,Madhya Pradesh,Shahdol,4,1276.88,879.17,-45.24,0.0,False,True,True
Pearl Millet,Madhya Pradesh,Shajapur,4,928.47,783.33,-18.53,50.0,False,True,True
Pearl Millet,Madhya Pradesh,Shivpuri,4,636.42,410.09,-55.19,25.0,False,True,True
Pearl Millet,Madhya Pradesh,Sidhi,4,824.69,748.38,-10.2,25.0,False,True,True
Pearl Millet,Madhya Pradesh,Tikamgarh,4,227.58,237.5,4.18,50.0,False,False,False
Pearl Millet,Madhya Pradesh,Ujjain,4,516.01,356.25,-44.84,25.0,False,True,True
Pearl Millet,Madhya Pradesh,Vidisha,4,1366.71,1212.5,-12.72,25.0,False,True,True
Pearl Millet,Maharashtra,Ahmednagar,4,489.59,345.04,-41.89,25.0,False,True,True
Pearl Millet,Maharashtra,Akola,4,256.86,283.25,9.32,50.0,False,False,False
Pearl Millet,Maharashtra,Amarawati,4,296.52,310.99,4.65,75.0,False,False,False
Pearl Millet,Maharashtra,Aurangabad,4,317.6,364.31,12.82,75.0,True,False,False
Pearl Millet,Maharashtra,Beed,4,337.45,283.05,-19.22,75.0,False,True,False
Pearl Millet,Maharashtra,Bhandara,4,0.0,0.0,0.0,0.0,False,True,False
Pearl Millet,Maharashtra,Buldhana,4,333.75,351.67,5.1,75.0,True,False,False
Pearl Millet,Maharashtra,Chandrapur,4,176.03,97.22,-81.06,0.0,False,True,False
Pearl Millet,Maharashtra,Dhule,4,373.33,318.67,-17.15,50.0,False,True,False
Pearl Millet,Maharashtra,Jalgaon,4,391.9,263.65,-48.64,25.0,False,True,False
Pearl Millet,Maharashtra,Kolhapur,4,0.0,0.0,0.0,0.0,False,True,False
Pearl Millet,Maharashtra,Nagpur,4,0.0,0.0,0.0,0.0,False,True,False
Pearl Millet,Maharashtra,Nanded,4,0.0,0.0,0.0,0.0,False,True,False
Pearl Millet,Maharashtra,Nasik,4,551.32,464.14,-18.78,50.0,False,True,True
Pearl Millet,Maharashtra,Osmanabad,4,194.12,187.23,-3.68,75.0,False,False,False
Pearl Millet,Maharashtra,Parbhani,4,347.47,323.28,-7.48,50.0,False,False,False
Pearl Millet,Maharashtra,Pune,4,93.5,41.7,-124.22,25.0,False,True,False
Pearl Millet,Maharashtra,Raigad,4,0.0,0.0,0.0,0.0,False,True,False
Pearl Millet,Maharashtra,Ratnagiri,4,0.0,0.0,0.0,0.0,False,True,False
Pearl Millet,Maharashtra,Sangli,4,488.11,319.06,-52.98,25.0,False,True,True
Pearl Millet,Maharashtra,Satara,4,172.67,136.68,-26.33,25.0,False,True,False
Pearl Millet,Maharashtra,Solapur,4,152.59,46.98,-224.8,0.0,False,True,False
Pearl Millet,Maharashtra,Thane,4,0.0,0.0,0.0,0.0,False,True,False
Pearl Millet,Maharashtra,Wardha,4,0.0,0.0,0.0,0.0,False,True,False
Pearl Millet,Maharashtra,Yeotmal,4,399.2,413.77,3.52,50.0,False,False,False
Pearl Millet,Orissa,Balasore,4,0.0,0.0,0.0,0.0,False,True,False
Pearl Millet,Orissa,Bolangir,4,0.0,0.0,0.0,0.0,False,True,False
Pearl Millet,Orissa,Cuttack,4,0.0,0.0,0.0,0.0,False,True,False
Pearl Millet,Orissa,Dhenkanal,4,0.0,0.0,0.0,0.0,False,True,False
Pearl Millet,Orissa,Ganjam,4,28.49,8.47,-236.36,25.0,False,True,False
Pearl Millet,Orissa,Kalahandi,4,73.76,55.66,-32.52,50.0,False,True,False
Pearl Millet,Orissa,Keonjhar,4,234.73,243.61,3.65,50.0,False,False,False
Pearl Millet,Orissa,Koraput,4,43.78,8.55,-412.05,25.0,False,True,False
Pearl Millet,Orissa,Mayurbhanja,4,0.0,0.0,0.0,0.0,False,True,False
Pearl Millet,Orissa,Phulbani ( Kandhamal ),4,141.97,105.98,-33.96,50.0,False,True,False
Pearl Millet,Orissa,Puri,4,0.0,0.0,0.0,0.0,False,True,False
Pearl Millet,Orissa,Sambalpur,4,125.0,125.0,0.0,0.0,False,True,False
Pearl Millet,Orissa,Sundargarh,4,256.65,280.07,8.36,75.0,True,False,False
Pearl Millet,Punjab,Amritsar,4,471.35,237.5,-98.46,25.0,False,True,True
Pearl Millet,Punjab,Bhatinda,4,670.12,459.03,-45.99,25.0,False,True,True
Pearl Millet,Punjab,Ferozpur,4,374.4,433.33,13.6,50.0,False,False,False
Pearl Millet,Punjab,Gurdaspur,4,0.0,0.0,0.0,0.0,False,True,False
Pearl Millet,Punjab,Hoshiarpur,4,0.0,0.0,0.0,0.0,False,True,False
Pearl Millet,Punjab,Jalandhar,4,0.0,0.0,0.0,0.0,False,True,False
Pearl Millet,Punjab,Kapurthala,4,471.35,237.5,-98.46,25.0,False,True,True
Pearl Millet,Punjab,Ludhiana,4,104.76,237.5,55.89,100.0,True,False,False
Pearl Millet,Punjab,Patiala,4,238.59,237.5,-0.46,50.0,False,False,False
Pearl Millet,Punjab,Roopnagar / Ropar,4,238.59,237.5,-0.46,50.0,False,False,False
Pearl Millet,Punjab,Sangrur,3,119.44,261.11,54.26,100.0,True,False,False
Pearl Millet,Rajasthan,Ajmer,4,291.69,210.7,-38.44,25.0,False,True,False
Pearl Millet,Rajasthan,Alwar,4,235.01,118.46,-98.39,25.0,False,True,False
Pearl Millet,Rajasthan,Banswara,4,161.11,126.28,-27.58,50.0,False,True,False
Pearl Millet,Rajasthan,Barmer,4,109.32,220.47,50.42,100.0,True,False,False
Pearl Millet,Rajasthan,Bharatpur,4,91.4,51.39,-77.86,25.0,False,True,False
Pearl Millet,Rajasthan,Bhilwara,4,276.62,225.34,-22.76,50.0,False,True,False
Pearl Millet,Rajasthan,Bikaner,4,200.05,116.89,-71.14,0.0,False,True,False
Pearl Millet,Rajasthan,Bundi,4,260.18,247.62,-5.07,50.0,False,False,False
Pearl Millet,Rajasthan,Chittorgarh,4,137.78,74.27,-85.51,50.0,False,True,False
Pearl Millet,Rajasthan,Churu,4,79.03,115.11,31.34,100.0,True,False,False
Pearl Millet,Rajasthan,Dungarpur,4,234.08,285.98,18.15,75.0,True,False,False
Pearl Millet,Rajasthan,Ganganagar,4,225.89,410.65,44.99,100.0,True,False,False
Pearl Millet,Rajasthan,Jaipur,4,309.51,185.01,-67.29,25.0,False,True,False
Pearl Millet,Rajasthan,Jaisalmer,4,146.41,124.66,-17.45,50.0,False,True,False
Pearl Millet,Rajasthan,Jalore,4,193.55,472.88,59.07,100.0,True,False,False
Pearl Millet,Rajasthan,Jhalawar,4,46.26,22.73,-103.52,25.0,False,True,False
Pearl Millet,Rajasthan,Jhunjhunu,4,321.7,207.57,-54.98,50.0,False,True,False
Pearl Millet,Rajasthan,Jodhpur,4,240.94,195.0,-23.56,25.0,False,True,False
Pearl Millet,Rajasthan,Kota,4,148.11,197.89,25.16,100.0,True,False,False
Pearl Millet,Rajasthan,Nagaur,4,199.15,139.24,-43.03,25.0,False,True,False
Pearl Millet,Rajasthan,Pali,4,185.44,115.9,-60.0,0.0,False,True,False
Pearl Millet,Rajasthan,Sikar,4,360.42,323.7,-11.34,50.0,False,True,False
Pearl Millet,Rajasthan,Sirohi,4,312.07,282.85,-10.33,0.0,False,True,False
Pearl Millet,Rajasthan,Swami Madhopur,4,97.54,79.13,-23.27,50.0,False,True,False
Pearl Millet,Rajasthan,Tonk,4,256.79,194.61,-31.95,25.0,False,True,False
Pearl Millet,Rajasthan,Udaipur,4,173.87,112.5,-54.55,50.0,False,True,False
Pearl Millet,Tamil Nadu,Chengalpattu Mgr / Kanchipuram,4,615.03,605.64,-1.55,50.0,False,False,True
Pearl Millet,Tamil Nadu,Coimbatore,4,893.34,650.37,-37.36,25.0,False,True,True
Pearl Millet,Tamil Nadu,Kanyakumari,3,0.0,0.0,0.0,0.0,False,True,False
Pearl Millet,Tamil Nadu,Madurai,4,923.67,890.83,-3.69,25.0,False,True,True
Pearl Millet,Tamil Nadu,North Arcot / Vellore,3,339.2,373.56,9.2,66.67,False,False,False
Pearl Millet,Tamil Nadu,Ramananthapuram,4,1533.26,1235.7,-24.08,0.0,False,True,True
Pearl Millet,Tamil Nadu,South Arcot / Cuddalore,4,594.51,413.04,-43.94,25.0,False,True,True
Pearl Millet,Tamil Nadu,Thanjavur,4,774.85,516.77,-49.94,0.0,False,True,True
Pearl Millet,Tamil Nadu,The Nilgiris,3,0.0,0.0,0.0,0.0,False,True,False
Pearl Millet,Tamil Nadu,Thirunelveli,3,1191.33,719.67,-65.54,0.0,False,True,True
Pearl Millet,Tamil Nadu,Tiruchirapalli / Trichy,3,502.92,597.36,15.81,66.67,False,False,True
Pearl Millet,Telangana,Adilabad,4,503.68,374.3,-34.57,25.0,False,True,True
Pearl Millet,Telangana,Hyderabad,4,76.43,93.31,18.09,50.0,False,False,False
Pearl Millet,Telangana,Karimnagar,4,189.48,114.63,-65.3,25.0,False,True,False
Pearl Millet,Telangana,Khammam,4,454.24,485.18,6.38,50.0,False,False,True
Pearl Millet,Telangana,Mahabubnagar,4,79.11,169.92,53.44,100.0,True,False,False
Pearl Millet,Telangana,Medak,4,76.78,99.33,22.7,75.0,True,False,False
Pearl Millet,Telangana,Nalgonda,4,191.97,208.15,7.77,50.0,False,False,False
Pearl Millet,Telangana,Nizamabad,4,196.66,116.09,-69.4,25.0,False,True,False
Pearl Millet,Telangana,Warangal,4,498.74,682.74,26.95,75.0,True,False,True
Pearl Millet,Uttar Pradesh,Agra,4,263.82,216.55,-21.83,25.0,False,True,False
Pearl Millet,Uttar Pradesh,Aligarh,4,158.55,124.22,-27.64,25.0,False,True,False
Pearl Millet,Uttar Pradesh,Allahabad,4,80.23,62.13,-29.13,25.0,False,True,False
Pearl Millet,Uttar Pradesh,Azamgarh,4,254.24,332.33,23.5,50.0,False,False,False
Pearl Millet,Uttar Pradesh,Bahraich,4,547.53,330.32,-65.76,50.0,False,True,True
Pearl Millet,Uttar Pradesh,Ballia,4,139.02,290.17,52.09,100.0,True,False,False
Pearl Millet,Uttar Pradesh,Banda,4,394.52,288.37,-36.81,25.0,False,True,False
Pearl Millet,Uttar Pradesh,Barabanki,4,414.13,499.25,17.05,50.0,False,False,True
Pearl Millet,Uttar Pradesh,Bareilly,4,347.59,308.95,-12.51,25.0,False,True,False
Pearl Millet,Uttar Pradesh,Basti,3,176.27,123.08,-43.22,33.33,False,True,False
Pearl Millet,Uttar Pradesh,Bijnor,4,0.0,0.0,0.0,0.0,False,True,False
Pearl Millet,Uttar Pradesh,Budaun,4,208.32,115.97,-79.63,0.0,False,True,False
Pearl Millet,Uttar Pradesh,Buland Shahar,4,78.04,61.1,-27.73,50.0,False,True,False
Pearl Millet,Uttar Pradesh,Deoria,4,95.45,97.22,1.82,50.0,False,False,False
Pearl Millet,Uttar Pradesh,Etah,4,259.02,444.47,41.72,75.0,True,False,False
Pearl Millet,Uttar Pradesh,Etawah,4,106.82,93.88,-13.78,25.0,False,True,False
Pearl Millet,Uttar Pradesh,Faizabad,4,493.85,497.69,0.77,50.0,False,False,True
Pearl Millet,Uttar Pradesh,Farrukhabad,4,148.36,152.31,2.59,75.0,False,False,False
Pearl Millet,Uttar Pradesh,Fatehpur,4,221.18,195.47,-13.15,25.0,False,True,False
Pearl Millet,Uttar Pradesh,Ghazipur,4,560.24,483.38,-15.9,25.0,False,True,True
Pearl Millet,Uttar Pradesh,Gonda,4,0.0,0.0,0.0,0.0,False,True,False
Pearl Millet,Uttar Pradesh,Gorakhpur,3,630.72,621.3,-1.52,33.33,False,False,True
Pearl Millet,Uttar Pradesh,Hamirpur,4,602.07,464.54,-29.61,25.0,False,True,True
Pearl Millet,Uttar Pradesh,Hardoi,4,184.58,191.56,3.64,75.0,False,False,False
Pearl Millet,Uttar Pradesh,Jalaun,4,327.16,295.34,-10.77,25.0,False,True,False
Pearl Millet,Uttar Pradesh,Jaunpur,4,44.41,85.92,48.31,75.0,True,False,False
Pearl Millet,Uttar Pradesh,Jhansi,3,246.11,146.57,-67.91,33.33,False,True,False
Pearl Millet,Uttar Pradesh,Kanpur,4,457.47,339.19,-34.87,50.0,False,True,True
Pearl Millet,Uttar Pradesh,Kheri,4,199.62,219.69,9.14,50.0,False,False,False
Pearl Millet,Uttar Pradesh,Lucknow,4,199.52,213.99,6.76,50.0,False,False,False
Pearl Millet,Uttar Pradesh,Mainpuri,4,84.47,109.1,22.58,100.0,True,False,False
Pearl Millet,Uttar Pradesh,Mathura,4,178.03,125.18,-42.22,25.0,False,True,False
Pearl Millet,Uttar Pradesh,Meerut,4,574.61,417.75,-37.55,25.0,False,True,True
Pearl Millet,Uttar Pradesh,Mirzpur,4,151.88,93.73,-62.04,50.0,False,True,False
Pearl Millet,Uttar Pradesh,Moradabad,4,138.51,101.41,-36.58,25.0,False,True,False
Pearl Millet,Uttar Pradesh,Muzaffarnagar,4,0.0,0.0,0.0,0.0,False,True,False
Pearl Millet,Uttar Pradesh,Pilibhit,4,0.0,0.0,0.0,0.0,False,True,False
Pearl Millet,Uttar Pradesh,Pratapgarh,4,150.12,31.93,-370.15,25.0,False,True,False
Pearl Millet,Uttar Pradesh,Rae-Bareily,4,109.58,172.94,36.64,75.0,True,False,False
Pearl Millet,Uttar Pradesh,Rampur,4,184.38,275.13,32.98,75.0,True,False,False
Pearl Millet,Uttar Pradesh,Saharanpur,3,872.11,888.89,1.89,33.33,False,False,True
Pearl Millet,Uttar Pradesh,Shahjahanpur,4,257.3,267.79,3.92,50.0,False,False,False
Pearl Millet,Uttar Pradesh,Sitapur,4,98.94,126.43,21.74,75.0,True,False,False
Pearl Millet,Uttar Pradesh,Sultanpur,4,426.11,483.51,11.87,50.0,False,False,True
Pearl Millet,Uttar Pradesh,Unnao,4,403.18,347.05,-16.17,50.0,False,True,False
Pearl Millet,Uttar Pradesh,Varanasi,4,177.79,161.61,-10.01,50.0,False,True,False
Pearl Millet,Uttarakhand,Almorah,4,0.0,0.0,0.0,0.0,False,True,False
Pearl Millet,Uttarakhand,Chamoli,4,0.0,0.0,0.0,0.0,False,True,False
Pearl Millet,Uttarakhand,Dehradun,4,0.0,0.0,0.0,0.0,False,True,False
Pearl Millet,Uttarakhand,Garhwal,4,0.0,0.0,0.0,0.0,False,True,False
Pearl Millet,Uttarakhand,Nainital,4,0.0,0.0,0.0,0.0,False,True,False
Pearl Millet,Uttarakhand,Pithorgarh,4,0.0,0.0,0.0,0.0,False,True,False
Pearl Millet,Uttarakhand,Tehri Garhwal,4,0.0,0.0,0.0,0.0,False,True,False
Pearl Millet,Uttarakhand,Uttar Kashi,4,0.0,0.0,0.0,0.0,False,True,False
Pearl Millet,West Bengal,24 Parganas,4,0.0,0.0,0.0,0.0,False,True,False
Pearl Millet,West Bengal,Bankura,4,0.0,0.0,0.0,0.0,False,True,False
Pearl Millet,West Bengal,Birbhum,4,0.0,0.0,0.0,0.0,False,True,False
Pearl Millet,West Bengal,Burdwan,4,0.0,0.0,0.0,0.0,False,True,False
Pearl Millet,West Bengal,Cooch Behar,4,111.38,142.85,22.03,75.0,True,False,False
Pearl Millet,West Bengal,Darjeeling,4,0.0,0.0,0.0,0.0,False,True,False
Pearl Millet,West Bengal,Hooghly,4,0.0,0.0,0.0,0.0,False,True,False
Pearl Millet,West Bengal,Howrah,4,0.0,0.0,0.0,0.0,False,True,False
Pearl Millet,West Bengal,Jalpaiguri,4,0.0,0.0,0.0,0.0,False,True,False
Pearl Millet,West Bengal,Malda,4,0.0,0.0,0.0,0.0,False,True,False
Pearl Millet,West Bengal,Midnapur,4,0.0,0.0,0.0,0.0,False,True,False
Pearl Millet,West Bengal,Murshidabad,4,0.0,0.0,0.0,0.0,False,True,False
Pearl Millet,West Bengal,Nadia,4,0.0,0.0,0.0,0.0,False,True,False
Pearl Millet,West Bengal,Purulia,4,86.08,42.79,-101.17,25.0,False,True,False
Pearl Millet,West Bengal,West Dinajpur,4,0.0,0.0,0.0,0.0,False,True,False
