crop,district,state,observations,mean_residual,median_residual,mae,rmse,p90_error,is_high_error_district
Oilseeds,24 Parganas,West Bengal,4,444.64,201.08,444.64,675.7,1009.6,False
Oilseeds,Adilabad,Telangana,4,574.27,555.28,574.27,649.07,902.84,False
Oilseeds,Agra,Uttar Pradesh,4,739.31,659.02,739.31,899.48,1308.61,False
Oilseeds,Ahmedabad,Gujarat,4,340.02,191.98,512.54,706.05,1032.51,False
Oilseeds,Ahmednagar,Maharashtra,4,548.29,552.71,548.29,563.28,680.51,False
Oilseeds,Ajmer,Rajasthan,4,396.99,390.4,453.39,553.02,812.81,False
Oilseeds,Akola,Maharashtra,4,1172.62,1230.71,1172.62,1231.48,1548.4,True
Oilseeds,Alappuzha,Kerala,4,151.17,149.12,151.17,152.77,175.21,False
Oilseeds,Aligarh,Uttar Pradesh,4,746.92,649.2,746.92,905.56,1325.18,False
Oilseeds,Allahabad,Uttar Pradesh,4,442.42,416.66,442.42,497.99,689.23,False
Oilseeds,Almorah,Uttarakhand,4,147.22,275.73,389.25,409.45,510.27,False
Oilseeds,Alwar,Rajasthan,4,424.43,442.76,739.33,853.33,1169.53,False
Oilseeds,Amarawati,Maharashtra,4,948.06,790.37,948.06,1036.78,1429.57,True
Oilseeds,Ambala,Haryana,4,-190.57,-168.97,300.43,374.11,545.1,False
Oilseeds,Amreli,Gujarat,4,1206.55,1207.13,1517.64,1818.77,2666.57,True
Oilseeds,Amritsar,Punjab,4,187.92,269.29,411.0,453.17,595.34,False
Oilseeds,Ananthapur,Andhra Pradesh,4,44.45,-20.06,529.71,611.77,869.14,False
Oilseeds,Aurangabad,Maharashtra,4,852.34,906.68,852.34,871.5,1017.35,True
Oilseeds,Azamgarh,Uttar Pradesh,4,536.15,385.21,536.15,642.28,936.51,False
Oilseeds,Bahraich,Uttar Pradesh,4,477.67,461.08,477.67,517.25,689.5,False
Oilseeds,Balaghat,Madhya Pradesh,4,123.82,89.62,238.48,304.55,450.56,False
Oilseeds,Balasore,Orissa,4,-276.46,-295.84,276.46,300.29,392.81,False
Oilseeds,Ballia,Uttar Pradesh,4,555.58,391.64,555.58,669.34,977.42,False
Oilseeds,Banaskantha,Gujarat,4,497.3,776.56,947.56,1027.07,1305.4,True
Oilseeds,Banda,Uttar Pradesh,4,302.53,323.22,302.53,308.59,355.55,False
Oilseeds,Bangalore,Karnataka,4,240.19,192.77,240.19,290.52,423.57,False
Oilseeds,Bankura,West Bengal,4,272.56,172.45,283.04,407.09,614.78,False
Oilseeds,Banswara,Rajasthan,4,225.62,244.95,414.23,474.0,666.02,False
Oilseeds,Barabanki,Uttar Pradesh,4,436.1,453.98,436.1,455.96,570.33,False
Oilseeds,Bareilly,Uttar Pradesh,4,511.04,498.99,511.04,545.96,721.87,False
Oilseeds,Barmer,Rajasthan,4,307.32,267.24,363.49,449.92,656.37,False
Oilseeds,Bastar,Chhattisgarh,4,169.76,155.61,169.76,196.99,281.82,False
Oilseeds,Basti,Uttar Pradesh,4,506.53,462.82,506.53,548.74,745.41,False
Oilseeds,Beed,Maharashtra,4,941.83,1087.03,941.83,1015.93,1240.41,True
Oilseeds,Belgaum,Karnataka,4,471.3,590.77,516.11,584.82,770.89,False
Oilseeds,Bellary,Karnataka,4,472.04,483.85,472.04,496.52,632.25,False
Oilseeds,Betul,Madhya Pradesh,4,484.28,1067.21,1134.89,1139.09,1242.04,True
Oilseeds,Bhagalpur,Bihar,4,355.84,148.81,355.84,563.28,839.46,False
Oilseeds,Bhandara,Maharashtra,4,189.58,150.78,189.58,206.4,279.77,False
Oilseeds,Bharatpur,Rajasthan,4,312.06,304.02,685.67,769.64,1063.88,False
Oilseeds,Bharuch,Gujarat,4,543.27,581.05,543.27,617.12,835.6,False
Oilseeds,Bhatinda,Punjab,4,235.83,66.01,437.63,642.09,971.51,False
Oilseeds,Bhavnagar,Gujarat,4,424.32,201.79,451.4,702.97,1063.39,False
Oilseeds,Bhilwara,Rajasthan,4,301.19,283.47,376.0,448.21,640.51,False
Oilseeds,Bhind,Madhya Pradesh,4,538.99,550.04,538.99,588.87,769.68,False
Oilseeds,Bidar,Karnataka,4,838.31,892.54,838.31,889.93,1128.71,True
Oilseeds,Bijapur / Vijayapura,Karnataka,4,350.14,433.06,361.43,419.03,547.07,False
Oilseeds,Bijnor,Uttar Pradesh,4,665.61,618.41,665.61,776.21,1109.75,False
Oilseeds,Bikaner,Rajasthan,4,673.23,658.33,978.95,1204.85,1737.99,True
Oilseeds,Bilashpur,Himachal Pradesh,4,80.77,44.94,465.9,504.38,684.39,False
Oilseeds,Bilaspur,Chhattisgarh,4,238.59,309.25,250.3,284.49,355.59,False
Oilseeds,Birbhum,West Bengal,4,334.0,165.96,334.0,484.95,719.96,False
Oilseeds,Bolangir,Orissa,4,-71.19,-95.19,114.34,120.71,156.73,False
Oilseeds,Budaun,Uttar Pradesh,4,604.41,533.16,604.41,726.52,1058.62,False
Oilseeds,Buland Shahar,Uttar Pradesh,4,730.79,597.13,730.79,897.07,1324.2,False
Oilseeds,Buldhana,Maharashtra,4,782.15,775.13,782.15,803.16,981.39,False
Oilseeds,Bundi,Rajasthan,4,257.54,294.43,504.92,584.73,803.68,False
Oilseeds,Burdwan,West Bengal,4,361.16,168.34,361.16,550.21,820.62,False
Oilseeds,Cachar,Assam,4,145.07,181.18,185.18,203.09,276.49,False
Oilseeds,Chamba,Himachal Pradesh,4,118.06,130.18,193.89,231.4,327.16,False
Oilseeds,Chamoli,Uttarakhand,4,144.14,281.18,431.31,457.45,584.27,False
Oilseeds,Champaran,Bihar,4,319.64,140.37,319.64,489.16,713.36,False
Oilseeds,Chandrapur,Maharashtra,4,347.13,336.78,347.13,380.88,519.35,False
Oilseeds,Chengalpattu Mgr / Kanchipuram,Tamil Nadu,4,1476.06,858.33,1476.06,2055.74,3011.06,True
Oilseeds,Chhatarpur,Madhya Pradesh,4,210.28,474.6,530.2,534.5,607.42,False
Oilseeds,Chhindwara,Madhya Pradesh,4,249.75,276.67,428.75,494.71,693.86,False
Oilseeds,Chickmagalur,Karnataka,4,205.76,223.12,241.37,284.61,409.53,False
Oilseeds,Chitradurga,Karnataka,4,357.7,415.05,357.7,419.08,560.88,False
Oilseeds,Chittoor,Andhra Pradesh,4,-340.62,-155.16,659.38,787.42,1148.84,False
Oilseeds,Chittorgarh,Rajasthan,4,355.2,415.79,504.74,576.04,814.63,False
Oilseeds,Churu,Rajasthan,4,385.92,219.87,484.66,688.75,1032.31,False
Oilseeds,Coimbatore,Tamil Nadu,4,312.16,-95.84,910.91,1184.41,1755.0,True
Oilseeds,Cooch Behar,West Bengal,4,209.56,194.09,209.56,225.12,302.2,False
Oilseeds,Cuttack,Orissa,4,-127.8,-127.33,127.8,134.44,171.5,False
Oilseeds,Dakshina Kannada,Karnataka,4,465.52,215.67,518.65,797.42,1199.4,False
Oilseeds,Damoh,Madhya Pradesh,4,113.91,26.14,579.18,695.55,1017.15,False
Oilseeds,Dangs,Gujarat,4,1219.23,1322.62,1219.23,1450.79,1999.25,True
Oilseeds,Darbhanga,Bihar,4,329.05,161.42,329.05,481.58,712.17,False
Oilseeds,Darjeeling,West Bengal,4,279.64,304.21,279.64,301.57,387.69,False
Oilseeds,Darrang,Assam,4,141.37,120.83,210.33,263.23,387.17,False
Oilseeds,Datia,Madhya Pradesh,4,290.34,302.43,293.98,360.86,515.41,False
Oilseeds,Dehradun,Uttarakhand,4,175.42,337.68,352.54,353.51,375.97,False
Oilseeds,Deoria,Uttar Pradesh,4,508.81,441.62,508.81,566.3,792.93,False
Oilseeds,Dewas,Madhya Pradesh,4,731.72,759.48,731.72,736.27,796.91,False
Oilseeds,Dhanbad,Jharkhand,4,821.15,810.35,821.15,943.66,1304.79,False
Oilseeds,Dhar,Madhya Pradesh,4,213.54,218.63,717.92,749.3,937.58,False
Oilseeds,Dharwad,Karnataka,4,458.1,576.79,489.18,556.24,721.22,False
Oilseeds,Dhenkanal,Orissa,4,-13.37,-6.13,23.67,31.08,45.22,False
Oilseeds,Dhule,Maharashtra,4,326.58,292.8,373.96,460.87,672.38,False
Oilseeds,Dibrugarh,Assam,4,185.93,63.08,210.06,339.54,503.43,False
Oilseeds,Dungarpur,Rajasthan,4,259.74,172.27,259.74,346.1,509.32,False
Oilseeds,Durg,Chhattisgarh,4,370.25,357.56,370.25,382.63,478.28,False
Oilseeds,East Godavari,Andhra Pradesh,4,-2785.9,-296.18,4195.72,6770.7,10084.64,True
Oilseeds,Eranakulam,Kerala,4,139.3,137.56,139.3,139.94,154.04,False
Oilseeds,Etah,Uttar Pradesh,4,764.43,618.07,764.43,929.14,1368.6,False
Oilseeds,Etawah,Uttar Pradesh,4,631.44,620.71,631.44,725.25,1017.64,False
Oilseeds,Faizabad,Uttar Pradesh,4,451.3,472.79,451.3,469.63,578.72,False
Oilseeds,Farrukhabad,Uttar Pradesh,4,527.18,453.88,527.18,588.89,823.53,False
Oilseeds,Fatehpur,Uttar Pradesh,4,453.81,465.43,453.81,472.86,590.96,False
Oilseeds,Ferozpur,Punjab,4,242.38,77.63,242.38,398.63,582.81,False
Oilseeds,Ganganagar,Rajasthan,4,391.31,442.09,627.42,745.11,1028.97,False
Oilseeds,Ganjam,Orissa,4,-45.24,-44.63,103.55,116.6,160.53,False
Oilseeds,Garhwal,Uttarakhand,4,200.62,357.06,341.84,343.63,368.66,False
Oilseeds,Gaya,Bihar,4,224.64,86.57,273.65,420.24,615.39,False
Oilseeds,Ghazipur,Uttar Pradesh,4,668.12,624.05,668.12,727.53,992.12,False
Oilseeds,Goalpara,Assam,4,256.99,167.76,256.99,383.4,583.49,False
Oilseeds,Gonda,Uttar Pradesh,4,512.69,485.38,512.69,552.03,740.43,False
Oilseeds,Gorakhpur,Uttar Pradesh,4,489.85,443.62,489.85,525.85,708.12,False
Oilseeds,Gulbarga / Kalaburagi,Karnataka,4,365.08,395.27,365.08,415.74,564.49,False
Oilseeds,Guna,Madhya Pradesh,4,428.25,498.33,504.06,579.15,812.65,False
Oilseeds,Guntur,Andhra Pradesh,4,-237.09,-71.8,277.47,444.43,657.62,False
Oilseeds,Gurdaspur,Punjab,4,142.99,109.86,441.29,565.92,843.16,False
Oilseeds,Gurgaon,Haryana,4,-385.77,-189.24,460.64,677.94,1004.37,False
Oilseeds,Gwalior,Madhya Pradesh,4,397.37,310.74,397.37,463.94,670.96,False
Oilseeds,Hamirpur,Uttar Pradesh,4,357.49,349.74,357.49,364.56,432.19,False
Oilseeds,Hardoi,Uttar Pradesh,4,464.1,471.59,464.1,476.09,567.66,False
Oilseeds,Hassan,Karnataka,4,214.05,243.96,270.47,317.24,452.03,False
Oilseeds,Hazaribagh,Jharkhand,4,298.25,419.03,446.23,472.62,618.72,False
Oilseeds,Hissar,Haryana,4,-317.67,-278.07,317.67,365.03,515.53,False
Oilseeds,Hooghly,West Bengal,4,413.82,237.55,413.82,602.4,910.25,False
Oilseeds,Hoshangabad,Madhya Pradesh,4,417.74,810.83,933.28,942.8,1065.59,True
Oilseeds,Hoshiarpur,Punjab,4,319.23,17.1,362.65,666.32,956.75,False
Oilseeds,Howrah,West Bengal,4,769.93,613.36,769.93,1015.16,1472.91,False
Oilseeds,Hyderabad,Telangana,4,380.28,276.5,380.28,529.49,802.54,False
Oilseeds,Indore,Madhya Pradesh,4,272.82,449.17,502.39,516.79,627.19,False
Oilseeds,Jabalpur,Madhya Pradesh,4,165.87,262.81,375.41,395.09,515.58,False
Oilseeds,Jaipur,Rajasthan,4,168.55,213.14,625.82,657.7,817.56,False
Oilseeds,Jaisalmer,Rajasthan,4,222.26,153.3,417.96,542.45,799.11,False
Oilseeds,Jalandhar,Punjab,4,320.21,14.37,324.42,630.41,890.13,False
Oilseeds,Jalaun,Uttar Pradesh,4,359.47,325.71,359.47,375.25,476.48,False
Oilseeds,Jalgaon,Maharashtra,4,366.22,390.58,366.22,395.76,515.53,False
Oilseeds,Jalore,Rajasthan,4,450.2,420.89,549.07,692.98,1028.31,False
Oilseeds,Jalpaiguri,West Bengal,4,332.53,120.44,332.53,535.18,791.86,False
Oilseeds,Jamnagar,Gujarat,4,1110.0,1031.13,1110.0,1154.05,1470.24,True
Oilseeds,Jaunpur,Uttar Pradesh,4,542.29,548.39,542.29,567.77,709.29,False
Oilseeds,Jhabua,Madhya Pradesh,4,254.3,230.91,481.15,586.51,842.46,False
Oilseeds,Jhalawar,Rajasthan,4,534.62,493.5,534.62,548.38,673.26,False
Oilseeds,Jhansi,Uttar Pradesh,4,491.79,483.36,491.79,494.47,548.58,False
Oilseeds,Jhunjhunu,Rajasthan,4,305.7,110.89,475.21,663.35,973.94,False
Oilseeds,Jind,Haryana,4,-312.74,-553.42,662.98,675.6,801.37,False
Oilseeds,Jodhpur,Rajasthan,4,219.83,180.22,819.35,850.66,1074.6,False
Oilseeds,Junagadh,Gujarat,4,1428.32,1461.49,1428.32,1440.16,1610.23,True
Oilseeds,Kadapa Ysr,Andhra Pradesh,4,-232.8,-178.84,570.83,621.49,848.19,False
Oilseeds,Kalahandi,Orissa,4,-59.53,-65.69,79.5,99.83,139.72,False
Oilseeds,Kamrup,Assam,4,190.86,157.67,306.8,388.6,564.75,False
Oilseeds,Kangra,Himachal Pradesh,4,149.44,85.66,276.6,366.02,538.13,False
Oilseeds,Kannur,Kerala,4,164.68,146.44,164.68,176.7,237.52,False
Oilseeds,Kanpur,Uttar Pradesh,4,619.53,489.79,619.53,712.86,1002.84,False
Oilseeds,Kapurthala,Punjab,4,170.6,-7.04,379.4,564.49,856.4,False
Oilseeds,Karbi Anglong,Assam,4,119.7,107.51,196.94,233.37,335.36,False
Oilseeds,Karimnagar,Telangana,4,279.35,94.34,316.32,507.67,740.4,False
Oilseeds,Karnal,Haryana,4,92.32,120.54,1329.5,1411.68,1819.84,True
Oilseeds,Keonjhar,Orissa,4,-78.21,-4.29,101.94,177.27,260.01,False
Oilseeds,Khammam,Telangana,4,770.95,-237.54,4566.0,5465.81,8000.88,True
Oilseeds,Khandwa / East Nimar,Madhya Pradesh,4,349.07,472.11,376.32,419.92,496.77,False
Oilseeds,Khargone / West Nimar,Madhya Pradesh,4,405.25,351.44,590.01,733.58,1077.33,False
Oilseeds,Kheda,Gujarat,4,362.89,85.45,436.53,721.49,1043.74,False
Oilseeds,Kheri,Uttar Pradesh,4,510.48,476.05,510.48,554.18,750.52,False
Oilseeds,Kodagu / Coorg,Karnataka,4,181.79,179.07,181.79,185.76,223.87,False
Oilseeds,Kolar,Karnataka,4,374.23,398.81,374.23,394.95,496.8,False
Oilseeds,Kolhapur,Maharashtra,4,495.48,266.29,558.92,829.43,1257.45,False
Oilseeds,Kollam,Kerala,4,92.99,100.0,92.99,95.4,111.81,False
Oilseeds,Koraput,Orissa,4,-54.51,-21.56,111.25,137.45,198.78,False
Oilseeds,Kota,Rajasthan,4,564.63,752.0,614.66,685.04,839.97,False
Oilseeds,Kottayam,Kerala,4,142.4,159.82,142.4,148.73,175.65,False
Oilseeds,Kozhikode,Kerala,4,152.82,95.61,152.82,193.05,281.04,False
Oilseeds,Krishna,Andhra Pradesh,4,-5043.11,-5362.53,5043.11,5253.36,6435.14,True
Oilseeds,Kullu,Himachal Pradesh,4,283.31,864.3,1155.34,1214.18,1565.45,True
Oilseeds,Kurnool,Andhra Pradesh,4,-233.51,-140.85,233.51,323.16,478.81,False
Oilseeds,Kutch,Gujarat,4,628.96,490.37,653.35,909.13,1374.71,False
Oilseeds,Lahul & Spiti,Himachal Pradesh,4,627.91,608.63,627.91,760.87,1097.82,False
Oilseeds,Lakhimpur,Assam,4,107.62,-62.71,416.69,506.97,734.74,False
Oilseeds,Lucknow,Uttar Pradesh,4,503.29,521.58,503.29,515.95,616.47,False
Oilseeds,Ludhiana,Punjab,4,229.74,-73.66,448.05,682.36,1007.76,False
Oilseeds,Madurai,Tamil Nadu,4,344.39,100.65,942.44,1331.58,2018.47,True
Oilseeds,Mahabubnagar,Telangana,4,294.15,306.63,418.93,504.54,730.44,False
Oilseeds,Mahendragarh / Narnaul,Haryana,4,-354.12,-467.06,411.76,452.0,580.19,False
Oilseeds,Mainpuri,Uttar Pradesh,4,784.99,713.86,784.99,909.99,1302.93,False
Oilseeds,Malappuram,Kerala,4,136.44,136.7,136.44,136.58,142.82,False
Oilseeds,Malda,West Bengal,4,319.18,108.11,348.14,568.15,840.05,False
Oilseeds,Mandi,Himachal Pradesh,4,171.49,306.01,427.06,446.01,562.88,False
Oilseeds,Mandla,Madhya Pradesh,4,178.83,200.85,334.09,391.58,542.99,False
Oilseeds,Mandsaur,Madhya Pradesh,4,756.8,664.03,756.8,797.78,1045.06,False
Oilseeds,Mandya,Karnataka,4,213.04,232.4,213.04,263.06,368.14,False
Oilseeds,Mathura,Uttar Pradesh,4,796.23,707.49,796.23,932.37,1345.22,False
Oilseeds,Mayurbhanja,Orissa,4,-143.26,-197.08,308.08,333.52,454.86,False
Oilseeds,Medak,Telangana,4,211.99,108.6,211.99,302.31,444.23,False
Oilseeds,Meerut,Uttar Pradesh,4,808.73,748.64,808.73,936.94,1338.16,False
Oilseeds,Mehsana,Gujarat,4,656.06,486.23,879.05,1139.09,1705.44,True
Oilseeds,Midnapur,West Bengal,4,512.99,456.35,517.34,700.14,1041.41,False
Oilseeds,Mirzpur,Uttar Pradesh,4,467.86,489.33,467.86,478.49,557.38,False
Oilseeds,Moradabad,Uttar Pradesh,4,669.34,628.77,669.34,772.69,1094.27,False
Oilseeds,Morena,Madhya Pradesh,4,433.24,488.15,482.1,573.99,812.18,False
Oilseeds,Mungair,Bihar,4,376.31,152.42,376.31,586.02,873.08,False
Oilseeds,Murshidabad,West Bengal,4,455.8,379.87,469.53,633.92,953.49,False
Oilseeds,Muzaffarnagar,Uttar Pradesh,4,545.59,478.69,545.59,599.71,819.73,False
Oilseeds,Muzaffarpur,Bihar,4,328.8,91.72,371.2,614.88,898.42,False
Oilseeds,Mysore,Karnataka,4,272.22,342.33,315.08,360.8,487.51,False
Oilseeds,Nadia,West Bengal,4,464.85,361.1,475.73,657.96,995.26,False
Oilseeds,Nagaon,Assam,4,138.12,74.76,281.52,356.34,519.06,False
Oilseeds,Nagaur,Rajasthan,4,196.69,56.52,445.6,542.12,775.29,False
Oilseeds,Nagpur,Maharashtra,4,457.11,446.87,457.11,462.79,536.6,False
Oilseeds,Nainital,Uttarakhand,4,157.81,225.43,735.62,900.29,1281.88,False
Oilseeds,Nalgonda,Telangana,4,224.38,48.45,271.55,451.51,654.77,False
Oilseeds,Nanded,Maharashtra,4,723.76,709.86,723.76,754.77,959.4,False
Oilseeds,Narsinghpur,Madhya Pradesh,4,370.9,469.1,476.52,529.88,724.81,False
Oilseeds,Nasik,Maharashtra,4,429.39,274.71,429.39,567.59,852.74,False
Oilseeds,Nizamabad,Telangana,4,598.97,436.92,598.97,759.3,1126.1,False
Oilseeds,North Arcot / Vellore,Tamil Nadu,3,662.76,553.22,912.31,1113.56,1558.15,True
Oilseeds,North Cachar Hil / Dima Hasao,Assam,4,267.95,368.75,331.98,355.62,447.26,False
Oilseeds,Osmanabad,Maharashtra,4,1324.41,1001.82,1324.41,1492.27,2092.45,True
Oilseeds,Palakkad,Kerala,4,166.34,153.95,166.34,170.04,206.65,False
Oilseeds,Palamau,Jharkhand,4,214.23,165.0,266.1,350.8,527.28,False
Oilseeds,Pali,Rajasthan,4,222.77,228.68,246.84,330.07,471.86,False
Oilseeds,Panchmahal,Gujarat,4,486.55,428.55,486.55,545.62,751.54,False
Oilseeds,Panna,Madhya Pradesh,4,162.8,305.66,396.14,412.26,494.59,False
Oilseeds,Parbhani,Maharashtra,4,843.12,714.18,843.12,891.31,1168.88,True
Oilseeds,Patiala,Punjab,4,307.82,-13.14,499.44,777.09,1146.75,False
Oilseeds,Patna,Bihar,4,576.4,350.26,576.4,847.14,1286.55,False
Oilseeds,Phulbani ( Kandhamal ),Orissa,4,-84.35,-66.91,121.27,151.89,220.68,False
Oilseeds,Pilibhit,Uttar Pradesh,4,500.46,466.54,500.46,532.25,703.18,False
Oilseeds,Pithorgarh,Uttarakhand,4,195.54,315.02,475.63,506.27,666.67,False
Oilseeds,Pratapgarh,Uttar Pradesh,4,519.49,487.4,519.49,551.67,728.55,False
Oilseeds,Pune,Maharashtra,4,359.44,258.57,819.52,1046.24,1564.6,False
Oilseeds,Puri,Orissa,4,-136.23,-134.52,136.23,137.69,157.78,False
Oilseeds,Purnea,Bihar,4,385.6,142.91,385.6,615.67,904.86,False
Oilseeds,Purulia,West Bengal,4,257.75,159.74,257.75,373.64,560.25,False
Oilseeds,Rae-Bareily,Uttar Pradesh,4,477.5,503.55,477.5,488.56,567.49,False
Oilseeds,Raichur,Karnataka,4,402.99,491.59,416.51,483.4,636.95,False
Oilseeds,Raigad,Maharashtra,4,318.25,279.13,473.41,591.09,866.56,False
Oilseeds,Raigarh,Chhattisgarh,4,164.3,150.6,228.04,282.64,408.4,False
Oilseeds,Raipur,Chhattisgarh,4,200.47,69.36,223.16,358.75,523.8,False
Oilseeds,Raisen,Madhya Pradesh,4,334.98,473.58,589.39,627.1,821.89,False
Oilseeds,Rajgarh,Madhya Pradesh,4,404.58,708.04,817.22,833.27,972.93,False
Oilseeds,Rajkot,Gujarat,4,1533.58,1057.74,1533.58,1837.87,2642.55,True
Oilseeds,Ramananthapuram,Tamil Nadu,4,229.82,-29.02,502.05,738.78,1114.55,False
Oilseeds,Rampur,Uttar Pradesh,4,672.8,696.6,672.8,738.44,989.22,False
Oilseeds,Ranchi,Jharkhand,4,268.08,86.11,274.25,460.43,669.04,False
Oilseeds,Ratlam,Madhya Pradesh,4,521.32,538.63,521.32,551.01,702.72,False
Oilseeds,Ratnagiri,Maharashtra,4,279.33,130.08,322.97,483.82,711.56,False
Oilseeds,Rewa,Madhya Pradesh,3,234.16,253.32,358.39,409.37,559.07,False
Oilseeds,Rohtak,Haryana,4,-284.63,-259.84,390.77,467.63,672.87,False
Oilseeds,Roopnagar / Ropar,Punjab,4,291.43,121.34,396.3,585.39,855.87,False
Oilseeds,S.P.S. Nellore,Andhra Pradesh,4,-671.6,-165.85,777.29,1285.71,1885.12,False
Oilseeds,Sabarkantha,Gujarat,4,477.4,544.93,947.54,1111.24,1523.43,True
Oilseeds,Sagar,Madhya Pradesh,4,384.86,732.37,779.56,782.63,842.92,False
Oilseeds,Saharanpur,Uttar Pradesh,4,450.62,581.0,653.04,704.64,955.47,False
Oilseeds,Saharsa,Bihar,4,436.68,219.13,436.68,633.19,940.82,False
Oilseeds,Sambalpur,Orissa,4,-20.36,-28.32,63.46,74.57,103.55,False
Oilseeds,Sangli,Maharashtra,4,315.14,277.69,487.88,587.52,839.11,False
Oilseeds,Sangrur,Punjab,3,38.79,-367.42,1068.13,1193.91,1563.63,True
Oilseeds,Santhal Paragana / Dumka,Jharkhand,4,216.81,206.5,367.86,435.88,620.06,False
Oilseeds,Saran,Bihar,4,430.79,219.32,430.79,608.38,889.4,False
Oilseeds,Satara,Maharashtra,4,465.78,239.76,471.9,726.12,1094.27,False
Oilseeds,Satna,Madhya Pradesh,4,359.49,723.79,1095.57,1191.15,1469.28,True
Oilseeds,Sehore,Madhya Pradesh,4,406.9,661.5,777.22,796.19,959.68,False
Oilseeds,Seoni / Shivani,Madhya Pradesh,4,307.52,475.24,519.51,544.21,686.25,False
Oilseeds,Shahabad (Now Part Of Bhojpur District),Bihar,4,318.4,164.61,318.4,484.04,722.69,False
Oilseeds,Shahdol,Madhya Pradesh,4,235.79,368.54,396.94,405.62,492.76,False
Oilseeds,Shahjahanpur,Uttar Pradesh,4,491.95,470.05,491.95,524.65,692.51,False
Oilseeds,Shajapur,Madhya Pradesh,4,756.8,738.64,756.8,763.11,864.48,False
Oilseeds,Shimla,Himachal Pradesh,4,178.55,156.15,187.56,254.47,379.67,False
Oilseeds,Shimoge,Karnataka,4,370.76,141.01,382.54,622.67,921.7,False
Oilseeds,Shivpuri,Madhya Pradesh,4,398.96,608.26,629.88,653.58,817.7,False
Oilseeds,Sibsagar,Assam,4,135.52,103.21,135.52,194.26,293.52,False
Oilseeds,Sidhi,Madhya Pradesh,4,260.94,282.11,292.76,340.48,480.51,False
Oilseeds,Sikar,Rajasthan,4,351.5,116.55,459.34,688.54,1020.99,False
Oilseeds,Singhbhum,Jharkhand,4,478.84,475.22,478.84,525.8,714.15,False
Oilseeds,Sirmaur,Himachal Pradesh,4,156.14,86.34,288.73,382.28,562.2,False
Oilseeds,Sirohi,Rajasthan,4,371.36,187.71,406.3,619.67,938.09,False
Oilseeds,Sitapur,Uttar Pradesh,4,423.15,417.42,423.15,448.66,584.83,False
Oilseeds,Solan,Himachal Pradesh,4,67.14,132.74,278.72,313.22,387.07,False
Oilseeds,Solapur,Maharashtra,4,450.49,470.86,450.49,467.42,573.71,False
Oilseeds,South Arcot / Cuddalore,Tamil Nadu,4,1258.27,924.27,1535.74,2037.99,3061.06,True
Oilseeds,Srikakulam,Andhra Pradesh,4,-685.07,-551.18,685.07,876.74,1269.85,False
Oilseeds,Sultanpur,Uttar Pradesh,4,393.97,419.88,393.97,412.2,511.05,False
Oilseeds,Sundargarh,Orissa,4,-82.52,-95.13,90.77,104.16,143.12,False
Oilseeds,Surat,Gujarat,4,355.9,427.38,355.9,383.91,456.19,False
Oilseeds,Surendranagar,Gujarat,4,611.03,623.88,700.25,822.03,1160.25,False
Oilseeds,Surguja,Chhattisgarh,4,198.21,191.77,204.47,283.91,409.24,False
Oilseeds,Swami Madhopur,Rajasthan,4,311.43,258.48,425.08,554.2,823.03,False
Oilseeds,Tehri Garhwal,Uttarakhand,4,125.52,228.81,423.37,469.59,626.82,False
Oilseeds,Thane,Maharashtra,4,165.5,155.15,165.5,204.23,293.37,False
Oilseeds,Thanjavur,Tamil Nadu,4,423.74,23.79,831.1,1199.42,1799.61,True
Oilseeds,Thirunelveli,Tamil Nadu,3,41.86,153.86,1086.82,1271.43,1561.79,True
Oilseeds,Thiruvananthapuram,Kerala,4,111.69,99.58,111.69,123.05,170.55,False
Oilseeds,Thrissur,Kerala,4,277.09,288.54,277.09,278.76,302.41,False
Oilseeds,Tikamgarh,Madhya Pradesh,4,242.71,520.37,661.45,685.65,816.51,False
Oilseeds,Tiruchirapalli / Trichy,Tamil Nadu,3,101.0,356.59,1441.97,1633.64,2000.74,True
Oilseeds,Tonk,Rajasthan,4,262.01,439.11,614.46,698.44,860.92,False
Oilseeds,Tumkur,Karnataka,4,306.72,359.91,306.72,348.37,453.82,False
Oilseeds,Udaipur,Rajasthan,4,322.04,277.37,322.04,380.15,544.37,False
Oilseeds,Ujjain,Madhya Pradesh,4,719.09,765.73,719.09,735.5,849.16,False
Oilseeds,Unnao,Uttar Pradesh,4,399.16,406.94,399.16,435.1,577.66,False
Oilseeds,Uttar Kashi,Uttarakhand,4,39.63,180.41,311.09,353.94,482.24,False
Oilseeds,Uttara Kannada,Karnataka,4,544.56,402.49,659.61,893.58,1348.36,False
Oilseeds,Vadodara / Baroda,Gujarat,4,440.28,216.56,459.75,703.61,1049.0,False
Oilseeds,Valsad,Gujarat,4,308.99,278.38,536.68,642.24,930.81,False
Oilseeds,Varanasi,Uttar Pradesh,4,720.94,751.06,720.94,792.72,1054.89,False
Oilseeds,Vidisha,Madhya Pradesh,4,364.85,585.99,588.0,598.25,707.52,False
Oilseeds,Visakhapatnam,Andhra Pradesh,4,-869.97,-491.74,1074.08,1534.99,2304.02,True
Oilseeds,Warangal,Telangana,4,400.39,61.54,400.39,738.27,1061.1,False
Oilseeds,Wardha,Maharashtra,4,340.57,309.71,340.57,413.64,602.99,False
Oilseeds,West Dinajpur,West Bengal,4,425.64,454.4,474.32,568.62,818.88,False
Oilseeds,West Godavari,Andhra Pradesh,4,-2275.47,-2628.96,3534.01,3966.75,5564.47,True
Oilseeds,Yeotmal,Maharashtra,4,710.35,687.18,710.35,717.41,824.74,False
Chickpea,24 Parganas,West Bengal,4,39.44,-52.5,211.01,280.39,422.06,False
Chickpea,Adilabad,Telangana,4,-41.88,-39.63,147.49,154.23,196.9,False
Chickpea,Agra,Uttar Pradesh,4,151.56,96.4,587.37,614.07,792.16,True
Chickpea,Ahmedabad,Gujarat,4,-39.74,14.76,95.54,141.75,214.01,False
Chickpea,Ahmednagar,Maharashtra,4,-48.71,-109.73,190.64,209.71,276.47,False
Chickpea,Ajmer,Rajasthan,4,59.74,-3.08,180.25,226.77,336.14,False
Chickpea,Akola,Maharashtra,4,-7.2,-16.42,206.87,238.76,326.31,False
Chickpea,Alappuzha,Kerala,4,0.0,0.0,0.0,0.0,0.0,False
Chickpea,Aligarh,Uttar Pradesh,4,-1.94,-180.0,428.47,511.46,747.39,True
Chickpea,Allahabad,Uttar Pradesh,4,-61.67,-174.99,357.56,412.28,537.83,False
Chickpea,Almorah,Uttarakhand,4,-58.57,-203.13,260.59,273.73,352.45,False
Chickpea,Alwar,Rajasthan,4,-54.33,23.26,488.61,514.92,673.39,True
Chickpea,Amarawati,Maharashtra,4,-56.31,-33.84,230.76,240.99,309.62,False
Chickpea,Ambala,Haryana,4,-1250.0,0.0,1250.0,2500.0,3500.0,True
Chickpea,Amreli,Gujarat,4,-369.58,-263.75,369.58,458.88,662.21,False
Chickpea,Amritsar,Punjab,4,559.15,509.34,559.15,588.97,769.49,True
Chickpea,Ananthapur,Andhra Pradesh,4,182.59,216.65,202.07,228.29,302.77,False
Chickpea,Aurangabad,Maharashtra,4,-2.28,159.01,330.82,390.48,568.05,False
Chickpea,Azamgarh,Uttar Pradesh,4,8.85,41.19,294.76,311.29,398.48,False
Chickpea,Bahraich,Uttar Pradesh,4,-58.46,-186.98,335.19,369.85,511.42,False
Chickpea,Balaghat,Madhya Pradesh,4,-241.19,-467.09,471.09,471.43,489.19,True
Chickpea,Balasore,Orissa,4,-41.26,-59.57,82.1,90.7,118.53,False
Chickpea,Ballia,Uttar Pradesh,4,-173.35,-263.65,359.89,383.85,489.35,False
Chickpea,Banaskantha,Gujarat,4,24.35,68.11,141.5,164.55,216.71,False
Chickpea,Banda,Uttar Pradesh,4,204.77,161.31,294.51,384.16,568.86,False
Chickpea,Bangalore,Karnataka,4,83.49,0.76,161.03,237.7,356.96,False
Chickpea,Bankura,West Bengal,4,-197.37,-119.87,277.81,374.04,545.69,False
Chickpea,Banswara,Rajasthan,4,-84.3,-89.89,90.48,116.15,165.74,False
Chickpea,Barabanki,Uttar Pradesh,4,-25.53,212.74,547.68,684.18,988.15,True
Chickpea,Bareilly,Uttar Pradesh,4,75.82,82.17,536.63,577.55,763.93,True
Chickpea,Barmer,Rajasthan,4,-115.29,-120.54,118.54,143.18,203.14,False
Chickpea,Bastar,Chhattisgarh,4,-42.2,-61.44,231.94,240.11,282.96,False
Chickpea,Basti,Uttar Pradesh,4,-10.91,-83.06,300.97,376.53,543.38,False
Chickpea,Beed,Maharashtra,4,94.42,205.7,272.22,286.89,345.49,False
Chickpea,Belgaum,Karnataka,4,-24.99,-66.68,169.61,201.92,279.22,False
Chickpea,Bellary,Karnataka,4,79.54,165.04,277.79,313.8,392.92,False
Chickpea,Betul,Madhya Pradesh,4,-158.97,-134.96,206.95,255.54,373.78,False
Chickpea,Bhagalpur,Bihar,4,142.99,214.27,260.2,273.1,348.67,False
Chickpea,Bhandara,Maharashtra,4,-41.32,-6.53,166.67,197.83,288.97,False
Chickpea,Bharatpur,Rajasthan,4,356.78,326.71,356.78,397.98,554.0,False
Chickpea,Bharuch,Gujarat,4,258.5,175.29,258.5,336.17,501.37,False
Chickpea,Bhatinda,Punjab,4,-169.61,-94.79,213.79,299.07,452.05,False
Chickpea,Bhavnagar,Gujarat,4,-42.18,-16.03,169.92,179.55,234.57,False
Chickpea,Bhilwara,Rajasthan,4,2.41,-39.1,171.07,194.73,271.86,False
Chickpea,Bhind,Madhya Pradesh,4,-29.16,-21.22,357.56,359.8,400.42,False
Chickpea,Bidar,Karnataka,4,56.28,49.92,278.45,291.44,368.28,False
Chickpea,Bijapur / Vijayapura,Karnataka,4,10.48,6.17,136.24,188.65,272.22,False
Chickpea,Bijnor,Uttar Pradesh,4,-13.13,-8.79,278.08,279.0,302.87,False
Chickpea,Bikaner,Rajasthan,4,-16.39,4.22,67.57,79.9,115.91,False
Chickpea,Bilashpur,Himachal Pradesh,4,141.21,46.42,401.85,508.42,757.18,True
Chickpea,Bilaspur,Chhattisgarh,4,-39.88,-41.67,171.84,178.82,222.69,False
Chickpea,Birbhum,West Bengal,4,-54.96,-118.06,188.27,202.91,261.74,False
Chickpea,Bolangir,Orissa,4,9.15,18.58,36.97,40.87,48.53,False
Chickpea,Budaun,Uttar Pradesh,4,57.41,170.86,509.67,539.33,654.32,True
Chickpea,Buland Shahar,Uttar Pradesh,4,161.73,-38.71,418.25,600.48,908.53,True
Chickpea,Buldhana,Maharashtra,4,17.26,136.56,224.78,252.58,353.81,False
Chickpea,Bundi,Rajasthan,4,-13.83,-244.89,467.06,542.89,776.12,True
Chickpea,Burdwan,West Bengal,4,67.15,-30.58,159.01,225.88,333.02,False
Chickpea,Cachar,Assam,4,16.97,58.1,183.64,225.73,318.84,False
Chickpea,Chamba,Himachal Pradesh,4,0.0,0.0,0.0,0.0,0.0,False
Chickpea,Chamoli,Uttarakhand,4,0.0,0.0,0.0,0.0,0.0,False
Chickpea,Champaran,Bihar,4,-139.18,-144.0,143.42,178.4,257.27,False
Chickpea,Chandrapur,Maharashtra,4,62.51,35.35,75.08,105.89,160.65,False
Chickpea,Chengalpattu Mgr / Kanchipuram,Tamil Nadu,4,99.65,166.58,349.65,412.08,545.81,False
Chickpea,Chhatarpur,Madhya Pradesh,4,-79.77,-104.86,322.28,391.92,561.56,False
Chickpea,Chhindwara,Madhya Pradesh,4,954.96,792.12,954.96,1136.29,1648.25,True
Chickpea,Chickmagalur,Karnataka,4,18.33,-124.13,309.35,378.84,558.88,False
Chickpea,Chitradurga,Karnataka,4,-36.38,-190.9,285.16,313.74,426.68,False
Chickpea,Chittoor,Andhra Pradesh,4,105.53,164.05,480.53,499.9,589.26,True
Chickpea,Chittorgarh,Rajasthan,4,-198.27,-193.99,203.8,254.54,371.33,False
Chickpea,Churu,Rajasthan,4,0.07,-8.73,27.04,31.14,43.27,False
Chickpea,Coimbatore,Tamil Nadu,4,-51.03,-14.23,83.76,115.72,169.18,False
Chickpea,Cooch Behar,West Bengal,4,0.0,0.0,0.0,0.0,0.0,False
Chickpea,Cuttack,Orissa,4,-52.76,-37.11,52.76,71.64,105.98,False
Chickpea,Dakshina Kannada,Karnataka,4,0.0,0.0,0.0,0.0,0.0,False
Chickpea,Damoh,Madhya Pradesh,4,-238.67,-386.08,415.66,429.3,525.54,True
Chickpea,Dangs,Gujarat,4,-10.31,-13.94,25.15,28.28,39.02,False
Chickpea,Darbhanga,Bihar,4,119.77,114.04,125.04,164.32,241.92,False
Chickpea,Darjeeling,West Bengal,4,-567.71,-500.0,567.71,808.55,1189.58,True
Chickpea,Darrang,Assam,4,79.2,110.58,144.77,163.65,217.06,False
Chickpea,Datia,Madhya Pradesh,4,59.32,87.41,144.28,159.68,213.64,False
Chickpea,Dehradun,Uttarakhand,4,9.77,-47.35,206.11,251.34,364.52,False
Chickpea,Deoria,Uttar Pradesh,4,-26.2,-91.08,238.27,284.76,400.93,False
Chickpea,Dewas,Madhya Pradesh,4,-308.02,-367.52,377.35,426.45,594.33,False
Chickpea,Dhanbad,Jharkhand,3,-294.18,-250.3,294.18,313.16,403.66,False
Chickpea,Dhar,Madhya Pradesh,4,-28.58,59.01,174.27,228.29,335.99,False
Chickpea,Dharwad,Karnataka,4,59.5,85.43,230.06,246.12,302.63,False
Chickpea,Dhenkanal,Orissa,4,-3.4,-0.98,32.62,34.6,45.7,False
Chickpea,Dhule,Maharashtra,4,-396.84,-278.04,523.72,710.38,1065.04,True
Chickpea,Dibrugarh,Assam,4,-265.49,-232.31,317.84,418.48,616.67,False
Chickpea,Dungarpur,Rajasthan,4,-57.65,-80.31,125.94,138.12,185.57,False
Chickpea,Durg,Chhattisgarh,4,-25.11,-81.17,173.7,204.13,278.61,False
Chickpea,East Godavari,Andhra Pradesh,4,151.26,160.8,199.51,251.21,354.21,False
Chickpea,Eranakulam,Kerala,4,0.0,0.0,0.0,0.0,0.0,False
Chickpea,Etah,Uttar Pradesh,4,7.52,-17.96,284.17,330.06,463.15,False
Chickpea,Etawah,Uttar Pradesh,4,-112.24,-309.87,493.44,530.05,711.17,True
Chickpea,Faizabad,Uttar Pradesh,4,-1.3,238.71,551.85,675.85,961.5,True
Chickpea,Farrukhabad,Uttar Pradesh,4,-164.37,-268.97,452.22,492.11,659.37,True
Chickpea,Fatehpur,Uttar Pradesh,4,-38.01,-193.47,558.18,612.05,798.61,True
Chickpea,Ferozpur,Punjab,4,64.19,56.21,166.17,178.69,238.17,False
Chickpea,Ganganagar,Rajasthan,4,-24.16,-45.94,64.31,67.07,83.63,False
Chickpea,Ganjam,Orissa,4,-26.41,9.22,55.67,83.33,123.82,False
Chickpea,Garhwal,Uttarakhand,4,139.17,127.26,210.31,253.27,366.27,False
Chickpea,Gaya,Bihar,4,-13.58,24.75,80.29,97.94,139.68,False
Chickpea,Ghazipur,Uttar Pradesh,4,-525.84,-349.48,525.84,659.98,964.84,True
Chickpea,Goalpara,Assam,4,-9.72,112.27,212.29,252.5,364.99,False
Chickpea,Gonda,Uttar Pradesh,4,-34.75,-179.74,332.5,374.52,529.36,False
Chickpea,Gorakhpur,Uttar Pradesh,4,-19.94,-75.54,239.73,285.55,397.46,False
Chickpea,Gulbarga / Kalaburagi,Karnataka,4,-35.26,-70.81,240.61,295.34,404.51,False
Chickpea,Guna,Madhya Pradesh,4,-1.31,-16.28,111.07,129.25,180.9,False
Chickpea,Guntur,Andhra Pradesh,4,91.07,106.62,163.47,192.31,266.49,False
Chickpea,Gurdaspur,Punjab,4,-444.75,-531.17,611.42,666.72,897.0,True
Chickpea,Gurgaon,Haryana,4,-468.34,-550.83,1277.62,1391.07,1823.68,True
Chickpea,Gwalior,Madhya Pradesh,4,36.8,224.93,425.05,491.19,685.7,True
Chickpea,Hamirpur,Uttar Pradesh,4,221.66,145.86,281.51,384.39,576.47,False
Chickpea,Hardoi,Uttar Pradesh,4,101.86,100.35,208.43,238.81,333.55,False
Chickpea,Hassan,Karnataka,4,76.36,51.28,363.3,401.92,555.84,False
Chickpea,Hazaribagh,Jharkhand,4,61.92,202.24,290.82,310.05,410.76,False
Chickpea,Hissar,Haryana,4,-50.42,-6.65,234.7,258.87,358.81,False
Chickpea,Hooghly,West Bengal,4,-519.8,-500.83,519.8,576.28,779.33,True
Chickpea,Hoshangabad,Madhya Pradesh,4,-126.94,-116.5,456.93,543.61,777.41,True
Chickpea,Hoshiarpur,Punjab,4,40.75,161.58,489.35,536.96,701.95,True
Chickpea,Howrah,West Bengal,4,-474.43,-375.0,474.43,685.53,1028.41,True
Chickpea,Hyderabad,Telangana,4,-136.49,-149.27,209.91,241.65,344.02,False
Chickpea,Indore,Madhya Pradesh,4,-277.37,-204.28,277.37,375.32,566.31,False
Chickpea,Jabalpur,Madhya Pradesh,4,-388.32,-587.04,567.57,591.1,732.54,True
Chickpea,Jaipur,Rajasthan,4,139.32,69.01,161.42,235.84,357.74,False
Chickpea,Jaisalmer,Rajasthan,4,28.03,39.92,192.42,246.06,351.38,False
Chickpea,Jalandhar,Punjab,4,0.0,0.0,0.0,0.0,0.0,False
Chickpea,Jalaun,Uttar Pradesh,4,46.54,-42.75,494.9,526.12,696.65,True
Chickpea,Jalgaon,Maharashtra,4,-127.18,-71.69,127.18,194.63,296.09,False
Chickpea,Jalore,Rajasthan,4,-134.95,-141.61,209.05,248.54,356.69,False
Chickpea,Jalpaiguri,West Bengal,4,-67.7,-13.19,175.44,226.71,338.62,False
Chickpea,Jamnagar,Gujarat,4,49.9,7.71,178.51,199.72,276.61,False
Chickpea,Jaunpur,Uttar Pradesh,4,-447.08,-557.77,670.78,778.07,1075.95,True
Chickpea,Jhabua,Madhya Pradesh,4,-292.85,-314.85,292.85,372.96,527.45,False
Chickpea,Jhalawar,Rajasthan,4,-206.21,-198.08,206.21,258.99,378.0,False
Chickpea,Jhansi,Uttar Pradesh,4,-33.76,-66.87,313.81,401.81,561.02,False
Chickpea,Jhunjhunu,Rajasthan,4,-18.16,-36.8,126.69,144.88,192.18,False
Chickpea,Jind,Haryana,4,0.0,0.0,0.0,0.0,0.0,False
Chickpea,Jodhpur,Rajasthan,4,-129.7,-102.78,227.34,289.94,416.52,False
Chickpea,Junagadh,Gujarat,4,127.8,96.96,173.95,220.95,318.71,False
Chickpea,Kadapa Ysr,Andhra Pradesh,4,109.65,153.17,329.34,386.54,520.19,False
Chickpea,Kalahandi,Orissa,4,29.51,42.18,34.91,37.6,44.11,False
Chickpea,Kamrup,Assam,4,-49.82,-42.35,68.81,87.96,130.24,False
Chickpea,Kangra,Himachal Pradesh,4,29.44,46.98,136.22,163.08,230.23,False
Chickpea,Kannur,Kerala,4,0.0,0.0,0.0,0.0,0.0,False
Chickpea,Kanpur,Uttar Pradesh,4,-181.05,-246.83,434.3,485.16,667.89,True
Chickpea,Kanyakumari,Tamil Nadu,3,0.0,0.0,0.0,0.0,0.0,False
Chickpea,Kapurthala,Punjab,4,0.0,0.0,0.0,0.0,0.0,False
Chickpea,Karbi Anglong,Assam,4,-101.34,-78.76,101.34,112.39,154.13,False
Chickpea,Karimnagar,Telangana,4,-319.55,-291.16,319.55,338.64,447.13,False
Chickpea,Karnal,Haryana,4,-125.0,0.0,125.0,250.0,350.0,False
Chickpea,Keonjhar,Orissa,4,52.81,49.9,52.81,56.02,72.77,False
Chickpea,Khammam,Telangana,4,141.52,-192.0,546.13,732.69,1090.28,True
Chickpea,Khandwa / East Nimar,Madhya Pradesh,4,39.27,40.17,160.37,201.51,291.24,False
Chickpea,Khargone / West Nimar,Madhya Pradesh,4,-651.28,-413.35,651.28,888.43,1310.28,True
Chickpea,Kheda,Gujarat,4,-79.78,-92.35,96.79,111.37,157.29,False
Chickpea,Kheri,Uttar Pradesh,4,56.37,44.13,194.77,208.12,274.16,False
Chickpea,Kinnaur,Himachal Pradesh,4,0.0,0.0,0.0,0.0,0.0,False
Chickpea,Kodagu / Coorg,Karnataka,4,0.0,0.0,0.0,0.0,0.0,False
Chickpea,Kolar,Karnataka,4,31.63,-20.39,129.18,179.11,271.42,False
Chickpea,Kolhapur,Maharashtra,4,194.71,183.19,194.71,204.27,264.44,False
Chickpea,Kollam,Kerala,4,0.0,0.0,0.0,0.0,0.0,False
Chickpea,Koraput,Orissa,4,-5.45,-6.0,8.91,10.47,14.39,False
Chickpea,Kota,Rajasthan,4,-209.92,-261.88,289.67,318.09,438.26,False
Chickpea,Kottayam,Kerala,4,0.0,0.0,0.0,0.0,0.0,False
Chickpea,Kozhikode,Kerala,4,0.0,0.0,0.0,0.0,0.0,False
Chickpea,Krishna,Andhra Pradesh,4,-117.32,-113.81,133.19,166.37,245.71,False
Chickpea,Kullu,Himachal Pradesh,4,9.63,-19.81,291.09,300.08,372.73,False
Chickpea,Kurnool,Andhra Pradesh,4,-12.72,-48.34,232.4,239.2,283.72,False
Chickpea,Kutch,Gujarat,4,93.95,-179.42,462.38,603.14,892.26,True
Chickpea,Lahul & Spiti,Himachal Pradesh,4,0.0,0.0,0.0,0.0,0.0,False
Chickpea,Lakhimpur,Assam,4,-137.73,-191.02,293.29,322.78,429.33,False
Chickpea,Lucknow,Uttar Pradesh,4,77.22,101.28,192.75,212.78,276.25,False
Chickpea,Ludhiana,Punjab,4,0.0,0.0,0.0,0.0,0.0,False
Chickpea,Madurai,Tamil Nadu,4,-37.33,40.24,109.02,152.82,223.75,False
Chickpea,Mahabubnagar,Telangana,4,72.48,-119.98,550.97,623.2,863.14,True
Chickpea,Mahendragarh / Narnaul,Haryana,4,43.48,120.16,259.99,302.92,413.11,False
Chickpea,Mainpuri,Uttar Pradesh,4,151.39,97.5,589.9,616.23,793.67,True
Chickpea,Malappuram,Kerala,4,0.0,0.0,0.0,0.0,0.0,False
Chickpea,Malda,West Bengal,4,144.29,139.81,144.29,186.91,272.78,False
Chickpea,Mandi,Himachal Pradesh,4,17.99,-97.97,331.39,416.8,618.38,False
Chickpea,Mandla,Madhya Pradesh,4,-221.64,-289.95,237.82,268.64,338.61,False
Chickpea,Mandsaur,Madhya Pradesh,4,-183.52,-205.15,257.05,286.15,392.67,False
Chickpea,Mandya,Karnataka,4,-35.16,-90.41,160.41,178.45,238.44,False
Chickpea,Mathura,Uttar Pradesh,4,442.95,833.33,1040.38,1067.95,1268.45,True
Chickpea,Mayurbhanja,Orissa,4,9.43,1.5,25.38,36.95,56.2,False
Chickpea,Medak,Telangana,4,78.19,79.53,185.02,203.92,276.74,False
Chickpea,Meerut,Uttar Pradesh,4,67.98,-194.71,439.24,561.58,816.04,True
Chickpea,Mehsana,Gujarat,4,2.78,2.9,81.08,86.2,111.28,False
Chickpea,Midnapur,West Bengal,4,-806.49,-785.21,806.49,816.29,946.12,True
Chickpea,Mirzpur,Uttar Pradesh,4,-40.57,-38.55,258.01,266.4,327.47,False
Chickpea,Moradabad,Uttar Pradesh,4,-60.12,-113.06,389.73,409.74,490.48,False
Chickpea,Morena,Madhya Pradesh,4,-26.76,-82.45,459.27,469.24,544.59,True
Chickpea,Mungair,Bihar,4,70.05,49.88,140.46,179.0,267.12,False
Chickpea,Murshidabad,West Bengal,4,-29.04,-118.24,328.68,392.87,563.19,False
Chickpea,Muzaffarnagar,Uttar Pradesh,4,-11.15,-228.84,452.41,535.89,758.59,True
Chickpea,Muzaffarpur,Bihar,4,191.53,69.56,517.77,649.43,962.73,True
Chickpea,Mysore,Karnataka,4,-10.43,-88.86,214.63,257.72,367.6,False
Chickpea,Nadia,West Bengal,4,12.88,-18.56,156.3,210.86,311.76,False
Chickpea,Nagaon,Assam,4,-105.04,-100.86,105.04,106.34,123.97,False
Chickpea,Nagaur,Rajasthan,4,23.99,-25.16,231.38,242.86,310.19,False
Chickpea,Nagpur,Maharashtra,4,-54.77,32.08,121.85,181.5,268.27,False
Chickpea,Nainital,Uttarakhand,4,-2.7,-2.8,17.04,18.59,24.99,False
Chickpea,Nalgonda,Telangana,4,66.97,-52.11,260.06,358.54,542.44,False
Chickpea,Nanded,Maharashtra,4,-96.73,73.08,501.3,564.84,779.84,True
Chickpea,Narsinghpur,Madhya Pradesh,4,-243.8,-325.76,427.54,454.25,594.06,True
Chickpea,Nasik,Maharashtra,4,5.56,23.8,51.58,59.32,84.42,False
Chickpea,Nizamabad,Telangana,4,278.93,211.07,480.3,593.59,865.62,True
Chickpea,North Arcot / Vellore,Tamil Nadu,3,-515.39,-500.0,515.39,573.98,765.76,True
Chickpea,North Cachar Hil / Dima Hasao,Assam,4,0.0,0.0,0.0,0.0,0.0,False
Chickpea,Osmanabad,Maharashtra,4,202.13,258.15,367.54,405.28,547.84,False
Chickpea,Palakkad,Kerala,4,0.0,0.0,0.0,0.0,0.0,False
Chickpea,Palamau,Jharkhand,4,55.78,166.45,238.96,258.28,333.43,False
Chickpea,Pali,Rajasthan,4,-199.22,-193.0,199.22,229.64,324.34,False
Chickpea,Panchmahal,Gujarat,4,-134.69,-138.37,305.32,334.27,446.16,False
Chickpea,Panna,Madhya Pradesh,4,-309.75,-465.65,522.68,539.11,673.8,True
Chickpea,Parbhani,Maharashtra,4,-21.5,152.57,578.23,730.32,1066.65,True
Chickpea,Patiala,Punjab,4,-266.64,-522.04,655.4,676.65,793.26,True
Chickpea,Patna,Bihar,4,213.69,158.43,213.69,249.04,350.17,False
Chickpea,Phulbani ( Kandhamal ),Orissa,4,-12.89,-9.32,14.94,20.14,30.36,False
Chickpea,Pilibhit,Uttar Pradesh,4,-470.47,-440.94,470.47,666.65,964.56,True
Chickpea,Pithorgarh,Uttarakhand,4,-172.99,-179.35,172.99,191.97,259.56,False
Chickpea,Pratapgarh,Uttar Pradesh,4,-20.37,-59.37,182.85,221.06,313.78,False
Chickpea,Pune,Maharashtra,4,-107.4,-104.25,107.4,146.09,211.48,False
Chickpea,Puri,Orissa,4,-8.74,-6.95,21.9,24.94,34.52,False
Chickpea,Purnea,Bihar,4,-93.55,-94.44,93.55,115.58,162.87,False
Chickpea,Purulia,West Bengal,4,24.2,31.83,93.95,111.06,154.09,False
Chickpea,Rae-Bareily,Uttar Pradesh,4,223.63,280.31,453.83,534.82,720.63,True
Chickpea,Raichur,Karnataka,4,29.61,-13.02,114.38,136.91,197.76,False
Chickpea,Raigad,Maharashtra,4,-83.59,-78.94,431.27,443.62,541.36,True
Chickpea,Raigarh,Chhattisgarh,4,-48.13,-134.35,254.65,288.59,363.1,False
Chickpea,Raipur,Chhattisgarh,4,-42.38,-65.28,191.43,212.54,277.99,False
Chickpea,Raisen,Madhya Pradesh,4,-241.34,-230.25,241.34,292.4,422.87,False
Chickpea,Rajgarh,Madhya Pradesh,4,4.78,9.22,72.44,76.14,95.1,False
Chickpea,Rajkot,Gujarat,4,8.07,-167.02,407.63,493.37,721.5,True
Chickpea,Ramananthapuram,Tamil Nadu,4,-247.62,-201.49,247.62,322.57,480.99,False
Chickpea,Rampur,Uttar Pradesh,4,78.88,346.36,517.48,562.4,764.04,True
Chickpea,Ranchi,Jharkhand,4,-131.37,-126.57,220.86,257.33,359.13,False
Chickpea,Ratlam,Madhya Pradesh,4,-188.13,-268.74,313.0,325.46,412.2,False
Chickpea,Ratnagiri,Maharashtra,4,-79.17,41.67,170.83,258.33,380.0,False
Chickpea,Rewa,Madhya Pradesh,3,-106.74,-70.47,287.3,341.23,470.63,False
Chickpea,Rohtak,Haryana,4,-420.76,227.41,1241.48,1727.22,2588.21,True
Chickpea,Roopnagar / Ropar,Punjab,4,-6.71,-178.57,481.76,581.16,851.0,True
Chickpea,S.P.S. Nellore,Andhra Pradesh,4,117.11,126.0,293.93,320.56,427.76,False
Chickpea,Sabarkantha,Gujarat,4,219.86,192.66,219.86,278.23,411.06,False
Chickpea,Sagar,Madhya Pradesh,4,-168.46,-292.46,333.92,340.69,399.93,False
Chickpea,Saharanpur,Uttar Pradesh,4,-99.88,-58.1,493.87,509.69,636.25,True
Chickpea,Saharsa,Bihar,4,0.0,0.0,0.0,0.0,0.0,False
Chickpea,Sambalpur,Orissa,4,-7.55,-14.08,25.8,29.27,35.78,False
Chickpea,Sangli,Maharashtra,4,7.16,-71.51,134.63,161.36,232.08,False
Chickpea,Sangrur,Punjab,3,222.91,132.07,548.28,659.71,917.38,True
Chickpea,Santhal Paragana / Dumka,Jharkhand,4,-39.43,-22.24,185.28,224.32,326.83,False
Chickpea,Saran,Bihar,4,99.08,106.5,145.48,179.2,255.9,False
Chickpea,Satara,Maharashtra,4,-27.21,-22.21,63.68,79.6,118.04,False
Chickpea,Satna,Madhya Pradesh,4,-525.59,-425.8,525.59,570.21,766.8,True
Chickpea,Sehore,Madhya Pradesh,4,-224.41,-208.95,224.41,256.71,362.41,False
Chickpea,Seoni / Shivani,Madhya Pradesh,4,-55.29,-105.9,280.94,331.85,457.86,False
Chickpea,Shahabad (Now Part Of Bhojpur District),Bihar,4,233.65,174.95,233.65,320.48,484.76,False
Chickpea,Shahdol,Madhya Pradesh,4,-190.19,-180.54,190.19,216.11,303.18,False
Chickpea,Shahjahanpur,Uttar Pradesh,4,-35.88,-81.19,253.38,310.41,429.33,False
Chickpea,Shajapur,Madhya Pradesh,4,-301.57,-75.29,301.57,501.05,719.81,False
Chickpea,Shimla,Himachal Pradesh,4,-302.08,-125.0,302.08,495.2,745.83,False
Chickpea,Shimoge,Karnataka,4,-34.41,-238.11,351.92,389.0,533.46,False
Chickpea,Shivpuri,Madhya Pradesh,4,-1.95,-30.35,148.59,164.4,223.5,False
Chickpea,Sibsagar,Assam,4,63.66,35.35,224.27,273.1,400.45,False
Chickpea,Sidhi,Madhya Pradesh,4,-221.47,-291.85,262.51,288.0,374.31,False
Chickpea,Sikar,Rajasthan,4,46.13,46.99,104.66,116.21,158.66,False
Chickpea,Singhbhum,Jharkhand,4,-118.48,-150.0,225.54,258.84,344.68,False
Chickpea,Sirmaur,Himachal Pradesh,4,-18.83,-117.12,319.07,382.34,552.81,False
Chickpea,Sirohi,Rajasthan,4,53.73,6.73,181.64,227.1,338.06,False
Chickpea,Sitapur,Uttar Pradesh,4,65.45,99.63,176.38,195.35,244.17,False
Chickpea,Solan,Himachal Pradesh,4,-62.44,-245.63,430.64,477.23,663.94,True
Chickpea,Solapur,Maharashtra,4,13.99,-71.32,187.81,236.87,343.13,False
Chickpea,South Arcot / Cuddalore,Tamil Nadu,4,0.0,0.0,0.0,0.0,0.0,False
Chickpea,Srikakulam,Andhra Pradesh,4,65.03,68.63,238.73,248.19,309.97,False
Chickpea,Sultanpur,Uttar Pradesh,4,-82.98,189.91,490.93,637.22,922.56,True
Chickpea,Sundargarh,Orissa,4,-1.94,-6.19,32.1,41.29,58.94,False
Chickpea,Surat,Gujarat,4,327.59,318.32,327.59,377.92,531.24,False
Chickpea,Surendranagar,Gujarat,4,125.56,86.43,125.56,172.18,256.41,False
Chickpea,Surguja,Chhattisgarh,4,-0.38,-45.45,240.71,252.68,320.83,False
Chickpea,Swami Madhopur,Rajasthan,4,-134.42,-144.36,267.86,322.02,444.53,False
Chickpea,Tehri Garhwal,Uttarakhand,4,204.33,170.24,405.52,461.63,653.8,True
Chickpea,Thane,Maharashtra,4,57.3,101.2,125.35,134.0,161.2,False
Chickpea,Thanjavur,Tamil Nadu,4,-11.31,27.76,99.89,128.31,192.17,False
Chickpea,The Nilgiris,Tamil Nadu,3,0.0,0.0,0.0,0.0,0.0,False
Chickpea,Thirunelveli,Tamil Nadu,3,20.23,34.12,181.95,210.12,263.84,False
Chickpea,Thiruvananthapuram,Kerala,4,0.0,0.0,0.0,0.0,0.0,False
Chickpea,Thrissur,Kerala,4,0.0,0.0,0.0,0.0,0.0,False
Chickpea,Tikamgarh,Madhya Pradesh,4,-120.11,-276.12,389.61,408.99,517.45,False
Chickpea,Tiruchirapalli / Trichy,Tamil Nadu,3,-53.92,2.21,85.64,123.68,176.55,False
Chickpea,Tonk,Rajasthan,4,14.46,16.51,192.02,223.31,310.04,False
Chickpea,Tumkur,Karnataka,4,100.17,2.02,219.57,316.76,479.06,False
Chickpea,Udaipur,Rajasthan,4,-129.14,-132.06,151.23,176.67,248.57,False
Chickpea,Ujjain,Madhya Pradesh,4,-278.43,-329.35,302.86,344.18,456.73,False
Chickpea,Unnao,Uttar Pradesh,4,75.29,52.03,281.91,348.66,510.75,False
Chickpea,Uttar Kashi,Uttarakhand,4,-16.67,-25.0,308.33,310.69,345.0,False
Chickpea,Uttara Kannada,Karnataka,4,-81.25,-183.33,268.75,282.63,362.5,False
Chickpea,Vadodara / Baroda,Gujarat,4,-28.49,-20.06,173.94,182.88,236.74,False
Chickpea,Valsad,Gujarat,4,223.59,230.49,223.59,255.25,352.41,False
Chickpea,Varanasi,Uttar Pradesh,4,-87.07,-221.36,318.73,336.67,434.99,False
Chickpea,Vidisha,Madhya Pradesh,4,-318.67,-234.24,318.67,379.75,540.87,False
Chickpea,Visakhapatnam,Andhra Pradesh,4,102.79,104.41,225.39,248.11,333.02,False
Chickpea,Warangal,Telangana,4,-51.05,-73.74,121.71,132.6,181.02,False
Chickpea,Wardha,Maharashtra,4,-124.29,-107.88,153.44,202.12,300.25,False
Chickpea,West Dinajpur,West Bengal,4,-259.59,-271.12,275.45,363.11,518.16,False
Chickpea,Yeotmal,Maharashtra,4,161.01,166.12,161.01,170.03,216.48,False
Kharif Sorghum,24 Parganas,West Bengal,4,10.28,11.36,10.28,10.66,12.64,False
Kharif Sorghum,Adilabad,Telangana,4,271.06,298.85,271.06,289.25,357.65,False
Kharif Sorghum,Agra,Uttar Pradesh,4,-153.5,207.77,596.2,799.44,1190.53,True
Kharif Sorghum,Ahmedabad,Gujarat,4,-12.4,41.08,503.98,671.15,970.14,True
Kharif Sorghum,Ahmednagar,Maharashtra,4,-143.64,-99.14,155.17,220.86,334.89,False
Kharif Sorghum,Ajmer,Rajasthan,4,112.69,59.01,135.72,198.31,297.46,False
Kharif Sorghum,Akola,Maharashtra,4,468.8,537.07,468.8,524.03,665.28,True
Kharif Sorghum,Alappuzha,Kerala,4,13.37,11.54,13.37,15.11,21.14,False
Kharif Sorghum,Aligarh,Uttar Pradesh,4,-208.79,-252.93,577.04,623.8,809.38,True
Kharif Sorghum,Allahabad,Uttar Pradesh,4,302.04,318.83,302.04,326.55,426.33,False
Kharif Sorghum,Almorah,Uttarakhand,4,12.05,10.81,12.05,12.82,17.07,False
Kharif Sorghum,Alwar,Rajasthan,4,63.69,40.05,74.02,103.41,155.41,False
Kharif Sorghum,Amarawati,Maharashtra,4,44.94,58.73,177.41,215.55,308.55,False
Kharif Sorghum,Ambala,Haryana,4,8.84,7.85,8.84,9.26,11.95,False
Kharif Sorghum,Amreli,Gujarat,4,8.84,7.85,8.84,9.26,11.95,False
Kharif Sorghum,Amritsar,Punjab,4,8.84,7.85,8.84,9.26,11.95,False
Kharif Sorghum,Ananthapur,Andhra Pradesh,4,278.13,286.74,278.13,355.33,508.67,False
Kharif Sorghum,Aurangabad,Maharashtra,4,321.44,296.32,647.18,727.79,1011.85,True
Kharif Sorghum,Azamgarh,Uttar Pradesh,4,223.01,38.58,714.49,811.35,1130.54,True
Kharif Sorghum,Bahraich,Uttar Pradesh,4,-41.01,-29.25,89.84,109.74,157.34,False
Kharif Sorghum,Balaghat,Madhya Pradesh,4,1108.65,1370.42,1196.15,1351.85,1756.62,True
Kharif Sorghum,Balasore,Orissa,4,17.53,13.98,17.53,18.91,25.24,False
Kharif Sorghum,Ballia,Uttar Pradesh,4,92.71,68.08,203.94,249.98,359.03,False
Kharif Sorghum,Banaskantha,Gujarat,4,136.78,141.28,136.78,166.9,237.08,False
Kharif Sorghum,Banda,Uttar Pradesh,4,74.26,-74.23,351.35,439.39,645.52,False
Kharif Sorghum,Bangalore,Karnataka,4,255.51,190.96,663.58,723.64,992.0,True
Kharif Sorghum,Bankura,West Bengal,4,18.95,12.99,18.95,22.55,32.23,False
Kharif Sorghum,Banswara,Rajasthan,4,-3.33,12.44,110.62,133.95,192.06,False
Kharif Sorghum,Barabanki,Uttar Pradesh,4,1.84,21.65,175.57,233.97,336.68,False
Kharif Sorghum,Bareilly,Uttar Pradesh,4,-8.19,-101.53,180.01,209.91,292.54,False
Kharif Sorghum,Barmer,Rajasthan,4,193.78,302.03,345.58,358.63,448.47,False
Kharif Sorghum,Bastar,Chhattisgarh,4,253.09,216.21,253.09,274.49,373.45,False
Kharif Sorghum,Basti,Uttar Pradesh,4,9.6,8.99,9.6,10.18,13.34,False
Kharif Sorghum,Beed,Maharashtra,4,439.12,548.3,463.11,532.6,696.76,True
Kharif Sorghum,Belgaum,Karnataka,4,-251.4,-203.19,510.54,634.77,937.74,True
Kharif Sorghum,Bellary,Karnataka,4,-383.5,-362.11,385.65,481.55,689.22,False
Kharif Sorghum,Betul,Madhya Pradesh,4,-419.63,-315.72,419.63,509.01,735.16,False
Kharif Sorghum,Bhagalpur,Bihar,4,-74.26,-64.71,74.26,99.11,147.45,False
Kharif Sorghum,Bhandara,Maharashtra,4,9.6,8.99,9.6,10.18,13.34,False
Kharif Sorghum,Bharatpur,Rajasthan,4,93.07,93.85,252.67,269.33,347.73,False
Kharif Sorghum,Bharuch,Gujarat,4,41.61,105.15,181.9,209.57,267.42,False
Kharif Sorghum,Bhatinda,Punjab,4,9.6,8.99,9.6,10.18,13.34,False
Kharif Sorghum,Bhavnagar,Gujarat,4,54.99,-294.07,533.74,651.13,935.04,True
Kharif Sorghum,Bhilwara,Rajasthan,4,154.05,19.73,261.49,372.75,546.53,False
Kharif Sorghum,Bhind,Madhya Pradesh,4,-398.22,-512.25,410.8,468.46,571.13,False
Kharif Sorghum,Bidar,Karnataka,4,226.18,385.35,556.62,584.61,754.71,True
Kharif Sorghum,Bijapur / Vijayapura,Karnataka,4,-104.96,154.86,598.78,773.57,1146.37,True
Kharif Sorghum,Bikaner,Rajasthan,4,3.58,16.91,85.31,110.14,157.61,False
Kharif Sorghum,Bilashpur,Himachal Pradesh,4,6.24,6.09,6.24,6.29,7.07,False
Kharif Sorghum,Bilaspur,Chhattisgarh,4,214.09,175.72,214.09,240.44,339.04,False
Kharif Sorghum,Birbhum,West Bengal,4,6.24,6.09,6.24,6.29,7.07,False
Kharif Sorghum,Bolangir,Orissa,4,-267.65,-205.96,267.65,307.49,440.46,False
Kharif Sorghum,Budaun,Uttar Pradesh,4,-71.16,-62.85,71.16,82.37,117.49,False
Kharif Sorghum,Buland Shahar,Uttar Pradesh,4,33.88,22.44,149.62,163.65,223.57,False
Kharif Sorghum,Buldhana,Maharashtra,4,299.22,346.28,411.22,453.22,621.04,False
Kharif Sorghum,Bundi,Rajasthan,4,43.5,32.68,111.25,142.82,211.55,False
Kharif Sorghum,Burdwan,West Bengal,4,6.25,5.99,6.25,6.29,7.04,False
Kharif Sorghum,Cachar,Assam,4,6.25,5.99,6.25,6.29,7.04,False
Kharif Sorghum,Chamba,Himachal Pradesh,4,6.25,5.99,6.25,6.29,7.04,False
Kharif Sorghum,Chamoli,Uttarakhand,4,6.25,5.99,6.25,6.29,7.04,False
Kharif Sorghum,Champaran,Bihar,4,6.25,5.99,6.25,6.29,7.04,False
Kharif Sorghum,Chandrapur,Maharashtra,4,-116.06,798.39,1439.33,1738.89,2492.47,True
Kharif Sorghum,Chengalpattu Mgr / Kanchipuram,Tamil Nadu,4,93.06,278.7,463.43,516.63,685.18,True
Kharif Sorghum,Chhatarpur,Madhya Pradesh,4,-492.22,-320.68,492.22,697.35,1059.74,True
Kharif Sorghum,Chhindwara,Madhya Pradesh,4,-398.15,-330.53,398.15,444.08,624.08,False
Kharif Sorghum,Chickmagalur,Karnataka,4,49.21,-3.15,246.71,300.71,443.53,False
Kharif Sorghum,Chitradurga,Karnataka,4,131.57,215.19,297.8,310.95,399.59,False
Kharif Sorghum,Chittoor,Andhra Pradesh,4,12.18,228.84,475.56,576.82,801.21,True
Kharif Sorghum,Chittorgarh,Rajasthan,4,-34.36,-20.44,154.64,205.83,304.63,False
Kharif Sorghum,Churu,Rajasthan,4,-83.31,-50.89,440.79,489.27,679.69,False
Kharif Sorghum,Coimbatore,Tamil Nadu,4,-3.21,84.14,217.17,267.4,386.44,False
Kharif Sorghum,Cooch Behar,West Bengal,4,10.44,9.65,10.44,10.67,12.97,False
Kharif Sorghum,Cuttack,Orissa,4,99.53,225.69,313.48,326.7,411.93,False
Kharif Sorghum,Dakshina Kannada,Karnataka,4,8.03,8.61,8.03,8.27,9.72,False
Kharif Sorghum,Damoh,Madhya Pradesh,4,-415.61,-270.76,444.3,620.58,915.95,True
Kharif Sorghum,Dangs,Gujarat,4,-459.43,29.66,695.37,1088.45,1575.67,True
Kharif Sorghum,Darbhanga,Bihar,4,-43.36,154.12,489.97,626.49,922.16,True
Kharif Sorghum,Darjeeling,West Bengal,4,6.14,5.68,6.14,6.31,7.83,False
Kharif Sorghum,Darrang,Assam,4,6.14,5.68,6.14,6.31,7.83,False
Kharif Sorghum,Datia,Madhya Pradesh,4,-255.8,31.25,384.89,648.51,955.68,False
Kharif Sorghum,Dehradun,Uttarakhand,4,6.14,5.68,6.14,6.31,7.83,False
Kharif Sorghum,Deoria,Uttar Pradesh,4,-94.6,-188.02,335.67,384.65,483.79,False
Kharif Sorghum,Dewas,Madhya Pradesh,4,-538.94,-932.21,1206.08,1242.15,1538.23,True
Kharif Sorghum,Dhanbad,Jharkhand,4,-152.48,5.6,162.3,314.83,443.22,False
Kharif Sorghum,Dhar,Madhya Pradesh,4,-121.65,-41.09,397.92,455.47,645.62,False
Kharif Sorghum,Dharwad,Karnataka,4,147.43,138.42,285.75,332.74,470.83,False
Kharif Sorghum,Dhenkanal,Orissa,4,6.14,5.68,6.14,6.31,7.83,False
Kharif Sorghum,Dhule,Maharashtra,4,337.16,357.57,351.8,461.78,655.3,False
Kharif Sorghum,Dibrugarh,Assam,4,6.14,5.68,6.14,6.31,7.83,False
Kharif Sorghum,Dungarpur,Rajasthan,4,0.15,5.35,82.97,91.03,122.08,False
Kharif Sorghum,Durg,Chhattisgarh,4,211.82,204.88,211.82,224.23,293.04,False
Kharif Sorghum,East Godavari,Andhra Pradesh,4,675.88,714.53,675.88,700.33,844.68,True
Kharif Sorghum,Eranakulam,Kerala,4,6.14,5.68,6.14,6.31,7.83,False
Kharif Sorghum,Etah,Uttar Pradesh,4,-1.92,-9.17,91.74,123.52,176.43,False
Kharif Sorghum,Etawah,Uttar Pradesh,4,126.54,228.83,320.91,362.69,434.4,False
Kharif Sorghum,Faizabad,Uttar Pradesh,4,6.83,67.09,218.07,270.18,386.98,False
Kharif Sorghum,Farrukhabad,Uttar Pradesh,4,125.92,229.41,322.06,364.7,435.5,False
Kharif Sorghum,Fatehpur,Uttar Pradesh,4,467.43,511.86,531.0,612.53,859.49,True
Kharif Sorghum,Ferozpur,Punjab,4,9.73,10.47,9.73,10.19,12.51,False
Kharif Sorghum,Ganganagar,Rajasthan,4,19.89,34.64,107.14,130.74,181.69,False
Kharif Sorghum,Ganjam,Orissa,4,-248.15,-207.49,248.15,276.1,387.12,False
Kharif Sorghum,Garhwal,Uttarakhand,4,5.4,5.7,5.4,5.71,7.19,False
Kharif Sorghum,Gaya,Bihar,4,425.25,385.61,425.25,482.86,683.67,False
Kharif Sorghum,Ghazipur,Uttar Pradesh,4,-158.79,-388.41,521.22,544.54,682.37,True
Kharif Sorghum,Goalpara,Assam,4,5.52,5.95,5.52,5.83,7.19,False
Kharif Sorghum,Gonda,Uttar Pradesh,4,-434.23,-394.84,440.96,621.44,907.08,False
Kharif Sorghum,Gorakhpur,Uttar Pradesh,4,5.52,5.95,5.52,5.83,7.19,False
Kharif Sorghum,Gulbarga / Kalaburagi,Karnataka,4,-347.47,-6.43,567.98,843.74,1233.58,True
Kharif Sorghum,Guna,Madhya Pradesh,4,-262.2,-129.26,483.51,662.88,995.81,True
Kharif Sorghum,Guntur,Andhra Pradesh,4,629.54,567.17,629.54,682.12,928.62,True
Kharif Sorghum,Gurdaspur,Punjab,4,5.52,5.95,5.52,5.83,7.19,False
Kharif Sorghum,Gurgaon,Haryana,4,212.99,145.58,215.5,305.64,462.1,False
Kharif Sorghum,Gwalior,Madhya Pradesh,4,91.52,102.59,331.57,395.81,559.28,False
Kharif Sorghum,Hamirpur,Uttar Pradesh,4,282.31,148.67,353.28,494.42,748.49,False
Kharif Sorghum,Hardoi,Uttar Pradesh,4,-121.56,-197.34,251.6,259.52,324.17,False
Kharif Sorghum,Hassan,Karnataka,4,-167.69,4.52,535.29,666.02,986.32,True
Kharif Sorghum,Hazaribagh,Jharkhand,4,-215.72,5.95,225.5,441.26,620.01,False
Kharif Sorghum,Hissar,Haryana,4,48.39,34.62,146.95,162.5,219.96,False
Kharif Sorghum,Hooghly,West Bengal,4,5.61,6.03,5.61,5.93,7.32,False
Kharif Sorghum,Hoshangabad,Madhya Pradesh,4,-133.65,-384.97,515.15,538.67,692.41,True
Kharif Sorghum,Hoshiarpur,Punjab,4,5.61,6.03,5.61,5.93,7.32,False
Kharif Sorghum,Howrah,West Bengal,4,5.61,6.03,5.61,5.93,7.32,False
Kharif Sorghum,Hyderabad,Telangana,4,-126.11,-200.11,232.85,240.02,295.57,False
Kharif Sorghum,Indore,Madhya Pradesh,4,224.7,605.76,1174.96,1312.68,1806.71,True
Kharif Sorghum,Jabalpur,Madhya Pradesh,4,-70.96,-53.45,734.54,1004.18,1451.0,True
Kharif Sorghum,Jaipur,Rajasthan,4,179.56,220.13,179.56,202.61,251.87,False
Kharif Sorghum,Jaisalmer,Rajasthan,4,49.19,115.48,206.47,236.9,295.04,False
Kharif Sorghum,Jalandhar,Punjab,4,5.76,6.34,5.76,6.09,7.5,False
Kharif Sorghum,Jalaun,Uttar Pradesh,4,143.62,389.33,567.45,612.36,786.4,True
Kharif Sorghum,Jalgaon,Maharashtra,4,197.51,60.02,363.1,508.2,758.84,False
Kharif Sorghum,Jalore,Rajasthan,4,252.36,314.52,272.98,315.08,419.34,False
Kharif Sorghum,Jalpaiguri,West Bengal,4,8.13,8.29,8.13,9.0,12.01,False
Kharif Sorghum,Jamnagar,Gujarat,4,-766.37,-705.64,766.37,815.89,1065.15,True
Kharif Sorghum,Jaunpur,Uttar Pradesh,4,-50.26,-188.93,327.53,366.94,501.5,False
Kharif Sorghum,Jhabua,Madhya Pradesh,4,-293.72,-174.71,398.09,541.81,786.56,False
Kharif Sorghum,Jhalawar,Rajasthan,4,374.12,451.56,412.01,472.68,642.06,False
Kharif Sorghum,Jhansi,Uttar Pradesh,4,121.19,139.55,180.18,220.46,307.38,False
Kharif Sorghum,Jhunjhunu,Rajasthan,4,24.58,21.61,24.58,27.34,37.51,False
Kharif Sorghum,Jind,Haryana,4,33.69,21.61,33.69,42.51,61.5,False
Kharif Sorghum,Jodhpur,Rajasthan,4,-53.08,30.98,161.64,216.06,319.8,False
Kharif Sorghum,Junagadh,Gujarat,4,-103.42,-463.76,648.8,701.18,936.61,True
Kharif Sorghum,Kadapa Ysr,Andhra Pradesh,4,368.33,331.09,368.33,396.28,535.33,False
Kharif Sorghum,Kalahandi,Orissa,4,-316.13,-260.76,316.13,348.04,475.4,False
Kharif Sorghum,Kamrup,Assam,4,25.7,23.25,25.7,26.27,31.7,False
Kharif Sorghum,Kangra,Himachal Pradesh,4,25.7,23.25,25.7,26.27,31.7,False
Kharif Sorghum,Kannur,Kerala,4,217.81,193.5,217.81,229.86,300.32,False
Kharif Sorghum,Kanpur,Uttar Pradesh,4,25.89,252.94,465.4,548.72,758.32,True
Kharif Sorghum,Kanyakumari,Tamil Nadu,3,-310.2,21.18,339.38,562.84,784.01,False
Kharif Sorghum,Kapurthala,Punjab,4,22.98,23.11,22.98,23.11,25.45,False
Kharif Sorghum,Karbi Anglong,Assam,4,22.98,23.11,22.98,23.11,25.45,False
Kharif Sorghum,Karimnagar,Telangana,4,-340.76,-334.1,363.31,498.24,710.39,False
Kharif Sorghum,Karnal,Haryana,4,12.19,84.18,235.93,286.79,411.6,False
Kharif Sorghum,Keonjhar,Orissa,4,-305.49,-219.99,305.49,349.56,491.11,False
Kharif Sorghum,Khammam,Telangana,4,-96.51,-60.8,553.49,564.9,682.91,True
Kharif Sorghum,Khandwa / East Nimar,Madhya Pradesh,4,-376.95,-372.46,695.95,806.86,1137.39,True
Kharif Sorghum,Khargone / West Nimar,Madhya Pradesh,4,-460.48,-505.69,460.48,501.53,650.3,True
Kharif Sorghum,Kheda,Gujarat,4,-325.17,-568.33,788.12,822.91,1040.71,True
Kharif Sorghum,Kheri,Uttar Pradesh,4,49.15,157.88,300.69,347.46,467.34,False
Kharif Sorghum,Kinnaur,Himachal Pradesh,4,26.32,27.48,26.32,26.44,28.26,False
Kharif Sorghum,Kodagu / Coorg,Karnataka,4,26.32,27.48,26.32,26.44,28.26,False
Kharif Sorghum,Kolar,Karnataka,4,167.05,-30.7,388.3,587.66,891.82,False
Kharif Sorghum,Kolhapur,Maharashtra,4,328.48,351.25,328.48,336.39,392.7,False
Kharif Sorghum,Kollam,Kerala,4,36.18,36.67,36.18,37.11,44.56,False
Kharif Sorghum,Koraput,Orissa,4,-269.97,-215.12,269.97,290.14,384.67,False
Kharif Sorghum,Kota,Rajasthan,4,-28.24,5.62,196.26,234.36,341.37,False
Kharif Sorghum,Kottayam,Kerala,4,41.56,39.55,41.56,43.98,57.51,False
Kharif Sorghum,Kozhikode,Kerala,4,257.38,250.39,257.38,265.0,326.39,False
Kharif Sorghum,Krishna,Andhra Pradesh,4,-287.82,-97.99,552.48,696.44,1014.96,True
Kharif Sorghum,Kullu,Himachal Pradesh,4,45.33,44.12,45.33,46.97,58.5,False
Kharif Sorghum,Kurnool,Andhra Pradesh,4,728.78,656.44,728.78,792.11,1082.65,True
Kharif Sorghum,Kutch,Gujarat,4,-293.53,-523.09,741.6,778.8,985.72,True
Kharif Sorghum,Lahul & Spiti,Himachal Pradesh,4,18.88,21.73,18.88,21.57,28.03,False
Kharif Sorghum,Lakhimpur,Assam,4,10.0,11.56,10.0,11.15,14.23,False
Kharif Sorghum,Lucknow,Uttar Pradesh,4,-29.62,5.54,201.35,210.23,266.52,False
Kharif Sorghum,Ludhiana,Punjab,4,10.0,11.56,10.0,11.15,14.23,False
Kharif Sorghum,Madurai,Tamil Nadu,4,-378.34,-129.07,593.66,875.1,1309.28,True
Kharif Sorghum,Mahabubnagar,Telangana,4,111.69,95.08,133.48,175.44,262.87,False
Kharif Sorghum,Mahendragarh / Narnaul,Haryana,4,369.79,414.64,369.79,434.63,592.36,False
Kharif Sorghum,Mainpuri,Uttar Pradesh,4,-129.87,191.91,605.88,800.42,1200.51,True
Kharif Sorghum,Malappuram,Kerala,4,10.0,11.56,10.0,11.15,14.23,False
Kharif Sorghum,Malda,West Bengal,4,10.0,11.56,10.0,11.15,14.23,False
Kharif Sorghum,Mandi,Himachal Pradesh,4,10.0,11.56,10.0,11.15,14.23,False
Kharif Sorghum,Mandla,Madhya Pradesh,4,-321.51,-398.1,1024.18,1148.43,1523.04,True
Kharif Sorghum,Mandsaur,Madhya Pradesh,4,-2.91,365.8,865.21,1054.53,1513.27,True
Kharif Sorghum,Mandya,Karnataka,4,712.3,714.28,712.3,902.86,1300.43,True
Kharif Sorghum,Mathura,Uttar Pradesh,4,-76.52,183.33,593.19,759.32,1137.6,True
Kharif Sorghum,Mayurbhanja,Orissa,4,202.52,384.53,470.48,478.49,564.64,True
Kharif Sorghum,Medak,Telangana,4,253.53,207.69,253.53,300.62,429.48,False
Kharif Sorghum,Meerut,Uttar Pradesh,4,152.82,-38.03,400.27,536.19,797.55,False
Kharif Sorghum,Mehsana,Gujarat,4,-311.31,-336.4,311.31,320.42,378.39,False
Kharif Sorghum,Midnapur,West Bengal,4,6.52,4.69,6.52,8.35,12.1,False
Kharif Sorghum,Mirzpur,Uttar Pradesh,4,38.45,56.12,138.47,147.05,180.11,False
Kharif Sorghum,Moradabad,Uttar Pradesh,4,-509.99,-374.54,529.39,760.66,1152.19,True
Kharif Sorghum,Morena,Madhya Pradesh,4,191.82,-113.98,732.54,938.83,1394.7,True
Kharif Sorghum,Mungair,Bihar,4,-17.27,2.3,44.86,57.15,83.52,False
Kharif Sorghum,Murshidabad,West Bengal,4,4.44,4.69,4.44,4.85,6.26,False
Kharif Sorghum,Muzaffarnagar,Uttar Pradesh,4,4.44,4.69,4.44,4.85,6.26,False
Kharif Sorghum,Muzaffarpur,Bihar,4,4.44,4.69,4.44,4.85,6.26,False
Kharif Sorghum,Mysore,Karnataka,4,58.36,60.64,69.98,81.09,114.77,False
Kharif Sorghum,Nadia,West Bengal,4,4.44,4.69,4.44,4.85,6.26,False
Kharif Sorghum,Nagaon,Assam,4,4.44,4.69,4.44,4.85,6.26,False
Kharif Sorghum,Nagaur,Rajasthan,4,45.72,133.42,175.07,183.76,233.51,False
Kharif Sorghum,Nagpur,Maharashtra,4,-3.37,11.89,89.94,98.82,135.22,False
Kharif Sorghum,Nainital,Uttarakhand,4,4.44,4.69,4.44,4.85,6.26,False
Kharif Sorghum,Nalgonda,Telangana,4,207.13,143.62,207.13,266.5,398.8,False
Kharif Sorghum,Nanded,Maharashtra,4,341.86,338.2,358.51,436.18,625.54,False
Kharif Sorghum,Narsinghpur,Madhya Pradesh,4,397.37,209.73,415.14,622.68,926.12,False
Kharif Sorghum,Nasik,Maharashtra,4,355.89,191.14,724.39,958.24,1422.22,True
Kharif Sorghum,Nizamabad,Telangana,4,105.65,150.63,271.22,299.92,416.08,False
Kharif Sorghum,North Arcot / Vellore,Tamil Nadu,3,-314.86,-274.45,314.86,382.69,534.21,False
Kharif Sorghum,North Cachar Hil / Dima Hasao,Assam,4,4.44,4.69,4.44,4.85,6.26,False
Kharif Sorghum,Osmanabad,Maharashtra,4,318.39,342.23,318.39,393.34,556.05,False
Kharif Sorghum,Palakkad,Kerala,4,223.27,210.72,223.27,237.8,315.35,False
Kharif Sorghum,Palamau,Jharkhand,4,-115.1,4.69,123.25,238.4,335.77,False
Kharif Sorghum,Pali,Rajasthan,4,51.34,18.71,119.73,150.37,220.95,False
Kharif Sorghum,Panchmahal,Gujarat,4,-87.06,-88.36,106.5,133.92,195.36,False
Kharif Sorghum,Panna,Madhya Pradesh,4,-409.73,-648.07,652.82,664.5,785.79,True
Kharif Sorghum,Parbhani,Maharashtra,4,404.16,359.11,404.16,495.22,724.75,False
Kharif Sorghum,Patiala,Punjab,4,9.39,9.07,9.39,9.69,12.01,False
Kharif Sorghum,Patna,Bihar,4,-247.47,-221.95,247.47,259.18,335.74,False
Kharif Sorghum,Phulbani ( Kandhamal ),Orissa,4,-239.07,-216.54,239.07,270.65,381.69,False
Kharif Sorghum,Pilibhit,Uttar Pradesh,4,6.15,6.07,6.15,6.65,8.87,False
Kharif Sorghum,Pithorgarh,Uttarakhand,4,6.15,6.07,6.15,6.65,8.87,False
Kharif Sorghum,Pratapgarh,Uttar Pradesh,4,147.71,304.09,396.56,412.52,492.49,False
Kharif Sorghum,Pune,Maharashtra,4,143.88,237.76,351.23,390.9,484.69,False
Kharif Sorghum,Puri,Orissa,4,-306.87,-262.34,306.87,332.23,450.19,False
Kharif Sorghum,Purnea,Bihar,4,6.13,6.03,6.13,6.63,8.85,False
Kharif Sorghum,Purulia,West Bengal,4,-123.93,-115.09,123.93,129.02,163.25,False
Kharif Sorghum,Rae-Bareily,Uttar Pradesh,4,70.01,75.6,70.01,83.72,116.79,False
Kharif Sorghum,Raichur,Karnataka,4,48.4,194.23,578.1,623.01,791.23,True
Kharif Sorghum,Raigad,Maharashtra,4,5.94,5.83,5.94,6.51,8.78,False
Kharif Sorghum,Raigarh,Chhattisgarh,4,228.43,213.78,228.43,243.1,322.45,False
Kharif Sorghum,Raipur,Chhattisgarh,4,246.67,236.97,246.67,270.95,369.09,False
Kharif Sorghum,Raisen,Madhya Pradesh,4,1157.05,1535.22,1515.37,1616.98,2103.82,True
Kharif Sorghum,Rajgarh,Madhya Pradesh,4,-333.54,-384.15,395.87,443.84,603.33,False
Kharif Sorghum,Rajkot,Gujarat,4,54.11,-259.04,537.97,661.68,963.81,True
Kharif Sorghum,Ramananthapuram,Tamil Nadu,4,-112.79,-121.56,564.17,585.08,715.84,True
Kharif Sorghum,Rampur,Uttar Pradesh,4,-459.11,-340.55,459.11,656.81,994.39,True
Kharif Sorghum,Ranchi,Jharkhand,4,-151.66,5.83,162.37,314.09,442.57,False
Kharif Sorghum,Ratlam,Madhya Pradesh,4,54.83,380.21,845.31,986.73,1418.63,True
Kharif Sorghum,Ratnagiri,Maharashtra,4,5.94,5.83,5.94,6.51,8.78,False
Kharif Sorghum,Rewa,Madhya Pradesh,3,-143.43,-116.69,303.1,354.44,490.38,False
Kharif Sorghum,Rohtak,Haryana,4,235.15,187.81,235.15,326.09,490.76,False
Kharif Sorghum,Roopnagar / Ropar,Punjab,4,5.94,5.83,5.94,6.51,8.78,False
Kharif Sorghum,S.P.S. Nellore,Andhra Pradesh,4,714.65,794.53,714.65,756.52,934.89,True
Kharif Sorghum,Sabarkantha,Gujarat,4,-369.06,5.83,379.76,748.84,1051.27,False
Kharif Sorghum,Sagar,Madhya Pradesh,4,-309.75,-392.5,615.21,690.56,928.73,True
Kharif Sorghum,Saharanpur,Uttar Pradesh,4,65.51,50.06,65.51,85.32,128.11,False
Kharif Sorghum,Saharsa,Bihar,4,261.02,476.46,519.99,522.84,581.74,True
Kharif Sorghum,Sambalpur,Orissa,4,-529.52,-526.84,529.52,547.28,679.49,True
Kharif Sorghum,Sangli,Maharashtra,4,-29.66,-134.18,246.48,286.71,388.72,False
Kharif Sorghum,Sangrur,Punjab,3,6.46,6.14,6.46,6.61,7.86,False
Kharif Sorghum,Santhal Paragana / Dumka,Jharkhand,4,-178.19,5.55,187.88,366.11,514.99,False
Kharif Sorghum,Saran,Bihar,4,260.0,164.9,260.0,335.3,497.14,False
Kharif Sorghum,Satara,Maharashtra,4,359.25,357.59,359.25,400.02,548.23,False
Kharif Sorghum,Satna,Madhya Pradesh,4,-567.09,-772.6,868.47,959.36,1288.31,True
Kharif Sorghum,Sehore,Madhya Pradesh,4,-6.93,-92.21,308.65,381.14,556.43,False
Kharif Sorghum,Seoni / Shivani,Madhya Pradesh,4,-8.8,264.72,1110.97,1219.91,1647.03,True
Kharif Sorghum,Shahabad (Now Part Of Bhojpur District),Bihar,4,-42.48,-33.83,42.48,48.46,68.79,False
Kharif Sorghum,Shahdol,Madhya Pradesh,4,-221.7,-65.1,425.76,535.8,781.81,False
Kharif Sorghum,Shahjahanpur,Uttar Pradesh,4,9.82,10.08,99.5,115.19,160.53,False
Kharif Sorghum,Shajapur,Madhya Pradesh,4,-180.35,-518.09,726.45,777.66,997.77,True
Kharif Sorghum,Shimla,Himachal Pradesh,4,5.24,5.55,5.24,5.78,7.64,False
Kharif Sorghum,Shimoge,Karnataka,4,-616.19,-621.79,616.19,749.55,1050.8,True
Kharif Sorghum,Shivpuri,Madhya Pradesh,4,-167.21,-91.98,629.88,846.17,1264.75,True
Kharif Sorghum,Sibsagar,Assam,4,5.24,5.55,5.24,5.78,7.64,False
Kharif Sorghum,Sidhi,Madhya Pradesh,4,-194.45,-38.22,372.25,489.39,709.28,False
Kharif Sorghum,Sikar,Rajasthan,4,168.52,-50.94,301.72,479.14,707.68,False
Kharif Sorghum,Singhbhum,Jharkhand,4,-157.23,5.55,166.93,324.21,456.31,False
Kharif Sorghum,Sirmaur,Himachal Pradesh,4,5.24,5.55,5.24,5.78,7.64,False
Kharif Sorghum,Sirohi,Rajasthan,4,270.88,303.55,388.59,479.55,673.29,False
Kharif Sorghum,Sitapur,Uttar Pradesh,4,-6.72,-36.63,116.94,125.41,159.56,False
Kharif Sorghum,Solan,Himachal Pradesh,4,5.24,5.55,5.24,5.78,7.64,False
Kharif Sorghum,Solapur,Maharashtra,4,223.55,261.98,252.62,299.35,417.73,False
Kharif Sorghum,South Arcot / Cuddalore,Tamil Nadu,4,-222.15,-21.06,480.23,632.96,932.77,True
Kharif Sorghum,Srikakulam,Andhra Pradesh,4,687.7,670.39,687.7,725.1,937.24,True
Kharif Sorghum,Sultanpur,Uttar Pradesh,4,1.12,20.21,179.18,220.91,314.16,False
Kharif Sorghum,Sundargarh,Orissa,4,-277.05,-217.57,277.05,309.46,431.28,False
Kharif Sorghum,Surat,Gujarat,4,-126.66,-116.18,237.23,292.97,414.4,False
Kharif Sorghum,Surendranagar,Gujarat,4,-287.66,-278.92,287.66,307.71,408.43,False
Kharif Sorghum,Surguja,Chhattisgarh,4,209.94,197.64,209.94,230.55,315.92,False
Kharif Sorghum,Swami Madhopur,Rajasthan,4,268.35,228.61,268.35,305.4,435.31,False
Kharif Sorghum,Tehri Garhwal,Uttarakhand,4,5.47,6.29,5.47,6.02,7.7,False
Kharif Sorghum,Thane,Maharashtra,4,5.47,6.29,5.47,6.02,7.7,False
Kharif Sorghum,Thanjavur,Tamil Nadu,4,77.67,88.0,107.61,123.6,176.31,False
Kharif Sorghum,The Nilgiris,Tamil Nadu,3,288.92,252.14,288.92,298.63,365.73,False
Kharif Sorghum,Thirunelveli,Tamil Nadu,3,-1302.84,-1996.02,2014.02,2160.11,2782.62,True
Kharif Sorghum,Thiruvananthapuram,Kerala,4,6.53,7.1,6.53,7.0,8.78,False
Kharif Sorghum,Thrissur,Kerala,4,6.53,7.1,6.53,7.0,8.78,False
Kharif Sorghum,Tikamgarh,Madhya Pradesh,4,-96.92,-79.91,632.87,796.96,1152.72,True
Kharif Sorghum,Tiruchirapalli / Trichy,Tamil Nadu,3,-258.08,-96.53,258.08,365.15,517.4,False
Kharif Sorghum,Tonk,Rajasthan,4,-4.35,41.33,120.03,140.25,196.22,False
Kharif Sorghum,Tumkur,Karnataka,4,233.59,234.03,233.59,254.5,341.6,False
Kharif Sorghum,Udaipur,Rajasthan,4,108.3,122.63,354.08,399.4,540.7,False
Kharif Sorghum,Ujjain,Madhya Pradesh,4,-156.33,365.65,832.77,1068.95,1571.2,True
Kharif Sorghum,Unnao,Uttar Pradesh,4,65.22,131.57,363.86,435.09,596.6,False
Kharif Sorghum,Uttar Kashi,Uttarakhand,4,8.27,7.1,8.27,9.69,13.64,False
Kharif Sorghum,Uttara Kannada,Karnataka,4,267.74,194.25,267.74,336.92,502.11,False
Kharif Sorghum,Vadodara / Baroda,Gujarat,4,3.52,24.3,356.24,487.1,695.09,False
Kharif Sorghum,Valsad,Gujarat,4,-88.77,-99.55,130.82,147.24,207.85,False
Kharif Sorghum,Varanasi,Uttar Pradesh,4,82.91,62.32,161.65,206.23,298.46,False
Kharif Sorghum,Vidisha,Madhya Pradesh,4,84.21,-270.13,823.18,1039.42,1551.65,True
Kharif Sorghum,Visakhapatnam,Andhra Pradesh,4,691.72,721.92,691.72,719.01,876.88,True
Kharif Sorghum,Warangal,Telangana,4,-38.6,-127.88,193.86,211.23,280.1,False
Kharif Sorghum,Wardha,Maharashtra,4,166.85,145.78,166.85,178.51,239.67,False
Kharif Sorghum,West Dinajpur,West Bengal,4,7.55,7.1,7.55,8.5,11.63,False
Kharif Sorghum,West Godavari,Andhra Pradesh,4,781.27,846.83,781.27,817.84,1003.33,True
Kharif Sorghum,Yeotmal,Maharashtra,4,280.08,271.36,280.08,326.89,464.64,False
Minor Pulses,24 Parganas,West Bengal,4,30.05,8.62,55.96,73.05,106.19,False
Minor Pulses,Adilabad,Telangana,4,23.5,27.45,35.14,41.81,58.78,False
Minor Pulses,Agra,Uttar Pradesh,4,274.0,74.93,365.87,569.76,830.9,False
Minor Pulses,Ahmedabad,Gujarat,4,-60.7,-75.51,76.83,85.15,116.74,False
Minor Pulses,Ahmednagar,Maharashtra,4,180.19,85.06,180.19,278.85,418.58,False
Minor Pulses,Ajmer,Rajasthan,4,-202.93,-216.56,202.93,223.92,298.11,False
Minor Pulses,Akola,Maharashtra,4,37.21,136.05,244.84,272.59,378.28,False
Minor Pulses,Alappuzha,Kerala,4,-83.15,-202.35,374.81,413.41,561.7,False
Minor Pulses,Aligarh,Uttar Pradesh,4,408.06,289.53,452.15,612.98,919.24,False
Minor Pulses,Allahabad,Uttar Pradesh,4,171.92,56.25,361.22,473.04,700.64,False
Minor Pulses,Almorah,Uttarakhand,4,-516.4,-614.34,516.4,603.4,777.28,False
Minor Pulses,Alwar,Rajasthan,4,-1312.16,-1242.14,1312.16,1437.47,1960.41,True
Minor Pulses,Amarawati,Maharashtra,4,-0.95,66.64,216.74,245.26,336.92,False
Minor Pulses,Ambala,Haryana,4,-2743.49,-1382.62,4252.36,5460.71,8154.44,True
Minor Pulses,Amreli,Gujarat,4,-43.23,-32.53,43.23,55.98,84.01,False
Minor Pulses,Amritsar,Punjab,4,-165.56,-165.8,165.56,181.4,245.2,False
Minor Pulses,Ananthapur,Andhra Pradesh,4,114.0,79.17,129.96,182.26,276.41,False
Minor Pulses,Aurangabad,Maharashtra,4,104.58,228.79,283.44,292.72,345.94,False
Minor Pulses,Azamgarh,Uttar Pradesh,4,98.23,-83.34,461.11,628.32,950.81,False
Minor Pulses,Bahraich,Uttar Pradesh,4,-88.47,-152.53,526.25,645.68,909.74,True
Minor Pulses,Balaghat,Madhya Pradesh,4,-297.18,-339.88,351.5,402.08,566.05,False
Minor Pulses,Balasore,Orissa,4,-15.91,-12.46,15.91,20.9,31.39,False
Minor Pulses,Ballia,Uttar Pradesh,4,76.38,-251.58,534.86,669.62,979.88,True
Minor Pulses,Banaskantha,Gujarat,4,-4.87,28.38,124.49,149.32,215.02,False
Minor Pulses,Banda,Uttar Pradesh,4,89.55,6.41,298.55,366.68,541.96,False
Minor Pulses,Bangalore,Karnataka,4,-25.39,-68.87,318.68,339.56,431.77,False
Minor Pulses,Bankura,West Bengal,4,-254.58,-242.37,254.58,275.64,372.12,False
Minor Pulses,Banswara,Rajasthan,4,-148.91,-184.64,186.45,215.6,297.32,False
Minor Pulses,Barabanki,Uttar Pradesh,4,17.34,-108.91,313.62,387.09,558.77,False
Minor Pulses,Bareilly,Uttar Pradesh,4,110.61,12.87,469.17,559.91,820.07,False
Minor Pulses,Barmer,Rajasthan,4,141.07,145.22,141.07,153.14,201.25,False
Minor Pulses,Bastar,Chhattisgarh,4,-8.5,-9.61,32.67,40.4,58.69,False
Minor Pulses,Basti,Uttar Pradesh,4,126.53,-137.34,408.77,565.87,836.36,False
Minor Pulses,Beed,Maharashtra,4,130.5,124.44,206.43,253.06,365.76,False
Minor Pulses,Belgaum,Karnataka,4,-37.38,-91.39,104.39,106.06,124.05,False
Minor Pulses,Bellary,Karnataka,4,66.0,148.52,205.08,213.2,268.24,False
Minor Pulses,Betul,Madhya Pradesh,4,-163.94,-112.69,163.94,220.73,332.81,False
Minor Pulses,Bhagalpur,Bihar,4,72.3,44.66,84.39,117.69,175.56,False
Minor Pulses,Bhandara,Maharashtra,4,-64.08,-124.45,150.91,154.01,178.85,False
Minor Pulses,Bharatpur,Rajasthan,4,2.03,167.02,360.59,431.93,619.35,False
Minor Pulses,Bharuch,Gujarat,4,-55.05,-62.94,55.05,67.06,91.83,False
Minor Pulses,Bhatinda,Punjab,4,-232.84,-233.95,234.57,286.82,405.41,False
Minor Pulses,Bhavnagar,Gujarat,4,-53.59,-48.08,53.59,56.2,72.22,False
Minor Pulses,Bhilwara,Rajasthan,4,66.73,93.37,130.06,150.17,197.84,False
Minor Pulses,Bhind,Madhya Pradesh,4,-442.16,-454.28,442.16,505.39,695.42,False
Minor Pulses,Bidar,Karnataka,4,-10.42,-1.02,259.13,267.2,330.68,False
Minor Pulses,Bijapur / Vijayapura,Karnataka,4,110.53,105.55,110.53,130.22,181.41,False
Minor Pulses,Bijnor,Uttar Pradesh,4,230.87,20.09,278.78,492.14,714.13,False
Minor Pulses,Bikaner,Rajasthan,4,-107.85,-113.61,107.85,130.81,185.01,False
Minor Pulses,Bilashpur,Himachal Pradesh,4,-250.02,-196.51,251.95,336.25,495.55,False
Minor Pulses,Bilaspur,Chhattisgarh,4,-149.25,-68.92,149.25,233.44,351.74,False
Minor Pulses,Birbhum,West Bengal,4,-62.58,-14.03,139.18,172.45,247.63,False
Minor Pulses,Bolangir,Orissa,4,-4.61,0.31,6.13,10.54,15.25,False
Minor Pulses,Budaun,Uttar Pradesh,4,250.06,17.45,250.06,477.35,674.46,False
Minor Pulses,Buland Shahar,Uttar Pradesh,4,-5.64,-163.51,343.71,404.0,584.8,False
Minor Pulses,Buldhana,Maharashtra,4,108.4,166.29,239.96,277.88,353.03,False
Minor Pulses,Bundi,Rajasthan,4,71.02,68.35,72.12,91.98,134.97,False
Minor Pulses,Burdwan,West Bengal,4,-17.81,20.75,79.66,100.16,145.59,False
Minor Pulses,Cachar,Assam,4,-293.28,-266.07,293.28,308.15,396.27,False
Minor Pulses,Chamba,Himachal Pradesh,4,-864.35,-1095.77,1119.79,1249.57,1710.98,True
Minor Pulses,Chamoli,Uttarakhand,4,-646.77,-814.85,646.77,750.16,931.63,True
Minor Pulses,Champaran,Bihar,4,159.3,133.73,226.66,287.71,425.5,False
Minor Pulses,Chandrapur,Maharashtra,4,-78.26,-101.2,132.0,141.15,184.99,False
Minor Pulses,Chengalpattu Mgr / Kanchipuram,Tamil Nadu,4,-117.44,-60.25,183.22,250.79,367.83,False
Minor Pulses,Chhatarpur,Madhya Pradesh,4,-485.57,-456.46,485.57,491.8,572.57,False
Minor Pulses,Chhindwara,Madhya Pradesh,4,-317.51,-292.66,317.51,338.05,445.29,False
Minor Pulses,Chickmagalur,Karnataka,4,-18.95,-41.56,117.93,138.48,185.72,False
Minor Pulses,Chitradurga,Karnataka,4,37.54,69.63,114.51,123.32,161.58,False
Minor Pulses,Chittoor,Andhra Pradesh,4,-28.43,-19.22,90.55,108.3,156.95,False
Minor Pulses,Chittorgarh,Rajasthan,4,-92.12,-21.01,92.12,159.86,230.99,False
Minor Pulses,Churu,Rajasthan,4,-21.32,8.39,47.66,71.53,107.34,False
Minor Pulses,Coimbatore,Tamil Nadu,4,-190.51,-210.26,238.38,269.12,375.63,False
Minor Pulses,Cooch Behar,West Bengal,4,-67.43,-61.47,67.43,77.76,111.03,False
Minor Pulses,Cuttack,Orissa,4,-28.89,-25.25,28.89,32.26,45.07,False
Minor Pulses,Dakshina Kannada,Karnataka,4,58.35,52.99,58.35,62.53,82.19,False
Minor Pulses,Damoh,Madhya Pradesh,4,-104.89,-69.33,234.05,295.4,432.41,False
Minor Pulses,Dangs,Gujarat,4,-17.46,13.41,49.22,69.92,104.35,False
Minor Pulses,Darbhanga,Bihar,4,-14.07,-18.54,17.99,20.07,26.92,False
Minor Pulses,Darjeeling,West Bengal,4,-41.44,-76.22,97.02,100.13,120.48,False
Minor Pulses,Darrang,Assam,4,-234.33,-228.2,234.33,238.08,281.66,False
Minor Pulses,Datia,Madhya Pradesh,4,-1.38,-114.39,270.49,323.33,451.55,False
Minor Pulses,Dehradun,Uttarakhand,4,-614.51,-761.91,614.51,713.6,894.45,True
Minor Pulses,Deoria,Uttar Pradesh,4,-40.35,-273.72,415.03,462.21,633.56,False
Minor Pulses,Dewas,Madhya Pradesh,4,57.68,-50.7,270.79,330.66,481.92,False
Minor Pulses,Dhanbad,Jharkhand,4,-381.99,-390.32,556.72,695.42,1001.93,True
Minor Pulses,Dhar,Madhya Pradesh,4,-212.53,-257.01,212.53,239.28,294.96,False
Minor Pulses,Dharwad,Karnataka,4,9.61,-12.14,30.39,41.82,61.17,False
Minor Pulses,Dhenkanal,Orissa,4,-8.86,-1.42,13.64,19.61,28.69,False
Minor Pulses,Dhule,Maharashtra,4,114.5,151.33,162.81,175.94,237.07,False
Minor Pulses,Dibrugarh,Assam,4,-316.9,-312.89,316.9,319.95,365.79,False
Minor Pulses,Dungarpur,Rajasthan,4,-143.19,-187.79,146.61,167.66,202.45,False
Minor Pulses,Durg,Chhattisgarh,4,-149.65,-91.08,257.36,313.28,461.64,False
Minor Pulses,East Godavari,Andhra Pradesh,4,-231.02,-226.22,231.02,247.1,322.53,False
Minor Pulses,Eranakulam,Kerala,4,-439.65,-684.14,689.32,704.26,845.77,True
Minor Pulses,Etah,Uttar Pradesh,4,420.77,224.45,420.77,624.02,933.62,False
Minor Pulses,Etawah,Uttar Pradesh,4,17.63,-192.1,362.8,432.36,624.45,False
Minor Pulses,Faizabad,Uttar Pradesh,4,-12.13,-168.32,327.78,378.49,544.87,False
Minor Pulses,Farrukhabad,Uttar Pradesh,4,160.18,-54.18,325.85,501.11,747.33,False
Minor Pulses,Fatehpur,Uttar Pradesh,4,124.0,-10.69,274.69,388.81,583.6,False
Minor Pulses,Ferozpur,Punjab,4,-206.59,-196.19,206.59,219.94,290.95,False
Minor Pulses,Ganganagar,Rajasthan,4,94.3,117.43,123.17,135.44,185.73,False
Minor Pulses,Ganjam,Orissa,4,3.16,3.33,5.1,5.83,8.17,False
Minor Pulses,Garhwal,Uttarakhand,4,-358.14,-410.06,358.14,425.06,574.29,False
Minor Pulses,Gaya,Bihar,4,53.81,57.44,82.42,93.27,129.64,False
Minor Pulses,Ghazipur,Uttar Pradesh,4,36.05,-259.71,469.09,564.75,811.19,False
Minor Pulses,Goalpara,Assam,4,-205.37,-190.03,205.37,212.21,264.76,False
Minor Pulses,Gonda,Uttar Pradesh,4,64.41,-198.22,368.18,466.82,668.96,False
Minor Pulses,Gorakhpur,Uttar Pradesh,4,-30.34,-235.85,385.49,434.39,605.2,False
Minor Pulses,Gulbarga / Kalaburagi,Karnataka,4,-103.18,-131.74,208.28,236.55,317.73,False
Minor Pulses,Guna,Madhya Pradesh,4,-145.1,-142.9,166.9,198.24,281.41,False
Minor Pulses,Guntur,Andhra Pradesh,4,92.9,12.7,194.02,281.56,426.26,False
Minor Pulses,Gurdaspur,Punjab,4,-246.28,-193.21,246.28,317.1,473.36,False
Minor Pulses,Gurgaon,Haryana,4,-3932.78,-2678.34,4625.77,6382.0,9665.87,True
Minor Pulses,Gwalior,Madhya Pradesh,4,-316.05,-182.08,316.05,474.01,720.5,False
Minor Pulses,Hamirpur,Uttar Pradesh,4,96.76,29.94,264.12,331.67,492.1,False
Minor Pulses,Hardoi,Uttar Pradesh,4,72.39,-113.61,271.92,364.92,533.57,False
Minor Pulses,Hassan,Karnataka,4,-37.13,-38.27,58.94,67.67,94.75,False
Minor Pulses,Hazaribagh,Jharkhand,4,235.49,84.84,292.67,451.8,657.46,False
Minor Pulses,Hissar,Haryana,4,535.85,458.88,792.2,968.11,1410.38,True
Minor Pulses,Hooghly,West Bengal,4,97.75,147.33,223.6,256.47,326.06,False
Minor Pulses,Hoshangabad,Madhya Pradesh,4,-271.29,-196.61,309.87,411.02,603.98,False
Minor Pulses,Hoshiarpur,Punjab,4,-264.23,-216.14,264.23,299.59,426.2,False
Minor Pulses,Howrah,West Bengal,4,-2.05,9.11,69.98,91.24,132.7,False
Minor Pulses,Hyderabad,Telangana,4,-3.88,-21.63,103.53,112.7,149.73,False
Minor Pulses,Indore,Madhya Pradesh,4,-81.34,-149.06,309.11,350.42,474.6,False
Minor Pulses,Jabalpur,Madhya Pradesh,4,-443.75,-453.83,443.75,456.68,555.4,False
Minor Pulses,Jaipur,Rajasthan,4,-98.26,-99.93,136.42,159.37,230.56,False
Minor Pulses,Jaisalmer,Rajasthan,4,-17.85,11.45,95.83,113.49,164.89,False
Minor Pulses,Jalandhar,Punjab,4,-328.06,-100.62,447.9,645.58,962.28,False
Minor Pulses,Jalaun,Uttar Pradesh,4,52.44,-308.71,672.12,818.42,1200.96,True
Minor Pulses,Jalgaon,Maharashtra,4,65.17,65.41,145.53,172.59,251.63,False
Minor Pulses,Jalore,Rajasthan,4,121.93,114.27,121.93,153.11,221.24,False
Minor Pulses,Jalpaiguri,West Bengal,4,-130.33,-124.44,130.33,144.23,198.35,False
Minor Pulses,Jamnagar,Gujarat,4,-55.6,-49.77,98.21,121.48,173.97,False
Minor Pulses,Jaunpur,Uttar Pradesh,4,-125.08,-324.84,521.23,559.5,747.49,True
Minor Pulses,Jhabua,Madhya Pradesh,4,-153.79,-164.36,207.66,243.05,351.46,False
Minor Pulses,Jhalawar,Rajasthan,4,-10.28,-69.9,119.18,135.24,188.2,False
Minor Pulses,Jhansi,Uttar Pradesh,4,116.35,-58.72,295.26,430.81,648.37,False
Minor Pulses,Jhunjhunu,Rajasthan,4,11.32,8.56,179.87,200.01,272.2,False
Minor Pulses,Jind,Haryana,4,-1779.3,455.4,3524.64,5449.11,8148.5,True
Minor Pulses,Jodhpur,Rajasthan,4,-122.02,-104.39,162.42,199.04,287.98,False
Minor Pulses,Junagadh,Gujarat,4,-264.06,-265.91,264.06,339.29,480.45,False
Minor Pulses,Kadapa Ysr,Andhra Pradesh,4,-48.09,-6.43,70.77,107.32,156.28,False
Minor Pulses,Kalahandi,Orissa,4,-4.63,-3.81,6.02,7.48,10.83,False
Minor Pulses,Kamrup,Assam,4,-217.41,-189.06,217.41,241.64,337.94,False
Minor Pulses,Kangra,Himachal Pradesh,4,-797.88,-906.01,860.83,1036.11,1454.67,True
Minor Pulses,Kannur,Kerala,4,-122.26,-221.96,376.83,408.58,540.71,False
Minor Pulses,Kanpur,Uttar Pradesh,4,82.21,-126.6,345.98,467.03,681.77,False
Minor Pulses,Kanyakumari,Tamil Nadu,3,-128.43,-220.5,201.9,213.22,264.1,False
Minor Pulses,Kapurthala,Punjab,4,-306.25,-375.0,756.25,867.92,1232.5,True
Minor Pulses,Karbi Anglong,Assam,4,-180.96,-161.89,180.96,198.82,274.75,False
Minor Pulses,Karimnagar,Telangana,4,-99.68,-100.86,99.68,106.9,138.97,False
Minor Pulses,Karnal,Haryana,4,-5233.2,-3222.22,6750.63,9046.86,13668.61,True
Minor Pulses,Keonjhar,Orissa,4,-20.48,-25.67,21.57,24.48,30.87,False
Minor Pulses,Khammam,Telangana,4,112.46,146.47,131.78,144.98,188.87,False
Minor Pulses,Khandwa / East Nimar,Madhya Pradesh,4,-296.27,-220.76,296.27,377.96,565.78,False
Minor Pulses,Khargone / West Nimar,Madhya Pradesh,4,-153.44,-192.1,190.58,207.24,272.92,False
Minor Pulses,Kheda,Gujarat,4,-51.34,-50.74,51.34,61.96,88.67,False
Minor Pulses,Kheri,Uttar Pradesh,4,29.29,-158.8,345.92,423.4,620.0,False
Minor Pulses,Kinnaur,Himachal Pradesh,4,-809.57,-667.95,1232.04,1514.89,2176.61,True
Minor Pulses,Kodagu / Coorg,Karnataka,4,50.87,13.19,115.8,158.25,238.54,False
Minor Pulses,Kolar,Karnataka,4,162.89,56.33,194.63,307.59,453.9,False
Minor Pulses,Kolhapur,Maharashtra,4,-0.04,-36.16,73.26,87.85,124.79,False
Minor Pulses,Kollam,Kerala,4,-39.67,63.4,341.17,451.38,676.02,False
Minor Pulses,Koraput,Orissa,4,-21.27,-19.97,25.85,30.95,44.04,False
Minor Pulses,Kota,Rajasthan,4,-75.1,-114.41,175.19,200.11,253.18,False
Minor Pulses,Kottayam,Kerala,4,-1458.73,-1493.69,1734.72,2084.19,3045.32,True
Minor Pulses,Kozhikode,Kerala,4,-167.08,-260.6,410.76,440.77,590.35,False
Minor Pulses,Krishna,Andhra Pradesh,4,-97.01,-189.47,221.28,223.73,254.91,False
Minor Pulses,Kullu,Himachal Pradesh,4,-850.93,-1087.33,1082.21,1212.24,1650.73,True
Minor Pulses,Kurnool,Andhra Pradesh,4,-258.94,-192.0,285.58,389.23,589.28,False
Minor Pulses,Kutch,Gujarat,4,-64.55,-50.52,64.55,87.27,131.36,False
Minor Pulses,Lahul & Spiti,Himachal Pradesh,4,951.18,1669.74,2121.72,2210.48,2666.75,True
Minor Pulses,Lakhimpur,Assam,4,-253.37,-254.51,253.37,279.5,378.25,False
Minor Pulses,Lucknow,Uttar Pradesh,4,-115.55,-205.53,356.5,388.14,517.69,False
Minor Pulses,Ludhiana,Punjab,4,-364.62,-370.0,364.62,435.25,618.11,False
Minor Pulses,Madurai,Tamil Nadu,4,-130.11,-205.26,218.39,222.39,265.86,False
Minor Pulses,Mahabubnagar,Telangana,4,-94.97,-103.51,176.12,208.13,290.34,False
Minor Pulses,Mahendragarh / Narnaul,Haryana,4,-1266.6,-627.12,3494.9,3875.63,5373.48,True
Minor Pulses,Mainpuri,Uttar Pradesh,4,267.02,-17.11,420.04,641.43,928.54,False
Minor Pulses,Malappuram,Kerala,4,153.47,404.19,542.89,576.78,720.49,True
Minor Pulses,Malda,West Bengal,4,14.17,37.83,63.82,69.25,93.6,False
Minor Pulses,Mandi,Himachal Pradesh,4,-698.81,-1143.22,1039.37,1060.22,1186.57,True
Minor Pulses,Mandla,Madhya Pradesh,4,-412.94,-464.26,412.94,433.23,516.06,False
Minor Pulses,Mandsaur,Madhya Pradesh,4,-279.79,-221.43,279.79,316.99,439.42,False
Minor Pulses,Mandya,Karnataka,4,-16.12,-24.19,26.21,26.93,33.19,False
Minor Pulses,Mathura,Uttar Pradesh,4,215.69,151.18,300.83,396.37,586.71,False
Minor Pulses,Mayurbhanja,Orissa,4,-10.39,-10.13,12.83,15.52,22.86,False
Minor Pulses,Medak,Telangana,4,96.79,83.38,165.5,198.71,287.83,False
Minor Pulses,Meerut,Uttar Pradesh,4,64.49,-39.07,331.4,411.36,609.6,False
Minor Pulses,Mehsana,Gujarat,4,-5.49,11.89,44.95,56.33,82.75,False
Minor Pulses,Midnapur,West Bengal,4,42.18,43.49,119.69,136.1,185.19,False
Minor Pulses,Mirzpur,Uttar Pradesh,4,114.11,-100.73,333.79,469.62,688.87,False
Minor Pulses,Moradabad,Uttar Pradesh,4,147.37,-70.14,298.88,457.84,673.57,False
Minor Pulses,Morena,Madhya Pradesh,4,60.9,29.18,287.19,391.6,582.25,False
Minor Pulses,Mungair,Bihar,4,95.02,34.18,95.02,146.7,214.32,False
Minor Pulses,Murshidabad,West Bengal,4,-9.43,-98.66,154.88,175.45,243.03,False
Minor Pulses,Muzaffarnagar,Uttar Pradesh,4,20.71,-151.42,292.66,357.73,511.03,False
Minor Pulses,Muzaffarpur,Bihar,4,3.55,66.11,100.7,114.49,158.89,False
Minor Pulses,Mysore,Karnataka,4,-22.06,-23.63,44.34,51.04,73.25,False
Minor Pulses,Nadia,West Bengal,4,-2.84,-30.99,63.75,75.49,106.63,False
Minor Pulses,Nagaon,Assam,4,-248.33,-252.2,248.33,256.41,312.87,False
Minor Pulses,Nagaur,Rajasthan,4,-128.19,-116.7,128.19,135.87,178.48,False
Minor Pulses,Nagpur,Maharashtra,4,100.18,95.38,134.17,158.18,224.01,False
Minor Pulses,Nainital,Uttarakhand,4,-581.41,-690.55,581.41,680.41,884.76,True
Minor Pulses,Nalgonda,Telangana,4,51.48,13.0,98.28,128.71,186.97,False
Minor Pulses,Nanded,Maharashtra,4,280.87,254.28,280.87,314.13,439.5,False
Minor Pulses,Narsinghpur,Madhya Pradesh,4,-416.58,-440.34,416.58,431.56,525.57,False
Minor Pulses,Nasik,Maharashtra,4,255.17,283.18,255.17,297.0,404.81,False
Minor Pulses,Nizamabad,Telangana,4,42.67,14.97,331.48,341.92,426.28,False
Minor Pulses,North Arcot / Vellore,Tamil Nadu,3,-215.77,-267.27,215.77,264.62,351.27,False
Minor Pulses,North Cachar Hil / Dima Hasao,Assam,4,-143.68,-102.0,143.68,171.6,245.68,False
Minor Pulses,Osmanabad,Maharashtra,4,286.91,318.59,286.91,335.26,457.88,False
Minor Pulses,Palakkad,Kerala,4,-301.45,-543.17,614.74,622.76,710.21,True
Minor Pulses,Palamau,Jharkhand,4,334.0,239.16,334.0,435.55,635.54,False
Minor Pulses,Pali,Rajasthan,4,20.24,-12.59,50.29,73.2,109.21,False
Minor Pulses,Panchmahal,Gujarat,4,-20.56,27.33,91.16,117.01,170.15,False
Minor Pulses,Panna,Madhya Pradesh,4,-537.24,-468.97,537.24,653.26,956.03,True
Minor Pulses,Parbhani,Maharashtra,4,142.51,196.76,227.85,257.76,343.77,False
Minor Pulses,Patiala,Punjab,4,-347.25,-466.92,478.46,519.12,693.53,False
Minor Pulses,Patna,Bihar,4,54.41,55.78,143.62,160.25,215.77,False
Minor Pulses,Phulbani ( Kandhamal ),Orissa,4,-31.65,-31.3,31.65,35.73,48.5,False
Minor Pulses,Pilibhit,Uttar Pradesh,4,67.33,-153.43,517.66,663.05,976.98,True
Minor Pulses,Pithorgarh,Uttarakhand,4,-589.72,-685.24,589.72,692.71,909.69,True
Minor Pulses,Pratapgarh,Uttar Pradesh,4,102.51,-92.08,281.55,399.32,589.86,False
Minor Pulses,Pune,Maharashtra,4,12.45,-11.14,71.16,90.1,133.97,False
Minor Pulses,Puri,Orissa,4,-46.51,-56.22,46.51,50.77,61.38,False
Minor Pulses,Purnea,Bihar,4,65.72,53.15,100.87,124.69,179.9,False
Minor Pulses,Purulia,West Bengal,4,-69.86,-73.06,98.19,121.86,175.5,False
Minor Pulses,Rae-Bareily,Uttar Pradesh,4,66.9,-46.79,201.27,276.54,409.75,False
Minor Pulses,Raichur,Karnataka,4,-48.21,-54.02,55.11,68.41,96.79,False
Minor Pulses,Raigad,Maharashtra,4,-45.98,-125.42,179.06,188.83,246.08,False
Minor Pulses,Raigarh,Chhattisgarh,4,-21.65,-23.88,21.65,25.45,34.07,False
Minor Pulses,Raipur,Chhattisgarh,4,-164.83,-115.76,290.14,343.14,499.84,False
Minor Pulses,Raisen,Madhya Pradesh,4,-46.13,-60.37,226.59,244.88,318.68,False
Minor Pulses,Rajgarh,Madhya Pradesh,4,-359.06,-375.0,359.06,387.97,510.03,False
Minor Pulses,Rajkot,Gujarat,4,-84.78,-56.35,84.78,111.65,164.49,False
Minor Pulses,Ramananthapuram,Tamil Nadu,4,-215.03,-206.83,254.34,303.09,430.12,False
Minor Pulses,Rampur,Uttar Pradesh,4,174.84,-52.81,323.31,508.83,754.8,False
Minor Pulses,Ranchi,Jharkhand,4,235.68,183.86,481.93,565.06,806.22,False
Minor Pulses,Ratlam,Madhya Pradesh,4,-31.51,-59.34,96.72,110.86,132.37,False
Minor Pulses,Ratnagiri,Maharashtra,4,-33.88,-37.4,44.13,49.6,69.13,False
Minor Pulses,Rewa,Madhya Pradesh,3,-307.79,-272.55,307.79,313.94,370.3,False
Minor Pulses,Rohtak,Haryana,4,-995.46,-2161.65,3037.56,3291.31,3981.77,True
Minor Pulses,Roopnagar / Ropar,Punjab,4,-160.38,-145.75,161.49,204.22,293.76,False
Minor Pulses,S.P.S. Nellore,Andhra Pradesh,4,107.92,127.95,197.67,225.97,311.33,False
Minor Pulses,Sabarkantha,Gujarat,4,-83.36,-56.89,83.36,99.81,142.75,False
Minor Pulses,Sagar,Madhya Pradesh,4,-489.46,-405.81,489.46,520.75,683.92,False
Minor Pulses,Saharanpur,Uttar Pradesh,4,-14.1,-211.58,344.3,392.51,550.38,False
Minor Pulses,Saharsa,Bihar,4,43.63,100.79,140.05,152.81,184.72,False
Minor Pulses,Sambalpur,Orissa,4,-10.03,-10.3,13.97,16.83,24.47,False
Minor Pulses,Sangli,Maharashtra,4,-8.92,7.21,210.75,213.82,251.81,False
Minor Pulses,Sangrur,Punjab,3,-234.82,-264.83,234.82,251.66,315.03,False
Minor Pulses,Santhal Paragana / Dumka,Jharkhand,4,-21.29,86.29,672.25,896.43,1309.76,True
Minor Pulses,Saran,Bihar,4,-23.85,22.09,144.55,164.84,232.45,False
Minor Pulses,Satara,Maharashtra,4,-140.06,-40.89,140.06,238.13,343.76,False
Minor Pulses,Satna,Madhya Pradesh,4,-373.25,-347.2,373.25,379.19,449.28,False
Minor Pulses,Sehore,Madhya Pradesh,4,-44.85,-21.39,142.03,156.32,212.76,False
Minor Pulses,Seoni / Shivani,Madhya Pradesh,4,-221.38,-220.34,221.38,223.04,250.54,False
Minor Pulses,Shahabad (Now Part Of Bhojpur District),Bihar,4,101.83,129.91,155.28,165.77,218.02,False
Minor Pulses,Shahdol,Madhya Pradesh,4,-309.24,-309.21,309.24,342.68,464.87,False
Minor Pulses,Shahjahanpur,Uttar Pradesh,4,18.2,-153.6,391.51,478.16,705.42,False
Minor Pulses,Shajapur,Madhya Pradesh,4,-318.09,-345.94,318.09,348.71,457.86,False
Minor Pulses,Shimla,Himachal Pradesh,4,-679.41,-941.29,1073.89,1121.72,1426.19,True
Minor Pulses,Shimoge,Karnataka,4,60.13,31.74,60.13,81.63,119.3,False
Minor Pulses,Shivpuri,Madhya Pradesh,4,-285.66,-274.13,285.66,309.82,408.53,False
Minor Pulses,Sibsagar,Assam,4,-191.38,-188.53,191.38,193.34,221.85,False
Minor Pulses,Sidhi,Madhya Pradesh,4,-268.36,-246.83,268.36,272.99,325.07,False
Minor Pulses,Sikar,Rajasthan,4,-19.31,21.25,172.96,185.41,246.33,False
Minor Pulses,Singhbhum,Jharkhand,4,240.96,88.75,331.42,466.63,698.6,False
Minor Pulses,Sirmaur,Himachal Pradesh,4,-799.59,-1105.5,983.38,1057.32,1330.5,True
Minor Pulses,Sirohi,Rajasthan,4,83.75,30.26,130.27,190.91,285.17,False
Minor Pulses,Sitapur,Uttar Pradesh,4,76.69,-101.76,265.76,360.92,531.81,False
Minor Pulses,Solan,Himachal Pradesh,4,-446.08,-614.23,598.15,631.46,805.59,True
Minor Pulses,Solapur,Maharashtra,4,166.74,181.53,191.02,236.75,338.95,False
Minor Pulses,South Arcot / Cuddalore,Tamil Nadu,4,-217.98,-200.68,290.57,347.18,499.11,False
Minor Pulses,Srikakulam,Andhra Pradesh,4,3.47,6.37,40.47,51.21,71.75,False
Minor Pulses,Sultanpur,Uttar Pradesh,4,-31.92,-188.21,343.8,387.51,549.13,False
Minor Pulses,Sundargarh,Orissa,4,-2.33,-1.26,18.06,18.67,23.37,False
Minor Pulses,Surat,Gujarat,4,-78.74,-99.16,83.64,95.62,124.35,False
Minor Pulses,Surendranagar,Gujarat,4,-30.16,-31.77,32.15,38.01,53.1,False
Minor Pulses,Surguja,Chhattisgarh,4,-21.68,-27.24,24.37,27.83,37.27,False
Minor Pulses,Swami Madhopur,Rajasthan,4,0.33,21.4,119.66,156.14,226.23,False
Minor Pulses,Tehri Garhwal,Uttarakhand,4,-446.99,-503.52,446.99,538.21,741.05,False
Minor Pulses,Thane,Maharashtra,4,-66.16,-60.87,66.16,79.11,113.75,False
Minor Pulses,Thanjavur,Tamil Nadu,4,-25.26,-5.06,98.6,131.57,197.68,False
Minor Pulses,The Nilgiris,Tamil Nadu,3,-616.67,-750.0,616.67,723.99,950.0,True
Minor Pulses,Thirunelveli,Tamil Nadu,3,-193.92,-245.57,290.9,323.24,434.44,False
Minor Pulses,Thiruvananthapuram,Kerala,4,-294.79,-394.28,537.48,574.0,758.79,True
Minor Pulses,Thrissur,Kerala,4,-148.44,78.12,320.31,484.38,712.5,False
Minor Pulses,Tikamgarh,Madhya Pradesh,4,-428.52,-387.52,436.46,567.1,842.39,False
Minor Pulses,Tiruchirapalli / Trichy,Tamil Nadu,3,-314.04,-356.0,314.04,383.66,519.63,False
Minor Pulses,Tonk,Rajasthan,4,-154.44,-150.23,154.44,164.28,215.41,False
Minor Pulses,Tumkur,Karnataka,4,78.21,56.33,90.41,119.77,174.48,False
Minor Pulses,Udaipur,Rajasthan,4,-48.5,-37.52,64.79,84.24,125.66,False
Minor Pulses,Ujjain,Madhya Pradesh,4,61.95,138.59,166.33,170.88,199.95,False
Minor Pulses,Unnao,Uttar Pradesh,4,5.77,-138.93,257.4,304.74,436.06,False
Minor Pulses,Uttar Kashi,Uttarakhand,4,-534.14,-655.58,534.14,620.66,775.2,True
Minor Pulses,Uttara Kannada,Karnataka,4,32.79,30.68,52.1,62.53,89.89,False
Minor Pulses,Vadodara / Baroda,Gujarat,4,61.55,46.7,64.87,86.82,129.45,False
Minor Pulses,Valsad,Gujarat,4,-15.2,-14.75,26.21,31.44,44.94,False
Minor Pulses,Varanasi,Uttar Pradesh,4,93.91,-122.53,332.56,453.8,666.72,False
Minor Pulses,Vidisha,Madhya Pradesh,4,-291.63,-291.5,291.63,320.28,427.49,False
Minor Pulses,Visakhapatnam,Andhra Pradesh,4,-15.84,-53.67,80.09,85.99,115.31,False
Minor Pulses,Warangal,Telangana,4,-93.26,-8.23,167.77,245.74,366.82,False
Minor Pulses,Wardha,Maharashtra,4,14.96,232.32,454.4,532.8,757.43,False
Minor Pulses,West Dinajpur,West Bengal,4,-57.0,-60.15,57.0,70.38,100.08,False
Minor Pulses,West Godavari,Andhra Pradesh,4,-14.67,-97.45,211.47,245.43,352.74,False
Minor Pulses,Yeotmal,Maharashtra,4,136.47,166.68,202.49,219.44,297.58,False
Maize,24 Parganas,West Bengal,4,-249.02,-247.28,249.02,302.88,433.93,False
Maize,Adilabad,Telangana,4,-1642.22,-1560.08,1804.62,2381.08,3504.39,True
Maize,Agra,Uttar Pradesh,4,120.3,158.61,178.05,195.48,265.56,False
Maize,Ahmedabad,Gujarat,4,-386.55,-463.38,386.55,431.28,543.87,False
Maize,Ahmednagar,Maharashtra,4,117.2,125.61,794.93,871.84,1176.67,False
Maize,Ajmer,Rajasthan,4,2.63,-32.89,216.45,241.23,332.08,False
Maize,Akola,Maharashtra,4,329.62,221.89,467.99,611.73,915.47,False
Maize,Alappuzha,Kerala,4,0.0,0.0,0.0,0.0,0.0,False
Maize,Aligarh,Uttar Pradesh,4,93.82,110.49,205.78,233.48,331.93,False
Maize,Allahabad,Uttar Pradesh,4,-379.32,-513.63,536.95,576.84,767.75,False
Maize,Almorah,Uttarakhand,4,323.48,337.31,380.52,441.23,618.29,False
Maize,Alwar,Rajasthan,4,26.76,23.02,114.09,119.58,151.74,False
Maize,Amarawati,Maharashtra,4,350.53,109.37,740.3,911.53,1314.93,False
Maize,Ambala,Haryana,4,-70.39,-122.0,418.46,516.78,722.44,False
Maize,Amreli,Gujarat,4,-75.9,83.33,939.6,974.64,1223.26,False
Maize,Amritsar,Punjab,4,820.83,766.67,820.83,982.8,1410.0,False
Maize,Ananthapur,Andhra Pradesh,4,162.45,229.16,476.18,554.95,761.5,False
Maize,Aurangabad,Maharashtra,4,685.36,826.88,1189.06,1356.94,1878.05,True
Maize,Azamgarh,Uttar Pradesh,4,50.65,86.22,108.21,112.3,136.22,False
Maize,Bahraich,Uttar Pradesh,4,-131.2,-87.14,170.92,234.39,351.66,False
Maize,Balaghat,Madhya Pradesh,4,-648.02,-796.02,648.02,753.35,950.03,False
Maize,Balasore,Orissa,4,-45.49,-45.18,48.01,59.21,86.29,False
Maize,Ballia,Uttar Pradesh,4,228.53,382.52,445.93,461.71,560.27,False
Maize,Banaskantha,Gujarat,4,131.36,191.54,210.03,216.96,271.11,False
Maize,Bangalore,Karnataka,4,181.6,600.76,957.06,1037.48,1408.39,False
Maize,Bankura,West Bengal,4,-192.42,-126.96,357.37,466.72,690.93,False
Maize,Banswara,Rajasthan,4,-38.15,35.59,242.04,271.15,376.51,False
Maize,Barabanki,Uttar Pradesh,4,-176.88,38.44,341.24,533.9,800.92,False
Maize,Bareilly,Uttar Pradesh,4,-21.24,26.02,174.87,200.43,285.39,False
Maize,Bastar,Chhattisgarh,4,-336.11,-314.49,404.92,525.6,776.51,False
Maize,Basti,Uttar Pradesh,4,410.79,393.13,424.03,571.56,835.02,False
Maize,Beed,Maharashtra,4,33.39,307.56,595.78,683.84,980.32,False
Maize,Belgaum,Karnataka,4,-367.74,-494.17,853.43,963.11,1309.22,False
Maize,Bellary,Karnataka,4,-337.45,-39.12,337.45,621.33,882.61,False
Maize,Betul,Madhya Pradesh,4,-717.89,-524.48,717.89,923.45,1381.5,False
Maize,Bhagalpur,Bihar,4,733.65,731.75,892.47,1143.85,1668.61,False
Maize,Bhandara,Maharashtra,4,601.11,730.74,740.74,822.03,1128.09,False
Maize,Bharuch,Gujarat,4,74.6,47.92,76.51,110.94,168.4,False
Maize,Bhatinda,Punjab,4,-383.33,733.33,1616.67,2126.29,3100.0,True
Maize,Bhavnagar,Gujarat,4,-119.34,-89.87,224.0,258.03,369.5,False
Maize,Bhilwara,Rajasthan,4,-32.29,-56.1,408.96,454.65,606.89,False
Maize,Bhind,Madhya Pradesh,4,0.0,0.0,0.0,0.0,0.0,False
Maize,Bidar,Karnataka,4,680.21,1104.13,1229.02,1258.03,1523.72,True
Maize,Bijapur / Vijayapura,Karnataka,4,-276.04,-431.3,573.57,606.98,764.14,False
Maize,Bikaner,Rajasthan,4,295.83,791.67,995.83,1026.76,1280.0,True
Maize,Bilashpur,Himachal Pradesh,4,-31.76,-49.88,467.65,471.03,515.89,False
Maize,Bilaspur,Chhattisgarh,4,-186.37,-240.46,306.06,343.14,469.43,False
Maize,Birbhum,West Bengal,4,-448.52,-423.36,448.52,492.4,668.53,False
Maize,Bolangir,Orissa,4,-308.64,-279.15,308.64,329.42,439.67,False
Maize,Budaun,Uttar Pradesh,4,-53.12,-45.82,124.45,153.29,227.25,False
Maize,Buland Shahar,Uttar Pradesh,4,-56.88,-40.68,65.34,90.98,137.82,False
Maize,Buldhana,Maharashtra,4,379.03,330.62,672.32,775.38,1093.33,False
Maize,Bundi,Rajasthan,4,-345.65,-263.37,345.65,425.81,622.02,False
Maize,Burdwan,West Bengal,4,-41.73,-44.58,41.73,42.33,47.18,False
Maize,Cachar,Assam,4,-272.1,-139.08,348.37,502.15,752.73,False
Maize,Chamba,Himachal Pradesh,4,-16.32,-47.37,603.97,607.15,660.97,False
Maize,Chamoli,Uttarakhand,4,-568.92,-525.98,568.92,587.6,734.37,False
Maize,Champaran,Bihar,4,707.06,637.12,754.99,953.3,1410.4,False
Maize,Chandrapur,Maharashtra,4,-103.8,-19.56,530.79,555.09,705.2,False
Maize,Chengalpattu Mgr / Kanchipuram,Tamil Nadu,4,-1101.81,-1670.03,2685.65,2996.32,3914.7,True
Maize,Chhatarpur,Madhya Pradesh,4,-312.19,-192.02,318.35,459.36,677.95,False
Maize,Chhindwara,Madhya Pradesh,4,-1286.99,-1418.92,1286.99,1407.2,1812.87,True
Maize,Chickmagalur,Karnataka,4,-392.13,-264.45,418.38,580.65,868.23,False
Maize,Chitradurga,Karnataka,4,-147.95,-161.07,777.31,997.7,1447.48,False
Maize,Chittoor,Andhra Pradesh,4,561.3,857.86,1005.59,1056.98,1344.05,True
Maize,Chittorgarh,Rajasthan,4,95.07,95.23,536.61,606.56,840.9,False
Maize,Churu,Rajasthan,4,-500.0,0.0,500.0,1000.0,1400.0,False
Maize,Coimbatore,Tamil Nadu,4,22.67,-854.99,2067.99,2489.72,3641.12,True
Maize,Cooch Behar,West Bengal,4,-68.28,-38.58,121.99,163.24,244.58,False
Maize,Cuttack,Orissa,4,-269.53,-281.51,269.53,286.8,368.59,False
Maize,Damoh,Madhya Pradesh,4,-11.59,-38.23,168.9,178.99,226.57,False
Maize,Dangs,Gujarat,4,456.78,480.04,862.14,984.52,1361.47,False
Maize,Darbhanga,Bihar,4,-1136.44,-1080.52,1359.26,1792.24,2623.84,True
Maize,Darjeeling,West Bengal,4,-32.87,-32.06,100.38,121.62,174.15,False
Maize,Darrang,Assam,4,-2127.15,-2354.15,2127.15,2224.33,2674.46,True
Maize,Datia,Madhya Pradesh,4,-49.12,50.83,394.89,433.0,592.89,False
Maize,Dehradun,Uttarakhand,4,-674.53,-673.01,674.53,715.72,924.67,False
Maize,Deoria,Uttar Pradesh,4,-162.0,-174.8,163.97,206.22,292.19,False
Maize,Dewas,Madhya Pradesh,4,-784.66,-902.0,949.5,1062.47,1456.26,False
Maize,Dhanbad,Jharkhand,4,-204.03,83.46,442.16,643.79,946.46,False
Maize,Dhar,Madhya Pradesh,4,-623.68,-527.56,623.68,652.99,831.44,False
Maize,Dharwad,Karnataka,4,-127.45,125.3,575.89,754.88,1125.54,False
Maize,Dhenkanal,Orissa,4,-401.9,-382.44,401.9,441.21,602.74,False
Maize,Dhule,Maharashtra,4,102.42,158.26,607.23,634.27,767.16,False
Maize,Dibrugarh,Assam,4,528.3,1016.71,1052.98,1055.55,1119.81,True
Maize,Dungarpur,Rajasthan,4,-285.57,-330.46,292.21,356.13,489.9,False
Maize,Durg,Chhattisgarh,4,-198.53,-166.55,252.41,326.35,483.14,False
Maize,East Godavari,Andhra Pradesh,4,-1065.86,-1033.38,1065.86,1220.3,1711.44,True
Maize,Eranakulam,Kerala,3,-1155.56,-1000.0,1155.56,1536.71,2173.34,True
Maize,Etah,Uttar Pradesh,4,102.52,202.87,258.63,268.72,315.25,False
Maize,Etawah,Uttar Pradesh,4,-219.52,-166.21,219.52,277.99,410.18,False
Maize,Faizabad,Uttar Pradesh,4,-239.27,-146.94,281.62,391.0,576.63,False
Maize,Farrukhabad,Uttar Pradesh,4,-21.7,197.38,477.55,582.4,854.04,False
Maize,Fatehpur,Uttar Pradesh,4,-429.29,-728.28,724.72,730.56,814.92,False
Maize,Ferozpur,Punjab,4,-1833.33,-1666.67,1833.33,2603.42,3800.0,True
Maize,Ganganagar,Rajasthan,4,-140.45,-50.0,168.58,255.11,382.64,False
Maize,Ganjam,Orissa,4,-453.86,-432.06,453.86,496.45,676.22,False
Maize,Garhwal,Uttarakhand,4,-645.21,-654.51,645.21,652.67,744.73,False
Maize,Gaya,Bihar,4,-214.21,-175.07,536.35,672.96,998.98,False
Maize,Ghazipur,Uttar Pradesh,4,355.77,404.89,355.77,405.43,537.9,False
Maize,Goalpara,Assam,4,-842.18,-852.0,842.18,877.12,1101.4,False
Maize,Gonda,Uttar Pradesh,4,-55.7,-87.47,91.14,93.27,113.46,False
Maize,Gorakhpur,Uttar Pradesh,4,7.94,-59.15,266.03,342.79,502.92,False
Maize,Gulbarga / Kalaburagi,Karnataka,4,49.95,238.89,782.32,970.73,1381.35,False
Maize,Guna,Madhya Pradesh,4,-398.3,-272.02,410.53,597.44,908.59,False
Maize,Guntur,Andhra Pradesh,4,-935.2,-858.28,935.2,1116.5,1602.02,False
Maize,Gurdaspur,Punjab,4,270.71,279.86,270.71,327.39,462.28,False
Maize,Gurgaon,Haryana,4,0.0,0.0,0.0,0.0,0.0,False
Maize,Gwalior,Madhya Pradesh,4,619.5,1063.49,1344.3,1404.44,1695.3,True
Maize,Hamirpur,Uttar Pradesh,4,-255.81,-456.5,594.48,646.78,777.61,False
Maize,Hardoi,Uttar Pradesh,4,-368.98,-422.89,381.43,451.67,621.3,False
Maize,Hassan,Karnataka,4,-696.85,-274.52,1281.94,1734.13,2566.2,True
Maize,Hazaribagh,Jharkhand,4,-278.4,-428.75,763.99,839.65,1150.45,False
Maize,Hissar,Haryana,4,0.0,0.0,0.0,0.0,0.0,False
Maize,Hooghly,West Bengal,4,-123.25,0.63,134.92,253.97,359.32,False
Maize,Hoshangabad,Madhya Pradesh,4,-543.34,-640.33,867.44,1000.83,1403.55,False
Maize,Hoshiarpur,Punjab,4,241.93,265.36,241.93,261.16,334.6,False
Maize,Howrah,West Bengal,4,-575.06,-166.67,575.06,991.27,1443.51,False
Maize,Hyderabad,Telangana,4,28.0,107.17,406.94,507.53,727.17,False
Maize,Indore,Madhya Pradesh,4,-802.41,-703.51,802.41,925.38,1324.16,False
Maize,Jabalpur,Madhya Pradesh,4,-566.48,-508.84,670.43,821.95,1202.68,False
Maize,Jaipur,Rajasthan,4,-85.98,-80.46,148.02,175.08,250.75,False
Maize,Jaisalmer,Rajasthan,4,0.0,0.0,0.0,0.0,0.0,False
Maize,Jalandhar,Punjab,4,-373.39,-184.02,391.68,602.99,908.28,False
Maize,Jalaun,Uttar Pradesh,4,758.42,1315.76,1531.98,1557.11,1828.62,True
Maize,Jalgaon,Maharashtra,4,126.94,-119.25,711.63,816.84,1150.85,False
Maize,Jalore,Rajasthan,4,86.92,165.58,317.95,356.33,473.62,False
Maize,Jalpaiguri,West Bengal,4,-711.99,-400.68,803.36,1156.54,1714.85,False
Maize,Jaunpur,Uttar Pradesh,4,49.92,17.64,49.92,78.29,114.61,False
Maize,Jhabua,Madhya Pradesh,4,-948.94,-829.83,948.94,992.44,1275.77,False
Maize,Jhalawar,Rajasthan,4,-494.95,-285.6,494.95,696.14,1048.21,False
Maize,Jhansi,Uttar Pradesh,4,57.32,63.97,159.84,190.75,275.98,False
Maize,Jhunjhunu,Rajasthan,4,0.0,0.0,0.0,0.0,0.0,False
Maize,Jind,Haryana,4,0.0,0.0,0.0,0.0,0.0,False
Maize,Jodhpur,Rajasthan,3,-388.89,-666.67,722.22,751.54,933.33,False
Maize,Junagadh,Gujarat,4,-776.45,-972.47,1109.06,1191.49,1591.31,True
Maize,Kadapa Ysr,Andhra Pradesh,4,-152.61,309.69,2835.02,3821.51,5606.32,True
Maize,Kalahandi,Orissa,4,121.4,100.98,202.2,255.47,369.05,False
Maize,Kamrup,Assam,4,-1158.81,-1165.78,1158.81,1162.01,1247.67,True
Maize,Kangra,Himachal Pradesh,4,-56.36,-67.77,408.17,413.45,472.83,False
Maize,Kannur,Kerala,4,0.0,0.0,0.0,0.0,0.0,False
Maize,Kanpur,Uttar Pradesh,4,-673.77,-820.45,809.99,891.85,1182.11,False
Maize,Kapurthala,Punjab,4,1434.03,2111.11,2031.25,2102.47,2545.83,True
Maize,Karbi Anglong,Assam,4,-801.27,-401.23,801.27,1194.15,1800.15,False
Maize,Karimnagar,Telangana,4,-172.09,-231.58,390.63,429.79,594.72,False
Maize,Karnal,Haryana,4,16.56,-102.57,1045.4,1062.65,1247.65,True
Maize,Keonjhar,Orissa,4,-615.29,-574.59,615.29,632.86,779.25,False
Maize,Khammam,Telangana,4,-206.39,-137.82,509.23,569.87,796.93,False
Maize,Khandwa / East Nimar,Madhya Pradesh,4,-301.79,-314.21,301.79,331.06,442.63,False
Maize,Khargone / West Nimar,Madhya Pradesh,4,-476.02,-666.83,720.02,751.05,960.6,False
Maize,Kheda,Gujarat,4,213.67,170.03,235.5,316.72,478.46,False
Maize,Kheri,Uttar Pradesh,4,-201.95,-117.85,201.95,262.8,386.29,False
Maize,Kinnaur,Himachal Pradesh,4,-9.54,-14.04,567.26,571.8,640.39,False
Maize,Kodagu / Coorg,Karnataka,4,-1347.94,-1120.08,1347.94,1688.21,2440.76,True
Maize,Kolar,Karnataka,4,82.89,341.9,1156.92,1240.42,1582.64,True
Maize,Kolhapur,Maharashtra,4,-476.49,-390.33,476.49,639.17,958.93,False
Maize,Kollam,Kerala,4,0.0,0.0,0.0,0.0,0.0,False
Maize,Koraput,Orissa,4,-184.09,-189.51,184.09,186.9,214.65,False
Maize,Kota,Rajasthan,4,-492.84,-581.42,608.14,673.35,916.12,False
Maize,Kozhikode,Kerala,4,0.0,0.0,0.0,0.0,0.0,False
Maize,Krishna,Andhra Pradesh,4,259.3,209.99,400.94,498.38,733.56,False
Maize,Kullu,Himachal Pradesh,4,-13.16,-45.59,642.02,645.36,705.18,False
Maize,Kurnool,Andhra Pradesh,4,405.81,357.84,819.95,921.6,1285.03,False
Maize,Kutch,Gujarat,4,-726.77,-797.38,726.77,775.5,967.19,False
Maize,Lahul & Spiti,Himachal Pradesh,4,38.69,64.88,536.31,547.77,642.5,False
Maize,Lakhimpur,Assam,4,-780.81,-664.84,1060.05,1378.58,2044.05,True
Maize,Lucknow,Uttar Pradesh,4,122.73,112.24,283.6,347.07,508.25,False
Maize,Ludhiana,Punjab,4,-193.09,-40.96,1520.07,1743.71,2476.38,True
Maize,Madurai,Tamil Nadu,4,-714.23,-2457.14,3180.88,3344.05,4316.09,True
Maize,Mahabubnagar,Telangana,4,989.65,1231.61,989.65,1147.48,1426.45,True
Maize,Mahendragarh / Narnaul,Haryana,4,0.0,0.0,0.0,0.0,0.0,False
Maize,Mainpuri,Uttar Pradesh,4,-196.94,-251.88,234.9,258.35,342.19,False
Maize,Malappuram,Kerala,4,0.0,0.0,0.0,0.0,0.0,False
Maize,Malda,West Bengal,4,-1937.51,-1336.24,1937.51,2842.01,4316.84,True
Maize,Mandi,Himachal Pradesh,4,-1.38,-4.36,58.62,58.93,64.33,False
Maize,Mandla,Madhya Pradesh,4,-604.91,-603.58,604.91,605.54,632.76,False
Maize,Mandsaur,Madhya Pradesh,4,-281.74,-250.33,844.25,891.98,1158.55,False
Maize,Mandya,Karnataka,4,9.27,-371.92,1013.21,1232.19,1810.67,True
Maize,Mathura,Uttar Pradesh,4,-107.03,-149.63,173.82,183.48,240.54,False
Maize,Mayurbhanja,Orissa,4,-404.74,-371.64,404.74,414.46,505.75,False
Maize,Medak,Telangana,4,675.23,628.8,928.4,1133.67,1668.14,False
Maize,Meerut,Uttar Pradesh,4,145.62,151.63,249.63,288.35,403.46,False
Maize,Mehsana,Gujarat,4,-149.01,-161.85,189.8,233.43,335.22,False
Maize,Midnapur,West Bengal,4,88.28,34.64,276.07,327.41,475.36,False
Maize,Mirzpur,Uttar Pradesh,4,44.97,43.49,92.41,103.22,141.74,False
Maize,Moradabad,Uttar Pradesh,4,-417.56,-409.81,417.56,418.74,453.55,False
Maize,Morena,Madhya Pradesh,4,-252.25,-398.05,470.89,482.58,586.3,False
Maize,Mungair,Bihar,4,-461.85,-214.56,705.18,1003.34,1479.46,False
Maize,Murshidabad,West Bengal,4,-175.0,-268.7,431.14,466.86,626.09,False
Maize,Muzaffarnagar,Uttar Pradesh,4,-159.21,-168.05,165.81,197.41,275.63,False
Maize,Muzaffarpur,Bihar,4,478.37,616.38,629.11,673.98,880.84,False
Maize,Mysore,Karnataka,4,-388.55,-747.29,972.54,1012.83,1209.72,True
Maize,Nadia,West Bengal,4,-355.37,-164.15,438.16,628.94,950.75,False
Maize,Nagaon,Assam,4,-591.56,-584.86,591.56,649.34,880.73,False
Maize,Nagaur,Rajasthan,4,92.25,211.67,330.53,359.53,460.26,False
Maize,Nagpur,Maharashtra,4,203.88,312.5,614.29,695.42,954.19,False
Maize,Nainital,Uttarakhand,4,348.76,356.2,348.76,448.67,645.39,False
Maize,Nalgonda,Telangana,4,-177.32,2.67,723.16,922.65,1380.36,False
Maize,Nanded,Maharashtra,4,-89.29,-17.7,429.98,453.73,583.45,False
Maize,Narsinghpur,Madhya Pradesh,4,-145.06,195.02,564.27,765.07,1127.58,False
Maize,Nasik,Maharashtra,4,-408.53,-399.35,1104.27,1179.78,1546.05,True
Maize,Nizamabad,Telangana,4,186.81,104.15,421.84,511.01,733.22,False
Maize,North Arcot / Vellore,Tamil Nadu,3,-1172.9,-2134.57,2221.54,2293.11,2792.59,True
Maize,North Cachar Hil / Dima Hasao,Assam,4,121.67,537.85,1010.77,1135.96,1601.5,True
Maize,Osmanabad,Maharashtra,4,535.75,571.02,535.75,631.23,869.42,False
Maize,Palakkad,Kerala,4,220.67,487.18,642.69,667.71,816.54,False
Maize,Palamau,Jharkhand,4,-376.54,-400.9,712.84,863.43,1202.92,False
Maize,Pali,Rajasthan,4,137.21,97.78,234.56,294.03,429.59,False
Maize,Panchmahal,Gujarat,4,-12.14,-3.01,263.99,272.03,336.37,False
Maize,Panna,Madhya Pradesh,4,-319.94,-343.2,362.36,427.71,613.83,False
Maize,Parbhani,Maharashtra,4,298.9,339.34,454.49,510.72,718.48,False
Maize,Patiala,Punjab,4,75.44,97.61,133.59,151.58,206.13,False
Maize,Patna,Bihar,4,-165.71,-23.71,499.77,598.95,870.53,False
Maize,Phulbani ( Kandhamal ),Orissa,4,-445.19,-396.37,445.19,472.93,628.34,False
Maize,Pilibhit,Uttar Pradesh,4,-64.47,-78.28,153.53,181.86,249.05,False
Maize,Pithorgarh,Uttarakhand,4,-33.78,54.99,244.81,293.64,425.24,False
Maize,Pratapgarh,Uttar Pradesh,4,-502.04,-715.23,684.93,715.7,884.06,False
Maize,Pune,Maharashtra,4,-697.3,-215.81,1248.03,1646.22,2401.57,True
Maize,Puri,Orissa,4,-230.76,-219.66,230.76,241.93,310.93,False
Maize,Purnea,Bihar,4,-1794.23,-1428.57,1794.23,2320.4,3406.76,True
Maize,Purulia,West Bengal,4,-217.46,-323.94,423.54,461.74,597.58,False
Maize,Rae-Bareily,Uttar Pradesh,4,-292.7,-330.67,378.53,422.08,580.93,False
Maize,Raichur,Karnataka,4,491.69,689.03,1061.51,1235.67,1614.64,True
Maize,Raigad,Maharashtra,4,676.88,641.25,676.88,700.12,878.75,False
Maize,Raigarh,Chhattisgarh,4,-240.49,-289.19,339.01,411.71,571.08,False
Maize,Raipur,Chhattisgarh,4,-352.75,-309.23,352.75,443.19,633.37,False
Maize,Raisen,Madhya Pradesh,4,-255.55,-342.1,270.89,304.77,365.94,False
Maize,Rajgarh,Madhya Pradesh,4,-921.71,-1059.36,921.71,1021.33,1301.6,False
Maize,Rajkot,Gujarat,4,-619.71,-603.69,619.71,641.52,790.08,False
Maize,Ramananthapuram,Tamil Nadu,4,-369.4,-1316.73,2798.03,3193.03,4510.49,True
Maize,Rampur,Uttar Pradesh,4,-144.71,-74.91,253.41,348.94,517.71,False
Maize,Ranchi,Jharkhand,4,-301.41,-391.32,636.29,702.96,965.86,False
Maize,Ratlam,Madhya Pradesh,4,166.76,143.02,382.18,446.98,622.13,False
Maize,Ratnagiri,Maharashtra,4,-468.77,-600.0,1272.28,1495.5,2079.58,True
Maize,Rewa,Madhya Pradesh,3,-591.54,-475.18,591.54,636.5,830.47,False
Maize,Rohtak,Haryana,4,-3640.06,995.56,5503.5,9212.61,13321.71,True
Maize,Roopnagar / Ropar,Punjab,4,-217.66,-358.28,449.58,462.63,571.7,False
Maize,S.P.S. Nellore,Andhra Pradesh,4,395.02,380.16,672.62,795.55,1129.03,False
Maize,Sabarkantha,Gujarat,4,-407.24,-401.83,407.24,479.8,674.12,False
Maize,Sagar,Madhya Pradesh,4,103.64,206.47,317.46,339.25,428.78,False
Maize,Saharanpur,Uttar Pradesh,4,-188.58,-203.07,188.58,201.75,255.8,False
Maize,Saharsa,Bihar,4,324.38,291.18,863.5,941.77,1275.96,False
Maize,Sambalpur,Orissa,4,-223.58,-212.26,223.58,231.17,290.19,False
Maize,Sangli,Maharashtra,4,-415.5,-273.32,770.67,971.96,1402.0,False
Maize,Sangrur,Punjab,3,-622.97,-852.56,692.2,814.96,1066.67,False
Maize,Santhal Paragana / Dumka,Jharkhand,4,-108.37,-167.52,439.17,461.21,551.01,False
Maize,Saran,Bihar,4,-341.27,-38.35,414.95,692.36,1003.22,False
Maize,Satara,Maharashtra,4,-199.31,-51.29,279.26,418.76,613.4,False
Maize,Satna,Madhya Pradesh,4,-193.44,-560.52,826.17,880.61,1161.28,False
Maize,Sehore,Madhya Pradesh,4,-486.99,-437.87,486.99,554.75,785.53,False
Maize,Seoni / Shivani,Madhya Pradesh,4,-1224.99,-2039.97,2184.28,2215.86,2607.32,True
Maize,Shahabad (Now Part Of Bhojpur District),Bihar,4,43.46,80.8,227.59,241.0,284.81,False
Maize,Shahdol,Madhya Pradesh,4,-549.07,-521.74,549.07,574.08,730.36,False
Maize,Shahjahanpur,Uttar Pradesh,4,-211.97,-254.41,386.93,456.5,625.64,False
Maize,Shajapur,Madhya Pradesh,4,-721.83,-626.5,777.65,988.24,1462.36,False
Maize,Shimla,Himachal Pradesh,4,-10.01,-36.62,511.81,514.48,562.44,False
Maize,Shimoge,Karnataka,4,-256.06,-34.05,540.62,718.57,1062.32,False
Maize,Shivpuri,Madhya Pradesh,4,-447.09,-342.2,447.09,557.47,829.31,False
Maize,Sibsagar,Assam,4,12.75,200.63,499.8,610.59,865.76,False
Maize,Sidhi,Madhya Pradesh,4,-529.05,-558.2,529.05,620.28,852.85,False
Maize,Sikar,Rajasthan,4,-62.5,-250.0,437.5,515.39,675.0,False
Maize,Singhbhum,Jharkhand,4,-302.35,-264.43,302.35,386.62,568.71,False
Maize,Sirmaur,Himachal Pradesh,4,-67.54,-152.03,461.07,490.01,593.65,False
Maize,Sirohi,Rajasthan,4,305.64,31.88,360.44,634.58,915.34,False
Maize,Sitapur,Uttar Pradesh,4,-107.01,-73.91,135.73,184.86,278.04,False
Maize,Solan,Himachal Pradesh,4,-611.62,-593.93,611.62,796.68,1160.45,False
Maize,Solapur,Maharashtra,4,63.88,78.43,469.48,532.65,732.15,False
Maize,South Arcot / Cuddalore,Tamil Nadu,4,-1978.5,-1987.25,1978.5,2421.24,3477.55,True
Maize,Srikakulam,Andhra Pradesh,4,-205.67,-206.63,222.46,296.91,428.16,False
Maize,Sultanpur,Uttar Pradesh,4,-33.78,186.62,397.31,485.06,709.67,False
Maize,Sundargarh,Orissa,4,-380.76,-386.68,380.76,384.17,430.63,False
Maize,Surat,Gujarat,4,-446.61,-439.86,446.61,469.48,604.05,False
Maize,Surendranagar,Gujarat,3,-811.89,-653.98,811.89,880.66,1159.32,False
Maize,Surguja,Chhattisgarh,4,-348.22,-358.33,348.22,455.67,648.54,False
Maize,Swami Madhopur,Rajasthan,4,13.2,37.07,250.38,306.57,429.43,False
Maize,Tehri Garhwal,Uttarakhand,4,-612.02,-449.83,612.02,786.51,1179.4,False
Maize,Thane,Maharashtra,4,-1554.05,-2355.72,2020.71,2116.63,2430.1,True
Maize,Thanjavur,Tamil Nadu,4,-117.46,-1002.35,1760.97,2001.69,2826.57,True
Maize,The Nilgiris,Tamil Nadu,3,0.0,0.0,0.0,0.0,0.0,False
Maize,Thirunelveli,Tamil Nadu,3,883.13,-407.27,1717.68,2316.51,3289.89,True
Maize,Thiruvananthapuram,Kerala,4,0.0,0.0,0.0,0.0,0.0,False
Maize,Thrissur,Kerala,4,0.0,0.0,0.0,0.0,0.0,False
Maize,Tikamgarh,Madhya Pradesh,4,-673.08,-846.15,757.19,842.72,1098.17,False
Maize,Tiruchirapalli / Trichy,Tamil Nadu,3,-1807.28,-2415.92,3247.27,3520.83,4615.91,True
Maize,Tonk,Rajasthan,4,-834.74,-27.72,868.62,1676.18,2366.22,False
Maize,Tumkur,Karnataka,4,-95.26,-198.12,445.35,512.66,695.62,False
Maize,Udaipur,Rajasthan,4,232.67,186.17,266.62,347.96,522.84,False
Maize,Ujjain,Madhya Pradesh,4,-95.68,-74.04,390.51,409.14,523.91,False
Maize,Unnao,Uttar Pradesh,4,-375.87,-250.61,375.87,466.03,676.79,False
Maize,Uttar Kashi,Uttarakhand,4,-864.43,-1032.06,904.78,1038.65,1356.4,False
Maize,Uttara Kannada,Karnataka,4,-872.92,-989.1,872.92,1039.16,1420.08,False
Maize,Vadodara / Baroda,Gujarat,4,-178.56,-186.8,178.56,191.14,246.0,False
Maize,Valsad,Gujarat,4,-1056.81,-997.12,1056.81,1086.22,1329.37,True
Maize,Varanasi,Uttar Pradesh,4,-50.19,-44.97,90.66,112.81,160.33,False
Maize,Vidisha,Madhya Pradesh,4,-270.54,-201.17,386.04,491.5,732.57,False
Maize,Visakhapatnam,Andhra Pradesh,4,-714.63,-629.21,714.63,797.15,1102.79,False
Maize,Warangal,Telangana,4,-636.5,-459.5,636.5,895.42,1358.27,False
Maize,Wardha,Maharashtra,4,-281.55,-379.17,496.85,528.29,688.92,False
Maize,West Dinajpur,West Bengal,4,-714.74,-223.9,714.74,1161.76,1693.33,False
Maize,West Godavari,Andhra Pradesh,4,-649.39,-291.23,649.39,987.02,1468.8,False
Maize,Yeotmal,Maharashtra,4,-25.02,23.54,643.53,649.59,742.66,False
Wheat,24 Parganas,West Bengal,4,250.98,275.36,477.13,548.28,757.08,False
Wheat,Adilabad,Telangana,4,-675.46,217.59,1153.83,1857.97,2717.48,True
Wheat,Agra,Uttar Pradesh,4,157.73,-113.41,680.42,838.54,1228.5,True
Wheat,Ahmedabad,Gujarat,4,132.32,97.36,187.07,239.19,345.66,False
Wheat,Ahmednagar,Maharashtra,4,-153.03,-207.45,435.57,468.44,589.95,False
Wheat,Ajmer,Rajasthan,4,226.9,46.44,492.04,641.68,947.57,False
Wheat,Akola,Maharashtra,4,173.28,119.27,285.69,373.11,543.38,False
Wheat,Alappuzha,Kerala,4,0.0,0.0,0.0,0.0,0.0,False
Wheat,Aligarh,Uttar Pradesh,4,-40.0,-334.16,650.87,782.31,1069.15,True
Wheat,Allahabad,Uttar Pradesh,4,-153.58,-269.95,893.5,966.85,1223.54,True
Wheat,Almorah,Uttarakhand,4,159.25,143.43,276.55,337.19,479.75,False
Wheat,Alwar,Rajasthan,4,-46.85,-85.67,420.29,441.36,543.73,False
Wheat,Amarawati,Maharashtra,4,222.79,240.39,339.69,414.62,590.93,False
Wheat,Ambala,Haryana,4,126.36,-49.61,324.15,464.34,697.29,False
Wheat,Amreli,Gujarat,4,-21.07,31.64,237.02,290.31,424.25,False
Wheat,Amritsar,Punjab,4,130.68,-4.7,330.53,431.62,641.02,False
Wheat,Ananthapur,Andhra Pradesh,4,462.58,490.87,540.04,642.87,930.69,False
Wheat,Aurangabad,Maharashtra,4,-63.22,49.59,398.54,448.9,630.07,False
Wheat,Azamgarh,Uttar Pradesh,4,-49.64,-227.08,568.0,633.96,832.03,False
Wheat,Bahraich,Uttar Pradesh,4,-62.98,-36.57,439.98,485.05,668.17,False
Wheat,Balaghat,Madhya Pradesh,4,-428.38,-325.62,428.38,587.65,885.48,False
Wheat,Balasore,Orissa,4,-103.5,-107.19,103.5,106.27,127.69,False
Wheat,Ballia,Uttar Pradesh,4,-115.02,-156.19,681.09,750.33,1000.76,True
Wheat,Banaskantha,Gujarat,4,-66.17,-45.06,69.96,97.66,147.22,False
Wheat,Banda,Uttar Pradesh,4,121.74,55.2,781.37,817.03,1050.97,True
Wheat,Bangalore,Karnataka,4,237.5,225.0,237.5,245.66,308.33,False
Wheat,Bankura,West Bengal,4,-188.11,-325.72,360.45,367.17,430.51,False
Wheat,Banswara,Rajasthan,4,44.39,6.34,122.28,176.58,268.43,False
Wheat,Barabanki,Uttar Pradesh,4,96.42,-50.99,668.58,756.28,1072.6,True
Wheat,Bareilly,Uttar Pradesh,4,-9.37,-336.5,702.84,851.53,1196.29,True
Wheat,Barmer,Rajasthan,4,5.7,-29.88,182.64,204.05,282.71,False
Wheat,Bastar,Chhattisgarh,4,-125.28,-177.69,258.51,281.66,368.48,False
Wheat,Basti,Uttar Pradesh,4,-26.9,-181.53,563.1,624.54,834.04,False
Wheat,Beed,Maharashtra,4,55.25,169.4,513.01,590.09,799.15,False
Wheat,Belgaum,Karnataka,4,-282.1,-349.83,384.08,415.63,561.78,False
Wheat,Bellary,Karnataka,4,-130.93,-346.32,662.7,737.44,1012.86,True
Wheat,Betul,Madhya Pradesh,4,-172.63,-170.84,172.63,184.8,243.06,False
Wheat,Bhagalpur,Bihar,4,-38.58,-476.08,733.82,827.38,1151.12,True
Wheat,Bhandara,Maharashtra,4,-22.0,-18.02,65.81,83.72,123.98,False
Wheat,Bharatpur,Rajasthan,4,110.08,116.91,424.47,463.76,616.55,False
Wheat,Bharuch,Gujarat,4,242.94,310.66,304.97,341.0,463.03,False
Wheat,Bhatinda,Punjab,4,-77.77,-91.16,313.12,324.72,399.24,False
Wheat,Bhavnagar,Gujarat,4,215.22,60.47,337.21,485.58,712.82,False
Wheat,Bhilwara,Rajasthan,4,91.76,-142.77,531.95,700.22,1051.65,False
Wheat,Bhind,Madhya Pradesh,4,-636.11,-627.13,636.11,650.34,784.29,True
Wheat,Bidar,Karnataka,4,-23.68,-49.85,88.41,102.27,126.77,False
Wheat,Bijapur / Vijayapura,Karnataka,4,-112.9,-174.21,211.21,218.58,271.27,False
Wheat,Bijnor,Uttar Pradesh,4,151.42,33.22,387.66,470.79,681.15,False
Wheat,Bikaner,Rajasthan,4,26.02,-111.58,199.1,246.34,352.06,False
Wheat,Bilashpur,Himachal Pradesh,4,-94.92,-252.74,385.87,423.0,544.17,False
Wheat,Bilaspur,Chhattisgarh,4,-59.32,-87.64,106.6,110.63,138.38,False
Wheat,Birbhum,West Bengal,4,-16.39,-19.32,56.12,60.56,77.54,False
Wheat,Bolangir,Orissa,4,21.16,-0.29,53.85,68.97,101.71,False
Wheat,Budaun,Uttar Pradesh,4,-16.2,-267.81,606.38,715.39,984.31,True
Wheat,Buland Shahar,Uttar Pradesh,4,176.66,-157.7,630.81,842.72,1246.61,True
Wheat,Buldhana,Maharashtra,4,71.7,-29.95,315.11,359.92,506.02,False
Wheat,Bundi,Rajasthan,4,220.57,-342.25,835.17,1119.75,1641.46,True
Wheat,Burdwan,West Bengal,4,106.73,98.79,263.88,292.41,400.36,False
Wheat,Cachar,Assam,4,-82.51,-83.18,110.04,138.2,197.68,False
Wheat,Chamba,Himachal Pradesh,4,-483.83,-763.8,766.47,783.71,942.93,True
Wheat,Chamoli,Uttarakhand,4,150.12,160.47,170.08,217.62,311.04,False
Wheat,Champaran,Bihar,4,536.53,290.23,711.79,980.33,1477.0,True
Wheat,Chandrapur,Maharashtra,4,102.47,115.26,261.45,292.35,390.93,False
Wheat,Chengalpattu Mgr / Kanchipuram,Tamil Nadu,4,0.0,0.0,0.0,0.0,0.0,False
Wheat,Chhatarpur,Madhya Pradesh,4,-213.32,-173.89,356.83,440.66,640.86,False
Wheat,Chhindwara,Madhya Pradesh,4,-584.84,-412.0,584.84,682.95,971.64,True
Wheat,Chickmagalur,Karnataka,4,0.0,0.0,0.0,0.0,0.0,False
Wheat,Chitradurga,Karnataka,4,-40.43,93.41,221.58,285.26,419.46,False
Wheat,Chittoor,Andhra Pradesh,4,0.0,0.0,0.0,0.0,0.0,False
Wheat,Chittorgarh,Rajasthan,4,137.48,-16.77,490.08,565.69,799.46,False
Wheat,Churu,Rajasthan,4,-236.48,-270.31,302.76,338.81,474.28,False
Wheat,Coimbatore,Tamil Nadu,4,0.0,0.0,0.0,0.0,0.0,False
Wheat,Cooch Behar,West Bengal,4,-80.04,-131.67,474.88,587.16,829.46,False
Wheat,Cuttack,Orissa,4,-134.61,-132.28,134.61,142.2,181.5,False
Wheat,Dakshina Kannada,Karnataka,4,0.0,0.0,0.0,0.0,0.0,False
Wheat,Damoh,Madhya Pradesh,4,-621.07,-601.29,679.7,910.97,1327.43,True
Wheat,Dangs,Gujarat,4,1345.06,1397.29,1345.06,1364.23,1563.07,True
Wheat,Darbhanga,Bihar,4,302.39,86.99,596.06,777.59,1137.12,True
Wheat,Darjeeling,West Bengal,4,-312.71,66.52,438.86,756.24,1087.99,False
Wheat,Darrang,Assam,4,-62.68,-86.06,137.22,149.09,204.11,False
Wheat,Datia,Madhya Pradesh,4,-168.31,-228.77,314.73,344.68,458.94,False
Wheat,Dehradun,Uttarakhand,4,167.97,71.5,401.44,476.04,674.86,False
Wheat,Deoria,Uttar Pradesh,4,116.68,-122.28,644.99,742.0,1039.92,True
Wheat,Dewas,Madhya Pradesh,4,-808.84,-734.92,808.84,849.22,1105.46,True
Wheat,Dhanbad,Jharkhand,4,630.62,452.61,669.77,922.36,1393.75,True
Wheat,Dhar,Madhya Pradesh,4,-464.44,-349.43,483.83,648.97,957.43,False
Wheat,Dharwad,Karnataka,4,67.94,164.45,300.61,340.84,448.2,False
Wheat,Dhenkanal,Orissa,4,-25.21,-30.25,48.14,53.62,74.1,False
Wheat,Dhule,Maharashtra,4,114.79,98.7,256.13,283.59,392.23,False
Wheat,Dibrugarh,Assam,4,-49.29,-82.22,154.16,178.0,227.08,False
Wheat,Dungarpur,Rajasthan,4,-139.94,-108.3,177.49,238.21,357.38,False
Wheat,Durg,Chhattisgarh,4,-68.6,-46.52,68.6,88.64,132.82,False
Wheat,East Godavari,Andhra Pradesh,4,0.0,0.0,0.0,0.0,0.0,False
Wheat,Eranakulam,Kerala,4,-458.33,-416.67,458.33,650.85,950.0,False
Wheat,Etah,Uttar Pradesh,4,110.31,-189.4,751.4,873.12,1224.84,True
Wheat,Etawah,Uttar Pradesh,4,189.46,-125.28,767.66,991.82,1478.7,True
Wheat,Faizabad,Uttar Pradesh,4,-172.28,-317.11,630.47,720.66,954.81,True
Wheat,Farrukhabad,Uttar Pradesh,4,23.3,-335.91,957.34,1158.11,1653.6,True
Wheat,Fatehpur,Uttar Pradesh,4,190.84,4.51,741.34,825.66,1139.18,True
Wheat,Ferozpur,Punjab,4,63.14,36.31,330.87,342.91,428.07,False
Wheat,Ganganagar,Rajasthan,4,-115.83,-164.69,248.49,268.53,359.07,False
Wheat,Ganjam,Orissa,4,-37.99,-59.72,194.65,216.84,286.08,False
Wheat,Garhwal,Uttarakhand,4,12.25,82.21,171.55,200.66,283.97,False
Wheat,Gaya,Bihar,4,10.32,21.17,253.96,283.52,379.33,False
Wheat,Ghazipur,Uttar Pradesh,4,14.82,-114.2,553.7,646.14,917.9,False
Wheat,Goalpara,Assam,4,10.22,8.35,46.55,60.86,89.58,False
Wheat,Gonda,Uttar Pradesh,4,-14.65,-57.89,333.43,360.26,473.43,False
Wheat,Gorakhpur,Uttar Pradesh,4,-70.26,-225.14,806.94,865.68,1104.1,True
Wheat,Gulbarga / Kalaburagi,Karnataka,4,-187.51,-352.82,449.83,483.67,567.01,False
Wheat,Guna,Madhya Pradesh,4,-349.91,-297.59,349.91,373.27,497.59,False
Wheat,Guntur,Andhra Pradesh,4,0.0,0.0,0.0,0.0,0.0,False
Wheat,Gurdaspur,Punjab,4,94.8,-274.67,542.51,688.57,996.06,False
Wheat,Gurgaon,Haryana,4,267.96,31.99,519.2,688.54,998.32,False
Wheat,Gwalior,Madhya Pradesh,4,-371.22,-435.47,391.68,455.4,618.88,False
Wheat,Hamirpur,Uttar Pradesh,4,83.04,16.07,772.07,804.52,1031.55,True
Wheat,Hardoi,Uttar Pradesh,4,102.91,-162.41,597.38,722.27,1034.21,True
Wheat,Hassan,Karnataka,4,0.0,0.0,0.0,0.0,0.0,False
Wheat,Hazaribagh,Jharkhand,4,300.4,-139.58,703.85,1043.83,1564.27,True
Wheat,Hissar,Haryana,4,54.42,0.1,254.07,274.05,365.67,False
Wheat,Hooghly,West Bengal,4,162.04,-108.42,550.46,771.2,1165.5,False
Wheat,Hoshangabad,Madhya Pradesh,4,-288.93,-245.49,288.93,363.89,538.63,False
Wheat,Hoshiarpur,Punjab,4,204.16,55.25,296.98,458.2,679.93,False
Wheat,Howrah,West Bengal,4,225.72,225.88,411.41,488.49,687.15,False
Wheat,Hyderabad,Telangana,4,-605.27,16.38,887.49,1434.71,2097.94,True
Wheat,Indore,Madhya Pradesh,4,-588.4,-571.04,588.4,611.48,762.31,True
Wheat,Jabalpur,Madhya Pradesh,4,-529.95,-590.97,529.95,592.9,776.28,False
Wheat,Jaipur,Rajasthan,4,-211.85,-226.55,233.74,301.57,429.65,False
Wheat,Jaisalmer,Rajasthan,4,-116.87,-146.34,286.57,325.33,461.76,False
Wheat,Jalandhar,Punjab,4,105.64,-34.61,405.85,492.34,720.65,False
Wheat,Jalaun,Uttar Pradesh,4,163.6,-18.57,1184.1,1252.09,1647.51,True
Wheat,Jalgaon,Maharashtra,4,367.21,383.52,367.21,478.98,680.02,False
Wheat,Jalore,Rajasthan,4,-69.31,-50.17,81.73,110.86,167.51,False
Wheat,Jalpaiguri,West Bengal,4,-131.23,44.01,398.05,567.63,860.98,False
Wheat,Jamnagar,Gujarat,4,35.4,29.63,367.55,375.05,449.47,False
Wheat,Jaunpur,Uttar Pradesh,4,11.39,-182.17,604.6,706.01,995.31,True
Wheat,Jhabua,Madhya Pradesh,4,-300.8,-354.87,307.3,358.64,477.36,False
Wheat,Jhalawar,Rajasthan,4,-258.17,-323.82,375.33,418.61,579.4,False
Wheat,Jhansi,Uttar Pradesh,4,-12.82,-2.21,588.83,636.37,838.98,True
Wheat,Jhunjhunu,Rajasthan,4,-133.18,-238.63,267.05,273.82,318.93,False
Wheat,Jind,Haryana,4,44.5,-168.38,498.78,596.26,845.56,False
Wheat,Jodhpur,Rajasthan,4,147.13,122.15,230.28,279.04,407.66,False
Wheat,Junagadh,Gujarat,4,-28.83,15.39,133.11,157.83,228.71,False
Wheat,Kadapa Ysr,Andhra Pradesh,4,-191.23,0.88,571.74,804.45,1221.85,True
Wheat,Kalahandi,Orissa,4,-100.1,-137.6,127.12,136.27,174.59,False
Wheat,Kamrup,Assam,4,-38.81,-56.24,188.71,201.1,252.2,False
Wheat,Kangra,Himachal Pradesh,4,-162.13,-315.24,429.79,444.97,547.95,False
Wheat,Kannur,Kerala,4,0.0,0.0,0.0,0.0,0.0,False
Wheat,Kanpur,Uttar Pradesh,4,128.04,-136.31,1185.61,1321.5,1846.98,True
Wheat,Kanyakumari,Tamil Nadu,3,0.0,0.0,0.0,0.0,0.0,False
Wheat,Kapurthala,Punjab,4,158.47,46.02,476.55,547.24,770.97,False
Wheat,Karbi Anglong,Assam,4,-8.6,42.28,149.99,167.31,227.0,False
Wheat,Karimnagar,Telangana,4,-116.52,-112.5,699.85,714.85,852.92,True
Wheat,Karnal,Haryana,4,222.78,26.52,335.78,508.42,743.38,False
Wheat,Keonjhar,Orissa,4,-24.37,-22.71,87.84,110.94,163.37,False
Wheat,Khammam,Telangana,4,0.0,0.0,0.0,0.0,0.0,False
Wheat,Khandwa / East Nimar,Madhya Pradesh,4,-486.15,-570.75,680.09,765.71,1079.88,True
Wheat,Khargone / West Nimar,Madhya Pradesh,4,-395.13,-326.3,395.13,490.89,724.55,False
Wheat,Kheda,Gujarat,4,-117.18,-132.42,117.18,135.59,177.3,False
Wheat,Kheri,Uttar Pradesh,4,-104.76,-271.59,522.47,595.92,798.17,False
Wheat,Kinnaur,Himachal Pradesh,4,104.47,311.13,418.5,438.35,566.76,False
Wheat,Kodagu / Coorg,Karnataka,4,0.0,0.0,0.0,0.0,0.0,False
Wheat,Kolar,Karnataka,4,0.0,0.0,0.0,0.0,0.0,False
Wheat,Kolhapur,Maharashtra,4,87.73,88.98,88.93,108.32,153.37,False
Wheat,Kollam,Kerala,4,0.0,0.0,0.0,0.0,0.0,False
Wheat,Koraput,Orissa,4,-59.41,-48.98,81.21,102.02,150.76,False
Wheat,Kota,Rajasthan,4,-127.5,-394.8,593.46,635.55,848.04,True
Wheat,Kottayam,Kerala,4,-458.33,-416.67,458.33,650.85,950.0,False
Wheat,Kozhikode,Kerala,4,0.0,0.0,0.0,0.0,0.0,False
Wheat,Krishna,Andhra Pradesh,4,0.0,0.0,0.0,0.0,0.0,False
Wheat,Kullu,Himachal Pradesh,4,20.86,-14.55,128.1,169.35,253.48,False
Wheat,Kurnool,Andhra Pradesh,4,-124.95,122.25,590.14,730.7,1069.05,True
Wheat,Kutch,Gujarat,4,153.25,153.86,153.25,164.82,215.83,False
Wheat,Lahul & Spiti,Himachal Pradesh,4,-41.66,-111.39,319.73,384.78,539.3,False
Wheat,Lakhimpur,Assam,4,-25.51,80.32,261.36,305.05,427.44,False
Wheat,Lucknow,Uttar Pradesh,4,95.77,18.08,596.66,663.14,927.84,True
Wheat,Ludhiana,Punjab,4,155.16,60.27,351.04,409.7,587.14,False
Wheat,Madurai,Tamil Nadu,4,0.0,0.0,0.0,0.0,0.0,False
Wheat,Mahabubnagar,Telangana,4,110.14,49.15,764.86,777.79,925.0,True
Wheat,Mahendragarh / Narnaul,Haryana,4,191.64,155.52,332.69,420.81,606.16,False
Wheat,Mainpuri,Uttar Pradesh,4,38.48,-315.71,700.62,874.83,1242.6,True
Wheat,Malappuram,Kerala,4,0.0,0.0,0.0,0.0,0.0,False
Wheat,Malda,West Bengal,4,-92.93,-63.54,178.46,205.92,296.15,False
Wheat,Mandi,Himachal Pradesh,4,-221.21,-423.15,558.53,603.48,704.08,False
Wheat,Mandla,Madhya Pradesh,4,-676.34,-700.4,676.34,815.1,1148.1,True
Wheat,Mandsaur,Madhya Pradesh,4,-147.33,-146.44,209.54,262.53,381.06,False
Wheat,Mandya,Karnataka,4,0.0,0.0,0.0,0.0,0.0,False
Wheat,Mathura,Uttar Pradesh,4,102.42,-149.96,661.0,873.33,1313.96,True
Wheat,Mayurbhanja,Orissa,4,-85.85,-88.8,85.85,91.58,118.62,False
Wheat,Medak,Telangana,4,27.26,8.75,215.88,219.37,258.88,False
Wheat,Meerut,Uttar Pradesh,4,226.83,-7.56,493.67,682.78,1018.87,False
Wheat,Mehsana,Gujarat,4,95.25,128.43,144.65,154.6,206.5,False
Wheat,Midnapur,West Bengal,4,-77.17,54.33,272.67,348.09,509.67,False
Wheat,Mirzpur,Uttar Pradesh,4,19.37,10.47,520.69,521.26,548.35,False
Wheat,Moradabad,Uttar Pradesh,4,-12.13,-375.02,688.45,810.61,1142.17,True
Wheat,Morena,Madhya Pradesh,4,-374.89,-422.57,471.12,527.44,727.46,False
Wheat,Mungair,Bihar,4,296.13,55.68,695.78,831.15,1187.04,True
Wheat,Murshidabad,West Bengal,4,134.65,-18.26,359.26,534.21,813.11,False
Wheat,Muzaffarnagar,Uttar Pradesh,4,-105.58,-355.73,549.46,601.26,801.02,False
Wheat,Muzaffarpur,Bihar,4,476.59,147.84,735.01,1005.74,1490.65,True
Wheat,Mysore,Karnataka,4,0.0,0.0,0.0,0.0,0.0,False
Wheat,Nadia,West Bengal,4,931.83,368.0,1046.68,1625.46,2444.16,True
Wheat,Nagaon,Assam,4,5.09,5.28,75.2,79.06,101.03,False
Wheat,Nagaur,Rajasthan,4,-36.95,-102.18,168.48,185.79,246.09,False
Wheat,Nagpur,Maharashtra,4,-140.33,-189.31,329.46,366.17,473.68,False
Wheat,Nainital,Uttarakhand,4,-74.67,-350.75,505.01,551.82,739.84,False
Wheat,Nalgonda,Telangana,4,-250.0,0.0,350.0,608.28,900.0,False
Wheat,Nanded,Maharashtra,4,367.61,408.45,443.56,540.01,771.45,False
Wheat,Narsinghpur,Madhya Pradesh,4,-522.99,-497.9,522.99,646.28,938.21,False
Wheat,Nasik,Maharashtra,4,-67.39,-10.33,360.58,390.29,530.81,False
Wheat,Nizamabad,Telangana,4,-163.22,-265.76,532.74,598.13,823.99,False
Wheat,North Arcot / Vellore,Tamil Nadu,3,0.0,0.0,0.0,0.0,0.0,False
Wheat,North Cachar Hil / Dima Hasao,Assam,4,141.67,366.67,475.0,491.31,616.67,False
Wheat,Osmanabad,Maharashtra,4,397.83,500.85,613.19,674.5,928.66,True
Wheat,Palakkad,Kerala,4,0.0,0.0,0.0,0.0,0.0,False
Wheat,Palamau,Jharkhand,4,244.26,-7.73,492.44,774.98,1175.66,False
Wheat,Pali,Rajasthan,4,-82.43,-176.68,325.37,358.34,478.79,False
Wheat,Panchmahal,Gujarat,4,338.8,413.95,425.51,464.75,617.63,False
Wheat,Panna,Madhya Pradesh,4,-540.11,-459.54,559.0,738.67,1107.52,False
Wheat,Parbhani,Maharashtra,4,228.77,380.89,479.33,527.3,652.48,False
Wheat,Patiala,Punjab,4,76.32,-32.55,433.12,476.09,653.44,False
Wheat,Patna,Bihar,4,29.96,-17.59,504.6,514.07,616.15,False
Wheat,Phulbani ( Kandhamal ),Orissa,4,-6.67,21.53,60.73,74.23,106.02,False
Wheat,Pilibhit,Uttar Pradesh,4,-242.18,-611.13,750.34,769.62,940.25,True
Wheat,Pithorgarh,Uttarakhand,4,-76.94,-121.44,253.97,299.63,399.48,False
Wheat,Pratapgarh,Uttar Pradesh,4,120.75,-166.35,762.96,876.32,1224.12,True
Wheat,Pune,Maharashtra,4,-233.34,-393.33,429.03,439.93,526.13,False
Wheat,Puri,Orissa,4,-92.65,-20.64,128.14,200.84,294.74,False
Wheat,Purnea,Bihar,4,371.58,111.04,570.76,858.43,1283.32,False
Wheat,Purulia,West Bengal,4,220.29,113.62,289.27,400.96,604.67,False
Wheat,Rae-Bareily,Uttar Pradesh,4,5.01,-124.83,850.97,887.84,1122.25,True
Wheat,Raichur,Karnataka,4,77.91,236.64,373.3,412.41,542.3,False
Wheat,Raigad,Maharashtra,4,-158.33,83.33,341.67,516.67,760.0,False
Wheat,Raigarh,Chhattisgarh,4,-48.28,21.96,136.35,178.43,261.08,False
Wheat,Raipur,Chhattisgarh,4,-61.17,-82.64,204.05,221.42,279.22,False
Wheat,Raisen,Madhya Pradesh,4,-324.17,-254.33,324.17,359.0,492.87,False
Wheat,Rajgarh,Madhya Pradesh,4,-572.47,-717.87,614.61,692.53,873.03,True
Wheat,Rajkot,Gujarat,4,189.91,290.67,272.67,280.74,333.39,False
Wheat,Ramananthapuram,Tamil Nadu,4,0.0,0.0,0.0,0.0,0.0,False
Wheat,Rampur,Uttar Pradesh,4,-55.89,-558.54,898.69,1020.34,1417.54,True
Wheat,Ranchi,Jharkhand,4,442.2,155.26,621.18,937.47,1378.76,True
Wheat,Ratlam,Madhya Pradesh,4,-100.27,-212.41,284.74,294.76,361.83,False
Wheat,Ratnagiri,Maharashtra,4,0.0,0.0,0.0,0.0,0.0,False
Wheat,Rewa,Madhya Pradesh,3,-631.53,-602.61,767.67,938.69,1317.47,True
Wheat,Rohtak,Haryana,4,-17.06,-67.37,597.65,672.86,915.47,True
Wheat,Roopnagar / Ropar,Punjab,4,-48.9,-166.44,345.14,392.48,509.39,False
Wheat,S.P.S. Nellore,Andhra Pradesh,4,0.0,0.0,0.0,0.0,0.0,False
Wheat,Sabarkantha,Gujarat,4,60.78,101.78,133.77,140.52,173.68,False
Wheat,Sagar,Madhya Pradesh,4,-635.84,-560.17,635.84,725.27,1029.91,True
Wheat,Saharanpur,Uttar Pradesh,4,-72.92,-426.18,676.38,756.33,1038.73,True
Wheat,Saharsa,Bihar,4,112.39,141.23,349.88,385.93,497.58,False
Wheat,Sambalpur,Orissa,4,-20.0,24.8,76.26,102.79,153.64,False
Wheat,Sangli,Maharashtra,4,-187.85,-182.83,302.05,372.46,536.16,False
Wheat,Sangrur,Punjab,3,170.45,350.36,451.06,461.35,549.7,False
Wheat,Santhal Paragana / Dumka,Jharkhand,4,449.93,259.39,614.27,848.63,1250.64,True
Wheat,Saran,Bihar,4,371.97,282.28,728.86,886.05,1267.82,True
Wheat,Satara,Maharashtra,4,-61.85,-78.31,200.79,212.88,268.08,False
Wheat,Satna,Madhya Pradesh,4,-533.29,-583.46,533.29,610.16,827.69,False
Wheat,Sehore,Madhya Pradesh,4,-480.3,-507.39,480.3,498.19,608.2,False
Wheat,Seoni / Shivani,Madhya Pradesh,4,-453.75,-426.23,453.75,538.78,771.73,False
Wheat,Shahabad (Now Part Of Bhojpur District),Bihar,4,31.99,-128.47,505.85,558.13,752.68,False
Wheat,Shahdol,Madhya Pradesh,4,-271.14,-135.68,271.14,375.31,552.83,False
Wheat,Shahjahanpur,Uttar Pradesh,4,23.36,-376.36,839.87,1010.23,1472.61,True
Wheat,Shajapur,Madhya Pradesh,4,-713.52,-661.13,713.52,722.8,843.6,True
Wheat,Shimla,Himachal Pradesh,4,-254.41,-470.0,578.73,609.59,715.26,True
Wheat,Shimoge,Karnataka,4,0.0,0.0,0.0,0.0,0.0,False
Wheat,Shivpuri,Madhya Pradesh,4,-144.85,-136.26,218.86,267.73,388.02,False
Wheat,Sibsagar,Assam,4,-138.23,-204.17,338.32,379.26,480.95,False
Wheat,Sidhi,Madhya Pradesh,4,-451.84,-446.21,451.84,503.37,683.39,False
Wheat,Sikar,Rajasthan,4,-226.98,-298.62,239.89,271.5,335.97,False
Wheat,Singhbhum,Jharkhand,4,143.08,131.7,668.01,846.95,1230.28,True
Wheat,Sirmaur,Himachal Pradesh,4,146.34,417.0,592.4,624.4,817.53,True
Wheat,Sirohi,Rajasthan,4,-39.72,-142.78,250.91,286.94,384.38,False
Wheat,Sitapur,Uttar Pradesh,4,159.84,-43.78,679.0,792.52,1140.66,True
Wheat,Solan,Himachal Pradesh,4,141.65,437.42,643.08,684.98,910.39,True
Wheat,Solapur,Maharashtra,4,-110.26,-227.27,292.17,305.03,359.78,False
Wheat,South Arcot / Cuddalore,Tamil Nadu,4,0.0,0.0,0.0,0.0,0.0,False
Wheat,Srikakulam,Andhra Pradesh,4,-250.0,0.0,250.0,500.0,700.0,False
Wheat,Sultanpur,Uttar Pradesh,4,-262.74,-293.23,627.78,756.08,1055.23,True
Wheat,Sundargarh,Orissa,4,44.81,41.03,54.74,66.9,98.7,False
Wheat,Surat,Gujarat,4,318.3,299.89,318.3,431.79,626.88,False
Wheat,Surendranagar,Gujarat,4,-28.05,-20.71,111.67,118.44,153.37,False
Wheat,Surguja,Chhattisgarh,4,-51.65,-77.44,118.33,126.53,169.56,False
Wheat,Swami Madhopur,Rajasthan,4,-241.3,-225.0,300.37,386.36,557.63,False
Wheat,Tehri Garhwal,Uttarakhand,4,43.43,26.64,203.89,228.25,319.4,False
Wheat,Thane,Maharashtra,4,-865.95,-681.9,1032.61,1320.18,1928.33,True
Wheat,Thanjavur,Tamil Nadu,4,0.0,0.0,0.0,0.0,0.0,False
Wheat,The Nilgiris,Tamil Nadu,3,0.0,0.0,0.0,0.0,0.0,False
Wheat,Thirunelveli,Tamil Nadu,3,0.0,0.0,0.0,0.0,0.0,False
Wheat,Thiruvananthapuram,Kerala,4,0.0,0.0,0.0,0.0,0.0,False
Wheat,Thrissur,Kerala,4,0.0,0.0,0.0,0.0,0.0,False
Wheat,Tikamgarh,Madhya Pradesh,4,-152.04,-201.6,342.82,378.01,525.04,False
Wheat,Tiruchirapalli / Trichy,Tamil Nadu,3,0.0,0.0,0.0,0.0,0.0,False
Wheat,Tonk,Rajasthan,4,163.19,-85.09,508.96,724.52,1097.41,False
Wheat,Tumkur,Karnataka,4,-281.25,0.0,281.25,562.5,787.5,False
Wheat,Udaipur,Rajasthan,4,-37.4,-17.52,221.28,257.24,368.34,False
Wheat,Ujjain,Madhya Pradesh,4,-664.57,-674.06,664.57,733.37,988.46,True
Wheat,Unnao,Uttar Pradesh,4,94.02,-15.9,645.51,672.07,845.69,True
Wheat,Uttar Kashi,Uttarakhand,4,69.4,-3.63,111.62,179.73,267.06,False
Wheat,Uttara Kannada,Karnataka,4,0.0,0.0,0.0,0.0,0.0,False
Wheat,Vadodara / Baroda,Gujarat,4,167.83,96.41,167.83,232.7,341.55,False
Wheat,Valsad,Gujarat,4,256.85,308.07,328.99,363.06,500.27,False
Wheat,Varanasi,Uttar Pradesh,4,8.32,-147.74,798.77,855.75,1128.79,True
Wheat,Vidisha,Madhya Pradesh,4,-856.2,-789.68,856.2,979.64,1352.25,True
Wheat,Visakhapatnam,Andhra Pradesh,4,-250.0,0.0,250.0,500.0,700.0,False
Wheat,Warangal,Telangana,4,-591.52,-562.5,591.52,837.54,1206.25,True
Wheat,Wardha,Maharashtra,4,14.73,-38.66,116.29,149.11,221.16,False
Wheat,West Dinajpur,West Bengal,4,-148.85,35.47,231.94,384.58,561.68,False
Wheat,West Godavari,Andhra Pradesh,4,-175.0,0.0,175.0,350.0,490.0,False
Wheat,Yeotmal,Maharashtra,4,264.39,267.05,274.37,331.06,462.1,False
Sugarcane,24 Parganas,West Bengal,4,-549.92,-617.33,1574.49,1753.63,2312.56,False
Sugarcane,Agra,Uttar Pradesh,4,-320.17,-495.43,641.42,678.49,856.76,False
Sugarcane,Ahmedabad,Gujarat,3,142.75,121.13,142.75,155.92,206.67,False
Sugarcane,Ahmednagar,Maharashtra,4,-113.22,30.03,2365.34,2801.9,3958.72,True
Sugarcane,Ajmer,Rajasthan,3,-248.31,434.88,1717.55,2001.14,2712.83,False
Sugarcane,Akola,Maharashtra,4,-1430.46,-1794.37,1518.69,1737.53,2265.51,False
Sugarcane,Alappuzha,Kerala,4,-3080.93,-2942.16,3804.37,4613.74,6802.57,True
Sugarcane,Aligarh,Uttar Pradesh,4,-661.37,-561.99,661.37,791.9,1151.35,False
Sugarcane,Allahabad,Uttar Pradesh,4,362.04,67.73,991.98,1433.29,2178.76,False
Sugarcane,Almorah,Uttarakhand,4,340.76,327.22,340.76,349.01,426.09,False
Sugarcane,Alwar,Rajasthan,4,742.97,1418.72,2867.77,3248.86,4343.71,True
Sugarcane,Amarawati,Maharashtra,4,1188.66,1386.15,1576.97,1896.25,2670.59,False
Sugarcane,Ambala,Haryana,4,2528.28,2841.25,4090.66,4837.68,6663.22,True
Sugarcane,Amreli,Gujarat,3,-586.75,-767.71,1012.76,1104.49,1458.79,False
Sugarcane,Amritsar,Punjab,4,-718.17,-622.08,718.17,864.91,1252.03,False
Sugarcane,Ananthapur,Andhra Pradesh,4,-1917.83,-1737.49,1928.61,2490.82,3684.61,False
Sugarcane,Aurangabad,Maharashtra,4,776.16,873.18,964.11,1214.81,1711.09,False
Sugarcane,Azamgarh,Uttar Pradesh,4,191.54,105.79,214.74,313.66,476.86,False
Sugarcane,Bahraich,Uttar Pradesh,4,-185.63,-165.01,466.22,541.8,751.96,False
Sugarcane,Balaghat,Madhya Pradesh,4,2278.14,1684.33,2278.14,2829.7,4197.9,True
Sugarcane,Balasore,Orissa,4,-1969.34,-3535.8,3842.14,3874.44,4362.29,True
Sugarcane,Ballia,Uttar Pradesh,4,-94.53,-300.77,496.68,555.85,737.29,False
Sugarcane,Banaskantha,Gujarat,4,340.95,327.22,340.95,349.15,426.09,False
Sugarcane,Banda,Uttar Pradesh,4,538.18,654.54,764.8,863.88,1208.31,False
Sugarcane,Bangalore,Karnataka,4,-1573.04,-1919.17,1792.97,2072.74,2838.66,False
Sugarcane,Bankura,West Bengal,3,-3145.81,-3211.12,3145.81,3702.79,5045.83,True
Sugarcane,Banswara,Rajasthan,4,-160.63,-185.43,355.59,416.43,563.65,False
Sugarcane,Barabanki,Uttar Pradesh,4,-1003.19,-1185.21,1003.19,1151.51,1500.49,False
Sugarcane,Bareilly,Uttar Pradesh,4,-531.3,-431.1,546.05,750.12,1130.73,False
Sugarcane,Barmer,Rajasthan,4,352.38,344.5,352.38,358.59,426.09,False
Sugarcane,Bastar,Chhattisgarh,4,128.15,175.97,219.4,230.86,295.9,False
Sugarcane,Basti,Uttar Pradesh,4,-219.35,-220.4,219.35,289.18,407.85,False
Sugarcane,Beed,Maharashtra,4,1360.75,1684.23,2307.99,2501.03,3346.66,True
Sugarcane,Belgaum,Karnataka,4,-445.21,-191.25,1235.6,1550.96,2300.17,False
Sugarcane,Bellary,Karnataka,4,-597.22,-1005.57,1710.32,1854.8,2490.62,False
Sugarcane,Betul,Madhya Pradesh,4,2458.71,2423.23,2458.71,2600.6,3358.14,True
Sugarcane,Bhagalpur,Bihar,4,366.48,457.04,423.5,469.21,620.26,False
Sugarcane,Bhandara,Maharashtra,4,-165.97,-11.01,619.17,683.28,926.28,False
Sugarcane,Bharatpur,Rajasthan,4,-135.75,-120.48,980.25,1249.35,1803.11,False
Sugarcane,Bharuch,Gujarat,4,-48.41,52.82,297.55,337.06,469.14,False
Sugarcane,Bhatinda,Punjab,4,239.03,320.63,306.53,328.33,426.09,False
Sugarcane,Bhavnagar,Gujarat,3,-264.81,-201.52,264.81,282.73,364.07,False
Sugarcane,Bhilwara,Rajasthan,4,-181.19,367.67,2853.86,3067.54,4110.87,True
Sugarcane,Bhind,Madhya Pradesh,4,1753.22,1163.66,1753.22,2322.95,3390.11,False
Sugarcane,Bidar,Karnataka,4,155.61,45.69,881.72,1177.64,1744.97,False
Sugarcane,Bijapur / Vijayapura,Karnataka,4,347.72,385.52,1258.32,1309.46,1628.79,False
Sugarcane,Bijnor,Uttar Pradesh,4,-555.03,-462.31,555.03,667.14,949.94,False
Sugarcane,Bilashpur,Himachal Pradesh,4,373.78,1065.99,1738.46,1884.17,2538.31,False
Sugarcane,Bilaspur,Chhattisgarh,4,-8.32,-20.47,166.03,177.19,227.67,False
Sugarcane,Birbhum,West Bengal,4,-1013.1,-1199.32,1532.61,1678.47,2297.44,False
Sugarcane,Bolangir,Orissa,4,-330.33,-2166.32,3874.84,4370.35,6185.63,True
Sugarcane,Budaun,Uttar Pradesh,4,-537.42,-523.14,587.34,712.61,1033.5,False
Sugarcane,Buland Shahar,Uttar Pradesh,4,-428.38,-249.64,485.77,699.83,1063.96,False
Sugarcane,Buldhana,Maharashtra,4,501.54,946.67,987.27,990.98,1070.15,False
Sugarcane,Bundi,Rajasthan,4,-804.86,-152.52,1101.94,1675.94,2456.5,False
Sugarcane,Burdwan,West Bengal,4,-97.25,-56.99,697.02,951.82,1392.05,False
Sugarcane,Cachar,Assam,4,-37.45,-11.45,167.92,215.84,321.02,False
Sugarcane,Chamba,Himachal Pradesh,4,385.98,402.81,385.98,393.99,462.33,False
Sugarcane,Chamoli,Uttarakhand,4,385.98,402.81,385.98,393.99,462.33,False
Sugarcane,Champaran,Bihar,4,551.13,328.11,622.43,890.37,1340.64,False
Sugarcane,Chandrapur,Maharashtra,4,-2166.69,-861.38,3572.67,4846.8,7093.74,True
Sugarcane,Chengalpattu Mgr / Kanchipuram,Tamil Nadu,4,-347.66,-606.32,695.81,716.21,848.95,False
Sugarcane,Chhatarpur,Madhya Pradesh,4,1600.46,2131.39,2151.57,2301.01,3037.71,False
Sugarcane,Chhindwara,Madhya Pradesh,4,2733.88,2487.96,2733.88,3381.87,4956.06,True
Sugarcane,Chickmagalur,Karnataka,4,-681.19,-1040.53,1952.84,2167.46,2993.88,False
Sugarcane,Chitradurga,Karnataka,4,-1215.91,-943.18,1545.27,2027.43,3041.17,False
Sugarcane,Chittoor,Andhra Pradesh,4,-238.81,-277.98,577.92,677.59,957.71,False
Sugarcane,Chittorgarh,Rajasthan,4,391.56,450.95,434.41,512.78,718.48,False
Sugarcane,Churu,Rajasthan,4,485.96,477.81,485.96,500.97,616.21,False
Sugarcane,Coimbatore,Tamil Nadu,4,-1077.89,-1045.96,2357.03,2820.52,4112.04,True
Sugarcane,Cooch Behar,West Bengal,4,-328.4,-107.13,1143.16,1468.47,2195.37,False
Sugarcane,Cuttack,Orissa,4,-248.84,-1474.03,3472.87,4107.92,5862.26,True
Sugarcane,Dakshina Kannada,Karnataka,4,-784.74,-947.55,1526.87,1753.17,2372.94,False
Sugarcane,Damoh,Madhya Pradesh,4,1244.63,1365.07,1244.63,1365.18,1756.4,False
Sugarcane,Dangs,Gujarat,4,-1082.37,-1036.41,3367.58,4211.47,6150.08,True
Sugarcane,Darbhanga,Bihar,4,878.33,853.09,1520.6,1757.36,2434.28,False
Sugarcane,Darrang,Assam,4,446.04,323.86,446.04,536.14,769.92,False
Sugarcane,Datia,Madhya Pradesh,4,2938.49,2864.55,2938.49,3685.24,5359.75,True
Sugarcane,Dehradun,Uttarakhand,4,-190.88,-186.57,237.3,285.11,418.79,False
Sugarcane,Deoria,Uttar Pradesh,4,-232.6,-249.33,314.28,366.25,528.96,False
Sugarcane,Dewas,Madhya Pradesh,4,3020.57,1920.03,3020.57,3718.54,5389.15,True
Sugarcane,Dhanbad,Jharkhand,4,466.85,465.27,466.85,469.07,516.39,False
Sugarcane,Dhar,Madhya Pradesh,4,1239.01,1139.09,2213.92,2677.17,3832.46,True
Sugarcane,Dharwad,Karnataka,4,323.95,646.46,756.95,767.01,868.02,False
Sugarcane,Dhenkanal,Orissa,4,33.61,-1530.54,3212.13,3797.83,5532.83,True
Sugarcane,Dhule,Maharashtra,4,-759.5,-508.39,1056.48,1389.19,2083.18,False
Sugarcane,Dibrugarh,Assam,4,-157.21,-165.37,177.29,215.75,312.77,False
Sugarcane,Dungarpur,Rajasthan,4,899.38,732.53,899.38,1033.26,1469.86,False
Sugarcane,Durg,Chhattisgarh,4,494.44,568.66,550.41,636.86,887.49,False
Sugarcane,East Godavari,Andhra Pradesh,4,-354.27,-211.28,354.27,443.1,640.65,False
Sugarcane,Eranakulam,Kerala,4,-3417.11,-1617.57,3417.11,5247.37,7880.06,True
Sugarcane,Etah,Uttar Pradesh,4,-241.22,-169.11,456.56,587.37,869.34,False
Sugarcane,Etawah,Uttar Pradesh,4,-297.36,-169.52,297.36,425.45,634.28,False
Sugarcane,Faizabad,Uttar Pradesh,4,-458.73,-400.45,531.69,693.12,1037.93,False
Sugarcane,Farrukhabad,Uttar Pradesh,4,-150.17,-133.38,150.17,171.66,243.94,False
Sugarcane,Fatehpur,Uttar Pradesh,4,168.64,-247.26,877.64,1157.09,1741.84,False
Sugarcane,Ferozpur,Punjab,4,159.55,65.11,759.24,883.8,1273.49,False
Sugarcane,Ganganagar,Rajasthan,4,-79.72,-80.69,1158.26,1231.81,1601.4,False
Sugarcane,Ganjam,Orissa,4,-236.24,-2035.8,3862.21,4428.01,6313.96,True
Sugarcane,Garhwal,Uttarakhand,4,466.85,465.27,466.85,469.07,516.39,False
Sugarcane,Gaya,Bihar,4,-1426.96,-1547.11,2881.9,3446.18,4740.89,True
Sugarcane,Ghazipur,Uttar Pradesh,4,118.93,167.55,198.61,211.88,279.28,False
Sugarcane,Goalpara,Assam,4,-114.92,-121.95,114.92,117.51,137.42,False
Sugarcane,Gonda,Uttar Pradesh,4,247.28,416.56,643.92,700.74,902.48,False
Sugarcane,Gorakhpur,Uttar Pradesh,4,-13.04,-1.63,194.42,212.26,287.59,False
Sugarcane,Gulbarga / Kalaburagi,Karnataka,4,124.39,717.9,1893.49,2195.11,3011.43,False
Sugarcane,Guna,Madhya Pradesh,4,1463.81,1842.91,2123.95,2445.81,3375.98,False
Sugarcane,Guntur,Andhra Pradesh,4,-826.86,-913.08,854.02,1012.39,1405.46,False
Sugarcane,Gurdaspur,Punjab,4,-654.65,-612.69,654.65,814.13,1172.49,False
Sugarcane,Gurgaon,Haryana,4,2945.98,3568.43,3623.69,4077.19,5649.34,True
Sugarcane,Gwalior,Madhya Pradesh,4,2013.64,3389.75,3381.58,3416.39,3902.01,True
Sugarcane,Hamirpur,Uttar Pradesh,4,687.93,711.91,741.58,916.05,1328.78,False
Sugarcane,Hardoi,Uttar Pradesh,4,-443.09,-387.72,462.23,629.93,938.97,False
Sugarcane,Hassan,Karnataka,4,-2525.87,-3290.83,4005.3,4307.05,5807.51,True
Sugarcane,Hazaribagh,Jharkhand,4,1502.05,1569.42,1834.48,2191.03,3190.66,False
Sugarcane,Hissar,Haryana,4,3216.86,2375.89,3216.86,4180.71,6282.81,True
Sugarcane,Hooghly,West Bengal,4,940.46,930.68,5344.49,6873.62,9943.41,True
Sugarcane,Hoshangabad,Madhya Pradesh,4,1389.55,1361.28,1531.39,1979.27,2903.19,False
Sugarcane,Hoshiarpur,Punjab,4,-813.49,-548.41,871.74,1233.65,1872.84,False
Sugarcane,Hyderabad,Telangana,4,-543.24,-366.79,1539.14,1655.04,2236.82,False
Sugarcane,Indore,Madhya Pradesh,4,1589.55,2244.26,2998.3,3199.88,4163.82,True
Sugarcane,Jabalpur,Madhya Pradesh,4,1483.44,1631.23,1956.21,2322.44,3341.29,False
Sugarcane,Jaipur,Rajasthan,4,-2019.62,-1301.69,2506.79,3480.07,5241.2,True
Sugarcane,Jaisalmer,Rajasthan,3,457.25,434.88,457.25,459.87,507.19,False
Sugarcane,Jalandhar,Punjab,4,-576.13,-113.24,841.26,1278.95,1874.77,False
Sugarcane,Jalaun,Uttar Pradesh,4,394.46,352.13,570.22,690.27,1002.01,False
Sugarcane,Jalgaon,Maharashtra,4,-743.49,-578.21,1042.62,1307.48,1934.55,False
Sugarcane,Jalore,Rajasthan,4,466.85,465.27,466.85,469.07,516.39,False
Sugarcane,Jalpaiguri,West Bengal,4,-549.26,-288.49,963.91,1247.19,1820.13,False
Sugarcane,Jaunpur,Uttar Pradesh,4,113.76,-42.53,403.06,539.93,813.9,False
Sugarcane,Jhabua,Madhya Pradesh,4,2493.34,2502.22,2493.34,2834.62,3897.05,True
Sugarcane,Jhalawar,Rajasthan,4,-38.96,310.39,1182.73,1402.02,2003.83,False
Sugarcane,Jhansi,Uttar Pradesh,4,21.39,102.47,355.51,395.73,531.65,False
Sugarcane,Jind,Haryana,4,3158.7,3594.38,3704.47,4570.76,6442.57,True
Sugarcane,Junagadh,Gujarat,4,-527.12,-840.53,1113.9,1217.27,1533.5,False
Sugarcane,Kadapa Ysr,Andhra Pradesh,4,-1276.55,-1477.92,1408.77,1650.9,2302.4,False
Sugarcane,Kalahandi,Orissa,4,-818.49,-2678.0,4072.33,4372.21,5883.08,True
Sugarcane,Kamrup,Assam,4,184.51,235.44,273.52,291.89,383.85,False
Sugarcane,Kangra,Himachal Pradesh,4,64.77,540.28,911.13,1032.77,1446.29,False
Sugarcane,Kanpur,Uttar Pradesh,4,52.77,89.53,346.36,433.57,609.59,False
Sugarcane,Kapurthala,Punjab,4,-285.7,-232.24,345.16,461.64,693.06,False
Sugarcane,Karbi Anglong,Assam,4,642.19,738.21,865.37,1036.3,1468.12,False
Sugarcane,Karimnagar,Telangana,4,1145.34,-91.78,1791.41,2828.67,4140.8,False
Sugarcane,Karnal,Haryana,4,3135.25,3043.32,4402.6,5463.78,7892.55,True
Sugarcane,Keonjhar,Orissa,4,-1840.79,-2836.08,3754.98,3912.12,5012.07,True
Sugarcane,Khammam,Telangana,4,51.78,-110.75,1302.97,1636.08,2363.33,False
Sugarcane,Khandwa / East Nimar,Madhya Pradesh,4,3866.24,4750.94,3993.07,4660.4,6145.79,True
Sugarcane,Khargone / West Nimar,Madhya Pradesh,4,2496.8,2575.99,2543.71,3065.96,4256.51,True
Sugarcane,Kheri,Uttar Pradesh,4,-639.05,-645.94,639.05,777.01,1110.18,False
Sugarcane,Kinnaur,Himachal Pradesh,4,465.71,480.06,465.71,469.72,523.77,False
Sugarcane,Kodagu / Coorg,Karnataka,4,465.71,480.06,465.71,469.72,523.77,False
Sugarcane,Kolar,Karnataka,4,971.72,362.9,5162.31,5357.83,6722.13,True
Sugarcane,Kolhapur,Maharashtra,4,-315.42,-594.36,963.66,1034.77,1347.54,False
Sugarcane,Kollam,Kerala,4,-4651.64,-5182.81,4791.7,5754.84,8041.92,True
Sugarcane,Koraput,Orissa,4,134.63,-1938.27,3520.3,4169.11,5985.33,True
Sugarcane,Kota,Rajasthan,4,-313.09,-157.88,620.54,765.28,1107.77,False
Sugarcane,Kottayam,Kerala,4,-3259.75,-1369.77,3259.75,5198.9,7780.56,True
Sugarcane,Kozhikode,Kerala,4,461.98,472.59,461.98,466.26,523.77,False
Sugarcane,Krishna,Andhra Pradesh,4,-421.06,-229.6,953.11,1183.33,1725.28,False
Sugarcane,Kullu,Himachal Pradesh,4,461.98,472.59,461.98,466.26,523.77,False
Sugarcane,Kurnool,Andhra Pradesh,4,-1370.09,-1045.22,1497.56,1979.25,2942.85,False
Sugarcane,Kutch,Gujarat,4,1555.47,2486.5,3593.96,3889.69,4951.21,True
Sugarcane,Lahul & Spiti,Himachal Pradesh,4,461.98,472.59,461.98,466.26,523.77,False
Sugarcane,Lakhimpur,Assam,4,675.47,665.7,675.47,898.2,1284.64,False
Sugarcane,Lucknow,Uttar Pradesh,4,-1432.52,-1284.59,1432.52,1485.74,1860.47,False
Sugarcane,Ludhiana,Punjab,4,30.27,-26.6,286.22,351.27,514.26,False
Sugarcane,Madurai,Tamil Nadu,4,127.95,-624.58,1913.47,2256.02,3185.23,False
Sugarcane,Mahabubnagar,Telangana,4,-173.08,-12.31,1833.83,1919.59,2483.23,False
Sugarcane,Mahendragarh / Narnaul,Haryana,4,2474.97,1700.55,2792.4,3851.83,5823.38,True
Sugarcane,Mainpuri,Uttar Pradesh,4,130.59,53.04,866.31,894.62,1113.27,False
Sugarcane,Malappuram,Kerala,4,453.89,472.59,453.89,459.96,523.77,False
Sugarcane,Malda,West Bengal,4,-307.53,-615.5,995.29,1111.06,1375.26,False
Sugarcane,Mandi,Himachal Pradesh,4,453.89,472.59,453.89,459.96,523.77,False
Sugarcane,Mandla,Madhya Pradesh,4,1982.37,1560.06,2077.22,2927.01,4411.09,False
Sugarcane,Mandsaur,Madhya Pradesh,4,453.89,472.59,453.89,459.96,523.77,False
Sugarcane,Mandya,Karnataka,4,-478.15,-480.3,631.1,800.26,1154.85,False
Sugarcane,Mathura,Uttar Pradesh,4,52.75,-75.98,788.52,829.03,1076.0,False
Sugarcane,Mayurbhanja,Orissa,4,1224.67,606.31,1224.67,1757.48,2606.39,False
Sugarcane,Medak,Telangana,4,340.48,530.77,1205.89,1290.01,1566.43,False
Sugarcane,Meerut,Uttar Pradesh,4,-882.48,-692.55,882.48,1045.59,1486.19,False
Sugarcane,Mehsana,Gujarat,4,463.56,472.59,463.56,470.23,544.27,False
Sugarcane,Midnapur,West Bengal,4,4820.6,4442.08,6107.65,7763.45,11509.66,True
Sugarcane,Mirzpur,Uttar Pradesh,4,-990.14,-1093.38,990.14,1051.73,1306.85,False
Sugarcane,Moradabad,Uttar Pradesh,4,-563.31,-383.61,563.31,738.7,1098.22,False
Sugarcane,Morena,Madhya Pradesh,4,3003.99,2897.95,3003.99,3258.33,4400.4,True
Sugarcane,Mungair,Bihar,4,163.27,177.29,409.21,449.36,601.79,False
Sugarcane,Murshidabad,West Bengal,4,-881.55,-775.65,966.99,1236.09,1845.96,False
Sugarcane,Muzaffarnagar,Uttar Pradesh,4,-798.19,-796.04,798.19,817.64,986.63,False
Sugarcane,Muzaffarpur,Bihar,4,266.24,375.05,580.31,626.39,848.53,False
Sugarcane,Mysore,Karnataka,4,-882.72,-290.37,884.87,1497.26,2211.22,False
Sugarcane,Nadia,West Bengal,4,-92.33,-85.56,3234.18,3849.19,5358.96,True
Sugarcane,Nagaon,Assam,4,-177.34,0.92,471.51,686.03,1043.97,False
Sugarcane,Nagaur,Rajasthan,4,634.62,483.62,634.62,721.24,1014.4,False
Sugarcane,Nagpur,Maharashtra,4,-340.99,-476.75,1502.01,1836.9,2575.8,False
Sugarcane,Nainital,Uttarakhand,4,-207.77,-191.7,207.77,214.2,267.25,False
Sugarcane,Nalgonda,Telangana,4,-18.59,-11.34,912.3,929.95,1101.88,False
Sugarcane,Nanded,Maharashtra,4,1086.04,1139.9,1607.09,1948.49,2805.14,False
Sugarcane,Narsinghpur,Madhya Pradesh,4,1544.17,770.04,2254.67,3158.57,4666.61,True
Sugarcane,Nasik,Maharashtra,4,176.44,279.36,528.74,590.48,807.53,False
Sugarcane,Nizamabad,Telangana,4,-327.7,-343.91,1524.75,1716.5,2366.17,False
Sugarcane,North Arcot / Vellore,Tamil Nadu,3,-256.42,427.59,914.84,1092.87,1517.52,False
Sugarcane,North Cachar Hil / Dima Hasao,Assam,4,-245.06,23.55,550.17,723.81,1053.99,False
Sugarcane,Osmanabad,Maharashtra,4,1449.42,1547.43,1866.56,2132.48,3033.58,False
Sugarcane,Palakkad,Kerala,4,-4003.75,-4401.35,4082.02,4936.27,6923.51,True
Sugarcane,Palamau,Jharkhand,4,1720.38,2622.66,3429.78,3706.04,4746.43,True
Sugarcane,Pali,Rajasthan,4,553.21,483.62,553.21,584.16,766.17,False
Sugarcane,Panchmahal,Gujarat,4,-1018.74,-1197.12,3783.25,4284.27,5843.43,True
Sugarcane,Panna,Madhya Pradesh,4,1736.41,1679.34,1736.41,1836.06,2394.38,False
Sugarcane,Parbhani,Maharashtra,4,1122.67,807.99,1685.66,2205.75,3260.26,False
Sugarcane,Patiala,Punjab,4,-266.41,-187.24,266.41,370.4,549.54,False
Sugarcane,Patna,Bihar,4,-352.68,-476.8,529.02,574.82,772.41,False
Sugarcane,Phulbani ( Kandhamal ),Orissa,4,-1642.37,-3831.17,5129.72,5311.37,6646.84,True
Sugarcane,Pilibhit,Uttar Pradesh,4,-1051.41,-1069.55,1051.41,1092.75,1361.59,False
Sugarcane,Pratapgarh,Uttar Pradesh,4,-298.26,-1064.46,1534.61,1651.58,2191.93,False
Sugarcane,Pune,Maharashtra,4,-272.68,132.02,943.75,1319.78,1997.67,False
Sugarcane,Puri,Orissa,4,-471.93,-1745.91,3730.22,4263.14,6035.36,True
Sugarcane,Purnea,Bihar,4,11.59,-70.14,341.78,381.84,528.02,False
Sugarcane,Purulia,West Bengal,4,-3126.86,-1274.7,3126.86,4891.68,7290.89,True
Sugarcane,Rae-Bareily,Uttar Pradesh,4,255.74,239.55,255.74,283.92,393.89,False
Sugarcane,Raichur,Karnataka,4,-296.88,35.84,1429.45,1702.9,2492.28,False
Sugarcane,Raigad,Maharashtra,4,661.51,638.51,661.51,669.5,770.3,False
Sugarcane,Raigarh,Chhattisgarh,4,312.39,319.08,312.39,326.15,404.11,False
Sugarcane,Raipur,Chhattisgarh,4,329.1,376.95,329.1,356.36,445.0,False
Sugarcane,Raisen,Madhya Pradesh,4,1205.02,2067.97,2505.7,2574.52,3080.25,True
Sugarcane,Rajgarh,Madhya Pradesh,3,782.24,638.74,782.24,808.22,983.52,False
Sugarcane,Rajkot,Gujarat,4,-986.48,-1139.35,1303.45,1444.19,1999.68,False
Sugarcane,Ramananthapuram,Tamil Nadu,4,188.58,-48.01,1404.76,1755.52,2583.28,False
Sugarcane,Rampur,Uttar Pradesh,4,-387.69,-345.89,425.63,582.11,860.1,False
Sugarcane,Ranchi,Jharkhand,4,2066.36,2437.94,2585.73,2948.9,4146.43,True
Sugarcane,Ratlam,Madhya Pradesh,4,2819.73,1473.05,2819.73,3908.8,5763.94,True
Sugarcane,Ratnagiri,Maharashtra,4,-538.22,-546.72,4271.59,4329.92,4990.59,True
Sugarcane,Rewa,Madhya Pradesh,3,2623.42,2055.69,2623.42,3112.85,4330.85,True
Sugarcane,Rohtak,Haryana,4,2749.59,2537.75,3440.16,4464.34,6554.63,True
Sugarcane,Roopnagar / Ropar,Punjab,4,-388.93,-443.17,494.36,573.02,816.64,False
Sugarcane,S.P.S. Nellore,Andhra Pradesh,4,-167.21,-118.31,569.77,644.13,900.99,False
Sugarcane,Sabarkantha,Gujarat,4,736.71,631.05,736.71,774.3,1006.57,False
Sugarcane,Sagar,Madhya Pradesh,4,835.82,1246.97,2339.63,2601.98,3272.91,True
Sugarcane,Saharanpur,Uttar Pradesh,4,-182.95,-147.96,200.39,277.66,416.29,False
Sugarcane,Saharsa,Bihar,4,-101.05,-158.63,255.29,275.27,369.35,False
Sugarcane,Sambalpur,Orissa,4,-844.27,-2128.82,3960.27,4375.3,5967.83,True
Sugarcane,Sangli,Maharashtra,4,-618.54,-1069.13,1110.31,1120.48,1279.56,False
Sugarcane,Sangrur,Punjab,3,-221.07,-193.5,315.15,378.8,527.36,False
Sugarcane,Santhal Paragana / Dumka,Jharkhand,4,3269.35,3005.3,3269.35,3875.65,5580.51,True
Sugarcane,Saran,Bihar,4,407.42,472.75,435.69,499.81,664.5,False
Sugarcane,Satara,Maharashtra,4,-654.28,59.66,1123.66,1705.77,2513.12,False
Sugarcane,Satna,Madhya Pradesh,4,2143.84,2211.3,2143.84,2215.77,2715.34,False
Sugarcane,Sehore,Madhya Pradesh,4,2625.16,3397.28,3309.41,3602.86,4805.25,True
Sugarcane,Seoni / Shivani,Madhya Pradesh,4,2932.8,3152.11,3004.34,3779.8,5374.16,True
Sugarcane,Shahabad (Now Part Of Bhojpur District),Bihar,4,-58.09,-702.27,1097.75,1244.83,1727.67,False
Sugarcane,Shahdol,Madhya Pradesh,4,2122.45,1529.3,2122.45,2830.89,4231.39,False
Sugarcane,Shahjahanpur,Uttar Pradesh,4,-553.98,-568.62,553.98,661.29,930.03,False
Sugarcane,Shajapur,Madhya Pradesh,4,2282.53,2056.49,2282.53,2792.71,4078.02,True
Sugarcane,Shimla,Himachal Pradesh,4,-148.29,92.4,663.4,785.83,1131.25,False
Sugarcane,Shimoge,Karnataka,4,-35.63,-129.2,424.61,451.78,565.21,False
Sugarcane,Shivpuri,Madhya Pradesh,4,1101.44,1186.46,1494.7,1708.01,2443.0,False
Sugarcane,Sibsagar,Assam,4,166.6,199.22,377.32,448.84,609.02,False
Sugarcane,Sidhi,Madhya Pradesh,4,2558.95,1785.85,2558.95,3329.85,4929.9,True
Sugarcane,Sikar,Rajasthan,4,-652.15,-411.86,652.15,842.52,1255.56,False
Sugarcane,Singhbhum,Jharkhand,4,1342.03,632.88,1342.03,1857.57,2708.96,False
Sugarcane,Sirmaur,Himachal Pradesh,4,274.04,177.04,619.58,737.26,1042.17,False
Sugarcane,Sirohi,Rajasthan,4,549.24,539.99,549.24,556.25,646.51,False
Sugarcane,Sitapur,Uttar Pradesh,4,-330.19,-354.65,337.32,417.93,594.32,False
Sugarcane,Solan,Himachal Pradesh,4,-205.66,43.36,478.64,698.97,1054.41,False
Sugarcane,Solapur,Maharashtra,4,-391.97,-654.92,2272.46,2793.95,3941.61,True
Sugarcane,South Arcot / Cuddalore,Tamil Nadu,4,-590.71,-341.32,913.48,1231.74,1821.66,False
Sugarcane,Srikakulam,Andhra Pradesh,4,-1065.76,-782.6,1246.81,1640.33,2420.98,False
Sugarcane,Sultanpur,Uttar Pradesh,4,237.08,229.64,340.21,428.39,623.56,False
Sugarcane,Sundargarh,Orissa,4,-1535.58,-3649.38,4346.88,4426.36,5275.66,True
Sugarcane,Surat,Gujarat,4,-209.94,-167.97,271.84,354.64,529.64,False
Sugarcane,Surendranagar,Gujarat,4,-859.2,-1078.02,1348.72,1448.52,1917.53,False
Sugarcane,Surguja,Chhattisgarh,4,264.9,315.02,323.15,357.72,485.27,False
Sugarcane,Swami Madhopur,Rajasthan,4,-1635.01,-1345.23,5932.75,7652.42,11290.19,True
Sugarcane,Tehri Garhwal,Uttarakhand,4,486.87,475.75,486.87,501.46,615.69,False
Sugarcane,Thane,Maharashtra,4,486.87,475.75,486.87,501.46,615.69,False
Sugarcane,Thanjavur,Tamil Nadu,4,-476.07,-239.77,1142.48,1540.8,2330.14,False
Sugarcane,Thirunelveli,Tamil Nadu,3,80.0,-2170.49,3716.05,3996.48,5211.98,True
Sugarcane,Thiruvananthapuram,Kerala,4,478.25,475.75,478.25,490.19,591.56,False
Sugarcane,Thrissur,Kerala,4,844.37,862.04,1072.22,1249.9,1804.33,False
Sugarcane,Tikamgarh,Madhya Pradesh,4,1050.11,1170.12,1346.35,1539.64,2198.15,False
Sugarcane,Tiruchirapalli / Trichy,Tamil Nadu,3,-151.15,-1509.14,1940.01,2010.52,2472.14,False
Sugarcane,Tonk,Rajasthan,4,138.28,121.63,2088.23,2170.53,2725.63,False
Sugarcane,Tumkur,Karnataka,4,-1000.95,-835.55,1063.54,1370.66,2023.88,False
Sugarcane,Udaipur,Rajasthan,4,-338.84,-446.64,929.9,1027.92,1327.98,False
Sugarcane,Ujjain,Madhya Pradesh,4,1915.61,2230.58,1915.61,2110.63,2680.25,False
Sugarcane,Unnao,Uttar Pradesh,4,-1045.81,-895.5,1045.81,1109.12,1454.44,False
Sugarcane,Uttar Kashi,Uttarakhand,4,458.71,439.9,458.71,471.05,576.75,False
Sugarcane,Uttara Kannada,Karnataka,4,2088.13,737.28,2088.13,3234.46,4710.21,False
Sugarcane,Vadodara / Baroda,Gujarat,4,-160.29,-28.38,399.66,545.24,823.89,False
Sugarcane,Valsad,Gujarat,4,99.61,51.17,139.31,196.95,289.04,False
Sugarcane,Varanasi,Uttar Pradesh,4,-229.96,-234.53,229.96,236.32,286.56,False
Sugarcane,Vidisha,Madhya Pradesh,4,1139.3,1180.74,1165.64,1403.64,1967.51,False
Sugarcane,Visakhapatnam,Andhra Pradesh,4,445.68,455.82,445.68,490.22,650.12,False
Sugarcane,Wardha,Maharashtra,4,176.73,195.58,493.34,537.43,709.61,False
Sugarcane,West Dinajpur,West Bengal,4,-1021.42,-392.77,2462.78,3317.93,4994.94,True
Sugarcane,West Godavari,Andhra Pradesh,4,-579.4,-597.14,880.01,1020.09,1457.84,False
Sugarcane,Yeotmal,Maharashtra,4,1200.2,759.91,1221.33,1804.68,2747.13,False
Rice,24 Parganas,West Bengal,4,-78.5,-102.82,105.53,117.82,159.65,False
Rice,Adilabad,Telangana,4,-72.77,20.36,170.97,253.91,383.17,False
Rice,Agra,Uttar Pradesh,4,105.74,94.58,151.19,186.17,270.28,False
Rice,Ahmedabad,Gujarat,4,-93.06,-181.81,236.77,245.89,293.45,False
Rice,Ahmednagar,Maharashtra,4,-206.87,-405.62,746.81,838.83,1091.25,True
Rice,Ajmer,Rajasthan,4,-301.19,-809.52,1051.19,1093.19,1375.71,True
Rice,Akola,Maharashtra,4,237.5,225.0,237.5,245.66,308.33,False
Rice,Alappuzha,Kerala,4,-19.4,4.06,119.13,139.08,201.28,False
Rice,Aligarh,Uttar Pradesh,4,-90.45,-99.94,156.21,189.22,265.27,False
Rice,Allahabad,Uttar Pradesh,4,117.26,107.59,404.17,422.6,540.25,False
Rice,Almorah,Uttarakhand,4,-22.11,-19.3,56.38,64.6,88.64,False
Rice,Alwar,Rajasthan,4,-223.99,-283.96,223.99,257.64,313.94,False
Rice,Amarawati,Maharashtra,4,30.85,112.64,179.15,195.63,266.04,False
Rice,Ambala,Haryana,4,-18.9,-35.11,109.74,133.96,185.46,False
Rice,Amreli,Gujarat,4,0.0,0.0,0.0,0.0,0.0,False
Rice,Amritsar,Punjab,4,-268.15,-117.85,370.51,515.71,772.73,False
Rice,Ananthapur,Andhra Pradesh,4,-223.89,-293.53,269.76,298.19,393.98,False
Rice,Aurangabad,Maharashtra,4,-99.36,0.0,139.1,241.75,357.69,False
Rice,Azamgarh,Uttar Pradesh,4,30.37,46.76,267.55,270.88,301.19,False
Rice,Bahraich,Uttar Pradesh,4,-56.25,-93.81,226.91,261.34,345.01,False
Rice,Balaghat,Madhya Pradesh,4,-241.77,-93.77,257.42,412.24,619.47,False
Rice,Balasore,Orissa,4,-418.82,-221.71,418.82,569.0,835.94,False
Rice,Ballia,Uttar Pradesh,4,59.67,3.8,345.6,367.29,485.52,False
Rice,Banaskantha,Gujarat,4,-178.12,93.75,384.38,581.25,855.0,False
Rice,Banda,Uttar Pradesh,4,-27.3,-105.51,280.09,327.97,449.63,False
Rice,Bangalore,Karnataka,4,193.8,181.91,395.86,478.76,692.07,False
Rice,Bankura,West Bengal,4,27.06,27.01,37.79,46.48,64.96,False
Rice,Banswara,Rajasthan,4,175.21,184.36,295.74,344.44,475.21,False
Rice,Barabanki,Uttar Pradesh,4,76.04,109.95,100.04,104.86,126.07,False
Rice,Bareilly,Uttar Pradesh,4,67.41,104.25,182.56,211.93,270.2,False
Rice,Barmer,Rajasthan,4,0.0,0.0,0.0,0.0,0.0,False
Rice,Bastar,Chhattisgarh,4,177.7,122.41,498.64,540.78,736.76,True
Rice,Basti,Uttar Pradesh,4,152.33,253.93,285.34,298.91,365.32,False
Rice,Beed,Maharashtra,4,75.03,102.56,273.58,309.48,413.17,False
Rice,Belgaum,Karnataka,4,-39.93,-258.0,768.12,941.6,1349.49,True
Rice,Bellary,Karnataka,4,-85.46,-118.02,177.79,194.69,258.72,False
Rice,Betul,Madhya Pradesh,4,256.97,306.32,288.84,324.83,433.62,False
Rice,Bhagalpur,Bihar,4,-162.42,-151.93,191.12,252.53,368.71,False
Rice,Bhandara,Maharashtra,4,23.85,103.94,304.29,355.12,489.68,False
Rice,Bharatpur,Rajasthan,4,-94.25,-98.2,94.25,106.34,145.18,False
Rice,Bharuch,Gujarat,4,95.39,86.02,168.03,193.91,272.53,False
Rice,Bhatinda,Punjab,4,-141.71,-145.45,176.98,205.06,292.38,False
Rice,Bhavnagar,Gujarat,4,0.0,0.0,0.0,0.0,0.0,False
Rice,Bhilwara,Rajasthan,4,-225.74,-284.95,225.74,258.73,315.8,False
Rice,Bhind,Madhya Pradesh,4,454.98,725.05,1024.69,1187.4,1484.77,True
Rice,Bidar,Karnataka,4,-176.75,-39.8,329.86,437.45,635.79,False
Rice,Bijapur / Vijayapura,Karnataka,4,-67.3,-83.52,79.65,87.92,117.34,False
Rice,Bijnor,Uttar Pradesh,4,-40.84,-30.16,56.38,72.7,108.69,False
Rice,Bikaner,Rajasthan,4,447.92,152.78,711.81,997.51,1456.95,True
Rice,Bilashpur,Himachal Pradesh,4,-18.43,36.51,84.85,110.8,162.54,False
Rice,Bilaspur,Chhattisgarh,4,76.2,139.3,337.33,361.39,426.36,False
Rice,Birbhum,West Bengal,4,-165.88,-168.93,165.88,183.03,245.78,False
Rice,Bolangir,Orissa,4,401.64,480.52,738.99,857.26,1167.41,True
Rice,Budaun,Uttar Pradesh,4,5.72,-26.29,83.2,98.55,139.92,False
Rice,Buland Shahar,Uttar Pradesh,4,-97.14,-44.68,143.47,203.39,298.68,False
Rice,Buldhana,Maharashtra,4,-83.33,0.0,116.67,202.76,300.0,False
Rice,Bundi,Rajasthan,4,-393.35,-388.39,393.35,447.25,617.14,False
Rice,Burdwan,West Bengal,4,11.37,30.06,136.26,141.6,170.86,False
Rice,Cachar,Assam,4,111.78,152.88,162.05,171.63,225.71,False
Rice,Chamba,Himachal Pradesh,4,-8.12,24.31,48.37,61.18,88.65,False
Rice,Chamoli,Uttarakhand,4,-10.18,-21.51,39.33,43.91,51.99,False
Rice,Champaran,Bihar,4,126.16,64.81,302.26,347.7,492.67,False
Rice,Chandrapur,Maharashtra,4,137.59,324.55,421.31,433.86,537.82,False
Rice,Chengalpattu Mgr / Kanchipuram,Tamil Nadu,4,285.42,274.77,419.9,514.43,742.42,False
Rice,Chhatarpur,Madhya Pradesh,4,26.12,53.25,313.48,331.92,416.26,False
Rice,Chhindwara,Madhya Pradesh,4,509.26,636.65,557.2,625.28,807.89,True
Rice,Chickmagalur,Karnataka,4,32.29,35.28,129.24,134.61,167.97,False
Rice,Chitradurga,Karnataka,4,-121.36,-249.53,277.37,279.16,307.94,False
Rice,Chittoor,Andhra Pradesh,4,-172.48,-240.33,273.58,288.69,378.68,False
Rice,Chittorgarh,Rajasthan,4,-65.32,-139.24,267.45,307.15,399.09,False
Rice,Churu,Rajasthan,4,0.0,0.0,0.0,0.0,0.0,False
Rice,Coimbatore,Tamil Nadu,4,-283.28,-437.08,876.76,985.47,1368.24,True
Rice,Cooch Behar,West Bengal,4,-169.31,-187.24,169.31,174.89,204.96,False
Rice,Cuttack,Orissa,4,-236.18,-113.57,391.91,546.05,813.75,False
Rice,Dakshina Kannada,Karnataka,4,-159.36,-177.77,160.1,197.44,275.35,False
Rice,Damoh,Madhya Pradesh,4,-334.02,-263.43,334.02,461.33,695.98,False
Rice,Dangs,Gujarat,4,-168.16,-289.36,396.93,426.51,523.3,False
Rice,Darbhanga,Bihar,4,-169.85,-211.02,285.63,312.18,424.66,False
Rice,Darjeeling,West Bengal,4,-28.21,-35.01,101.44,113.5,151.86,False
Rice,Darrang,Assam,4,-140.89,-157.3,140.89,151.98,192.82,False
Rice,Datia,Madhya Pradesh,4,-216.6,-316.86,466.22,497.46,662.12,True
Rice,Dehradun,Uttarakhand,4,19.52,2.76,88.48,105.08,153.51,False
Rice,Deoria,Uttar Pradesh,4,267.59,175.12,484.17,636.69,937.26,True
Rice,Dewas,Madhya Pradesh,4,367.09,421.18,460.89,537.92,764.79,False
Rice,Dhanbad,Jharkhand,4,477.02,286.73,544.53,778.02,1182.56,True
Rice,Dhar,Madhya Pradesh,4,162.31,391.24,621.7,685.54,878.81,True
Rice,Dharwad,Karnataka,4,223.28,372.66,560.06,627.99,777.02,True
Rice,Dhenkanal,Orissa,4,146.61,149.01,804.48,831.56,1013.18,True
Rice,Dhule,Maharashtra,4,82.46,-71.78,329.91,407.32,587.31,False
Rice,Dibrugarh,Assam,4,-55.6,-65.53,83.77,96.76,136.25,False
Rice,Dungarpur,Rajasthan,4,-55.64,-17.27,279.64,293.29,374.3,False
Rice,Durg,Chhattisgarh,4,181.17,268.09,419.56,484.85,621.62,False
Rice,East Godavari,Andhra Pradesh,4,-751.6,-815.33,751.6,767.76,874.22,True
Rice,Eranakulam,Kerala,4,-46.98,-22.05,94.11,112.87,164.06,False
Rice,Etah,Uttar Pradesh,4,190.52,77.41,299.81,409.06,602.93,False
Rice,Etawah,Uttar Pradesh,4,96.43,48.09,109.39,163.85,247.94,False
Rice,Faizabad,Uttar Pradesh,4,55.4,103.94,318.15,351.87,451.92,False
Rice,Farrukhabad,Uttar Pradesh,4,43.88,126.01,289.32,338.53,453.7,False
Rice,Fatehpur,Uttar Pradesh,4,69.04,41.44,335.84,355.02,462.38,False
Rice,Ferozpur,Punjab,4,-74.2,-73.33,123.63,151.31,216.48,False
Rice,Ganganagar,Rajasthan,4,149.35,238.58,295.07,308.78,384.04,False
Rice,Ganjam,Orissa,4,-837.59,-889.09,847.32,1064.4,1517.87,True
Rice,Garhwal,Uttarakhand,4,-105.49,-132.58,111.94,126.66,160.04,False
Rice,Gaya,Bihar,4,-154.88,-268.85,298.47,301.34,344.46,False
Rice,Ghazipur,Uttar Pradesh,4,-11.7,65.67,127.31,154.84,224.57,False
Rice,Goalpara,Assam,4,-89.48,-112.63,108.57,123.08,167.73,False
Rice,Gonda,Uttar Pradesh,4,84.93,105.94,228.02,249.73,325.4,False
Rice,Gorakhpur,Uttar Pradesh,4,59.15,47.46,185.45,237.02,351.77,False
Rice,Gulbarga / Kalaburagi,Karnataka,4,-815.42,-916.4,815.42,943.9,1258.49,True
Rice,Guna,Madhya Pradesh,4,388.5,125.4,683.47,943.83,1395.24,True
Rice,Guntur,Andhra Pradesh,4,-211.14,-433.28,520.36,533.79,611.83,True
Rice,Gurdaspur,Punjab,4,50.64,44.22,355.2,423.24,602.43,False
Rice,Gurgaon,Haryana,4,63.49,-34.56,134.45,203.1,298.96,False
Rice,Gwalior,Madhya Pradesh,4,21.3,-116.72,497.16,551.96,755.79,True
Rice,Hamirpur,Uttar Pradesh,4,-14.79,-160.79,311.21,358.64,514.11,False
Rice,Hardoi,Uttar Pradesh,4,40.91,-33.14,200.18,251.54,372.83,False
Rice,Hassan,Karnataka,4,-125.94,-256.29,456.1,520.28,657.68,False
Rice,Hazaribagh,Jharkhand,4,198.23,-47.9,415.38,623.33,933.89,False
Rice,Hissar,Haryana,4,-11.89,-11.18,116.96,120.87,150.07,False
Rice,Hooghly,West Bengal,4,-204.28,-210.83,204.28,206.44,232.58,False
Rice,Hoshangabad,Madhya Pradesh,4,-339.49,-204.28,354.43,511.08,754.83,False
Rice,Hoshiarpur,Punjab,4,-159.44,-194.86,218.68,253.51,353.41,False
Rice,Howrah,West Bengal,4,-79.13,-254.49,337.6,356.23,459.2,False
Rice,Hyderabad,Telangana,4,-318.09,-342.24,318.09,348.04,458.31,False
Rice,Indore,Madhya Pradesh,4,-566.67,0.0,566.67,1133.34,1586.67,True
Rice,Jabalpur,Madhya Pradesh,4,-380.81,-238.03,753.75,874.61,1262.55,True
Rice,Jaipur,Rajasthan,4,0.0,0.0,0.0,0.0,0.0,False
Rice,Jaisalmer,Rajasthan,4,0.0,0.0,0.0,0.0,0.0,False
Rice,Jalandhar,Punjab,4,-296.85,-334.3,296.85,335.08,444.04,False
Rice,Jalaun,Uttar Pradesh,4,33.68,-31.8,204.32,228.04,313.52,False
Rice,Jalgaon,Maharashtra,4,356.25,337.5,356.25,368.49,462.5,False
Rice,Jalore,Rajasthan,4,0.0,0.0,0.0,0.0,0.0,False
Rice,Jalpaiguri,West Bengal,4,-160.27,-181.89,163.9,199.74,277.36,False
Rice,Jamnagar,Gujarat,4,0.0,0.0,0.0,0.0,0.0,False
Rice,Jaunpur,Uttar Pradesh,4,56.19,-100.55,223.78,297.05,432.18,False
Rice,Jhabua,Madhya Pradesh,4,-144.37,-161.7,232.5,275.1,378.69,False
Rice,Jhalawar,Rajasthan,4,273.26,506.49,545.82,548.17,601.15,True
Rice,Jhansi,Uttar Pradesh,4,213.96,133.69,213.96,269.81,393.05,False
Rice,Jhunjhunu,Rajasthan,4,0.0,0.0,0.0,0.0,0.0,False
Rice,Jind,Haryana,4,-1.91,-6.49,122.61,168.92,239.8,False
Rice,Jodhpur,Rajasthan,4,0.0,0.0,0.0,0.0,0.0,False
Rice,Junagadh,Gujarat,4,593.75,562.5,593.75,614.14,770.83,True
Rice,Kadapa Ysr,Andhra Pradesh,4,-153.35,-162.58,413.76,500.87,722.6,False
Rice,Kalahandi,Orissa,4,108.38,-73.85,446.19,540.83,782.56,False
Rice,Kamrup,Assam,4,-174.05,-123.77,174.05,213.61,315.17,False
Rice,Kangra,Himachal Pradesh,4,-11.64,29.68,62.53,80.01,116.57,False
Rice,Kannur,Kerala,4,-17.28,-38.75,57.47,60.67,77.86,False
Rice,Kanpur,Uttar Pradesh,4,-96.83,-93.15,305.72,329.0,433.39,False
Rice,Kanyakumari,Tamil Nadu,3,577.65,480.6,577.65,621.21,810.64,True
Rice,Kapurthala,Punjab,4,-244.91,-260.45,256.77,303.88,419.9,False
Rice,Karbi Anglong,Assam,4,-179.28,-196.82,179.28,199.83,265.41,False
Rice,Karimnagar,Telangana,4,-43.63,46.11,255.33,298.12,425.84,False
Rice,Karnal,Haryana,4,-88.67,-6.35,221.13,270.54,387.77,False
Rice,Keonjhar,Orissa,4,-213.32,-418.87,557.47,577.87,699.18,True
Rice,Khammam,Telangana,4,-307.76,-193.0,307.76,401.25,599.16,False
Rice,Khandwa / East Nimar,Madhya Pradesh,4,315.04,299.58,347.41,436.26,645.75,False
Rice,Khargone / West Nimar,Madhya Pradesh,4,-174.5,-24.3,617.8,760.98,1127.69,True
Rice,Kheda,Gujarat,4,-160.41,-158.82,160.41,171.39,221.75,False
Rice,Kheri,Uttar Pradesh,4,-207.93,-160.27,207.93,269.35,390.71,False
Rice,Kinnaur,Himachal Pradesh,4,-263.69,-244.05,319.64,419.7,616.67,False
Rice,Kodagu / Coorg,Karnataka,4,125.53,154.85,181.84,216.94,299.43,False
Rice,Kolar,Karnataka,4,-160.06,-6.95,263.01,428.71,644.34,False
Rice,Kolhapur,Maharashtra,4,-170.96,-190.34,370.78,426.73,611.85,False
Rice,Kollam,Kerala,4,-50.65,-80.2,115.78,124.45,159.8,False
Rice,Koraput,Orissa,4,-184.63,-308.54,410.11,424.75,535.96,False
Rice,Kota,Rajasthan,4,-189.48,-185.88,189.48,214.03,294.12,False
Rice,Kottayam,Kerala,4,109.68,139.22,132.69,146.0,195.23,False
Rice,Kozhikode,Kerala,4,18.85,-29.25,73.29,98.12,144.11,False
Rice,Krishna,Andhra Pradesh,4,-179.86,-168.69,227.87,290.73,416.73,False
Rice,Kullu,Himachal Pradesh,4,-10.75,27.74,53.89,69.31,99.73,False
Rice,Kurnool,Andhra Pradesh,4,20.08,-43.01,296.94,338.39,478.37,False
Rice,Kutch,Gujarat,4,0.0,0.0,0.0,0.0,0.0,False
Rice,Lahul & Spiti,Himachal Pradesh,4,0.0,0.0,0.0,0.0,0.0,False
Rice,Lakhimpur,Assam,4,-19.57,-23.83,56.88,66.71,96.07,False
Rice,Lucknow,Uttar Pradesh,4,-181.18,-110.34,288.71,362.88,539.19,False
Rice,Ludhiana,Punjab,4,-193.2,-221.1,217.63,247.57,338.7,False
Rice,Madurai,Tamil Nadu,4,-94.77,-104.78,314.09,328.4,409.08,False
Rice,Mahabubnagar,Telangana,4,78.42,53.28,161.09,209.8,310.33,False
Rice,Mahendragarh / Narnaul,Haryana,4,348.47,246.99,361.8,497.39,742.08,False
Rice,Mainpuri,Uttar Pradesh,4,-44.88,44.28,133.09,186.32,275.51,False
Rice,Malappuram,Kerala,4,-190.05,-201.76,260.58,295.51,412.16,False
Rice,Malda,West Bengal,4,-29.78,-120.43,217.46,242.52,338.83,False
Rice,Mandi,Himachal Pradesh,4,-224.15,-267.08,290.18,335.4,471.44,False
Rice,Mandla,Madhya Pradesh,4,-848.76,-643.23,848.76,1040.78,1508.64,True
Rice,Mandsaur,Madhya Pradesh,4,-371.88,168.75,665.62,1051.88,1527.5,True
Rice,Mandya,Karnataka,4,156.77,57.66,456.01,516.42,714.83,False
Rice,Mathura,Uttar Pradesh,4,272.14,204.89,272.14,329.54,477.67,False
Rice,Mayurbhanja,Orissa,4,-173.79,-389.62,578.88,615.58,784.96,True
Rice,Medak,Telangana,4,-14.11,-21.31,278.18,341.93,479.14,False
Rice,Meerut,Uttar Pradesh,4,20.74,-12.23,90.35,115.69,172.7,False
Rice,Mehsana,Gujarat,4,32.77,66.34,232.51,275.44,372.85,False
Rice,Midnapur,West Bengal,4,-256.25,-228.95,256.25,270.78,351.15,False
Rice,Mirzpur,Uttar Pradesh,4,-89.05,-186.96,386.92,437.7,546.55,False
Rice,Moradabad,Uttar Pradesh,4,-86.71,-82.38,89.66,110.64,157.29,False
Rice,Morena,Madhya Pradesh,4,460.16,525.93,633.99,721.27,1025.33,True
Rice,Mungair,Bihar,4,-500.57,-420.41,500.57,543.22,742.23,True
Rice,Murshidabad,West Bengal,4,-257.44,-278.68,257.44,270.81,335.08,False
Rice,Muzaffarnagar,Uttar Pradesh,4,-135.23,-95.92,135.23,170.27,246.27,False
Rice,Muzaffarpur,Bihar,4,123.03,-65.18,310.85,455.41,680.72,False
Rice,Mysore,Karnataka,4,103.79,18.51,213.7,267.6,387.15,False
Rice,Nadia,West Bengal,4,-196.42,-214.68,196.42,204.18,245.14,False
Rice,Nagaon,Assam,4,-152.11,-171.99,154.66,181.62,242.22,False
Rice,Nagaur,Rajasthan,4,0.0,0.0,0.0,0.0,0.0,False
Rice,Nagpur,Maharashtra,4,-147.87,-124.18,361.39,394.75,539.9,False
Rice,Nainital,Uttarakhand,4,-234.73,-233.04,234.73,248.64,319.6,False
Rice,Nalgonda,Telangana,4,-132.11,-147.02,236.5,266.5,372.86,False
Rice,Nanded,Maharashtra,4,-477.85,-374.79,713.58,889.65,1315.91,True
Rice,Narsinghpur,Madhya Pradesh,4,-1230.5,-1131.0,1274.54,1590.53,2269.89,True
Rice,Nasik,Maharashtra,4,-417.25,-468.58,427.04,530.92,741.06,False
Rice,Nizamabad,Telangana,4,227.63,107.38,442.75,610.11,917.26,False
Rice,North Arcot / Vellore,Tamil Nadu,3,50.62,147.66,243.16,252.37,292.18,False
Rice,North Cachar Hil / Dima Hasao,Assam,4,-2.11,7.69,92.59,100.83,136.0,False
Rice,Osmanabad,Maharashtra,4,173.89,188.11,173.89,207.85,289.26,False
Rice,Palakkad,Kerala,4,46.37,-62.63,212.54,285.27,424.59,False
Rice,Palamau,Jharkhand,4,146.35,142.64,681.36,700.09,855.85,True
Rice,Pali,Rajasthan,4,0.0,0.0,0.0,0.0,0.0,False
Rice,Panchmahal,Gujarat,4,193.57,210.16,208.63,266.63,378.19,False
Rice,Panna,Madhya Pradesh,4,-574.66,-740.53,981.97,1093.1,1491.1,True
Rice,Parbhani,Maharashtra,4,181.92,212.79,187.78,218.05,290.27,False
Rice,Patiala,Punjab,4,-129.02,-139.0,150.98,188.65,270.75,False
Rice,Patna,Bihar,4,-265.04,-353.22,288.1,320.99,391.13,False
Rice,Phulbani ( Kandhamal ),Orissa,4,-112.7,-194.58,561.69,671.41,914.44,True
Rice,Pilibhit,Uttar Pradesh,4,-269.3,-350.3,310.99,341.18,435.72,False
Rice,Pithorgarh,Uttarakhand,4,10.1,11.62,31.57,34.4,44.7,False
Rice,Pratapgarh,Uttar Pradesh,4,147.04,83.43,212.62,290.99,426.07,False
Rice,Pune,Maharashtra,4,-419.56,-453.29,419.56,462.84,609.37,False
Rice,Puri,Orissa,4,-248.0,-186.07,466.33,541.35,779.62,True
Rice,Purnea,Bihar,4,140.48,233.72,284.09,301.76,372.02,False
Rice,Purulia,West Bengal,4,143.33,192.74,364.55,422.54,552.66,False
Rice,Rae-Bareily,Uttar Pradesh,4,59.54,63.07,189.29,199.39,255.1,False
Rice,Raichur,Karnataka,4,-129.94,-18.99,174.24,288.95,425.84,False
Rice,Raigad,Maharashtra,4,-110.52,-88.18,112.66,160.23,240.76,False
Rice,Raigarh,Chhattisgarh,4,-38.96,-109.96,275.35,324.22,453.56,False
Rice,Raipur,Chhattisgarh,4,-86.29,-28.39,410.15,439.11,585.28,False
Rice,Raisen,Madhya Pradesh,4,-751.83,-676.92,751.83,831.68,1147.67,True
Rice,Rajgarh,Madhya Pradesh,4,-442.62,-242.64,748.99,980.88,1434.2,True
Rice,Rajkot,Gujarat,4,0.0,0.0,0.0,0.0,0.0,False
Rice,Ramananthapuram,Tamil Nadu,4,-426.72,-109.44,732.8,960.09,1414.2,True
Rice,Rampur,Uttar Pradesh,4,-83.91,-59.69,83.91,109.73,165.06,False
Rice,Ranchi,Jharkhand,4,150.86,-80.82,400.32,580.28,872.84,False
Rice,Ratlam,Madhya Pradesh,4,643.55,740.13,644.69,760.05,1013.99,True
Rice,Ratnagiri,Maharashtra,4,-101.43,-195.96,241.22,248.46,289.24,False
Rice,Rewa,Madhya Pradesh,3,-318.58,-280.78,752.28,867.77,1190.53,True
Rice,Rohtak,Haryana,4,-119.05,-169.45,154.99,163.61,202.96,False
Rice,Roopnagar / Ropar,Punjab,4,-355.14,-407.5,401.35,468.8,658.87,False
Rice,S.P.S. Nellore,Andhra Pradesh,4,-237.14,-259.9,244.96,314.32,442.03,False
Rice,Sabarkantha,Gujarat,4,-432.46,-552.4,688.89,736.34,967.75,True
Rice,Sagar,Madhya Pradesh,4,-194.05,-389.29,417.5,419.09,446.19,False
Rice,Saharanpur,Uttar Pradesh,4,-51.4,-40.74,118.6,149.5,221.28,False
Rice,Saharsa,Bihar,4,-80.13,-110.02,139.25,147.44,192.55,False
Rice,Sambalpur,Orissa,4,458.14,498.98,572.81,712.7,1019.81,True
Rice,Sangli,Maharashtra,4,-290.36,-240.02,290.36,371.69,549.36,False
Rice,Sangrur,Punjab,3,-158.93,-149.48,158.93,160.56,182.17,False
Rice,Santhal Paragana / Dumka,Jharkhand,4,38.1,-85.07,443.45,565.16,833.75,False
Rice,Saran,Bihar,4,182.72,28.46,262.66,410.91,604.03,False
Rice,Satara,Maharashtra,4,-155.23,-200.4,187.44,203.74,264.54,False
Rice,Satna,Madhya Pradesh,4,-358.65,-202.79,434.38,612.65,898.04,False
Rice,Sehore,Madhya Pradesh,4,-446.95,-837.7,958.56,968.24,1101.89,True
Rice,Seoni / Shivani,Madhya Pradesh,4,54.52,58.07,582.44,590.73,684.92,True
Rice,Shahabad (Now Part Of Bhojpur District),Bihar,4,184.69,249.33,328.07,348.63,454.84,False
Rice,Shahdol,Madhya Pradesh,4,-162.8,-153.95,223.53,283.09,413.85,False
Rice,Shahjahanpur,Uttar Pradesh,4,-287.74,-299.63,287.74,321.74,431.51,False
Rice,Shajapur,Madhya Pradesh,4,291.96,466.07,519.35,529.95,638.69,True
Rice,Shimla,Himachal Pradesh,4,-5.22,17.98,38.57,48.13,70.52,False
Rice,Shimoge,Karnataka,4,284.51,264.6,362.11,433.78,628.89,False
Rice,Shivpuri,Madhya Pradesh,4,-706.9,-889.79,792.55,894.97,1188.99,True
Rice,Sibsagar,Assam,4,61.69,80.36,76.46,83.23,110.03,False
Rice,Sidhi,Madhya Pradesh,4,-361.48,-80.27,621.39,827.84,1214.98,True
Rice,Sikar,Rajasthan,4,0.0,0.0,0.0,0.0,0.0,False
Rice,Singhbhum,Jharkhand,4,327.5,253.05,464.35,599.39,887.5,False
Rice,Sirmaur,Himachal Pradesh,4,-51.96,-12.18,51.96,87.48,125.5,False
Rice,Sirohi,Rajasthan,4,-679.17,-500.0,970.83,1287.47,1910.0,True
Rice,Sitapur,Uttar Pradesh,4,38.91,-1.04,64.92,96.8,141.69,False
Rice,Solan,Himachal Pradesh,4,-18.35,52.07,104.82,133.13,193.08,False
Rice,Solapur,Maharashtra,4,82.75,45.59,89.18,133.88,203.16,False
Rice,South Arcot / Cuddalore,Tamil Nadu,4,-447.48,-250.49,447.48,661.97,1000.51,False
Rice,Srikakulam,Andhra Pradesh,4,-361.14,-286.58,361.14,434.61,620.02,False
Rice,Sultanpur,Uttar Pradesh,4,43.84,42.59,436.14,516.87,728.06,False
Rice,Sundargarh,Orissa,4,219.13,205.59,475.59,572.33,838.66,True
Rice,Surat,Gujarat,4,-20.23,-59.88,171.52,187.81,241.51,False
Rice,Surendranagar,Gujarat,4,14.07,-454.14,980.13,1205.54,1699.04,True
Rice,Surguja,Chhattisgarh,4,56.14,1.51,259.14,280.16,375.57,False
Rice,Swami Madhopur,Rajasthan,4,-198.73,-198.27,198.73,216.78,288.95,False
Rice,Tehri Garhwal,Uttarakhand,4,-187.21,-179.13,188.62,234.07,332.11,False
Rice,Thane,Maharashtra,4,114.65,98.01,308.08,389.77,570.66,False
Rice,Thanjavur,Tamil Nadu,4,198.78,169.39,572.59,643.13,876.9,True
Rice,The Nilgiris,Tamil Nadu,3,-6.55,-84.42,253.94,282.05,358.13,False
Rice,Thirunelveli,Tamil Nadu,3,-372.49,-571.34,666.22,705.73,903.65,True
Rice,Thiruvananthapuram,Kerala,4,-0.74,-85.69,169.08,200.72,286.16,False
Rice,Thrissur,Kerala,4,-76.14,-197.27,235.36,240.54,291.44,False
Rice,Tikamgarh,Madhya Pradesh,4,13.79,130.42,306.25,360.9,523.22,False
Rice,Tiruchirapalli / Trichy,Tamil Nadu,3,-585.6,-657.85,585.6,611.34,735.67,True
Rice,Tonk,Rajasthan,4,-1295.83,-1300.0,1295.83,1367.81,1763.33,True
Rice,Tumkur,Karnataka,4,110.67,80.3,165.02,206.21,306.25,False
Rice,Udaipur,Rajasthan,4,-9.63,-44.22,72.18,82.21,110.11,False
Rice,Ujjain,Madhya Pradesh,4,-475.0,0.0,475.0,950.0,1330.0,True
Rice,Unnao,Uttar Pradesh,4,53.5,81.35,237.13,247.93,295.49,False
Rice,Uttar Kashi,Uttarakhand,4,13.96,-0.45,46.83,53.59,74.78,False
Rice,Uttara Kannada,Karnataka,4,166.12,99.42,196.22,274.07,402.81,False
Rice,Vadodara / Baroda,Gujarat,4,-232.84,-242.62,232.84,250.0,324.88,False
Rice,Valsad,Gujarat,4,-103.24,-61.57,103.24,138.21,201.02,False
Rice,Varanasi,Uttar Pradesh,4,-137.65,-87.53,137.65,172.73,251.19,False
Rice,Vidisha,Madhya Pradesh,4,-527.34,-436.68,537.75,701.09,1025.33,True
Rice,Visakhapatnam,Andhra Pradesh,4,-380.11,-414.52,380.11,406.19,515.46,False
Rice,Warangal,Telangana,4,-126.84,-116.62,236.54,283.22,411.29,False
Rice,Wardha,Maharashtra,4,0.0,0.0,0.0,0.0,0.0,False
Rice,West Dinajpur,West Bengal,4,-80.69,-138.13,156.42,159.31,187.46,False
Rice,West Godavari,Andhra Pradesh,4,-600.47,-652.82,600.47,610.99,682.46,True
Rice,Yeotmal,Maharashtra,4,332.5,315.0,332.5,343.92,431.67,False
Sesamum,24 Parganas,West Bengal,4,-60.66,-35.3,81.21,108.32,163.44,False
Sesamum,Adilabad,Telangana,4,12.85,-23.72,66.9,87.05,129.85,False
Sesamum,Agra,Uttar Pradesh,4,10.67,57.62,84.86,92.78,126.6,False
Sesamum,Ahmedabad,Gujarat,4,-110.97,-97.14,160.21,193.71,276.82,False
Sesamum,Ahmednagar,Maharashtra,4,36.57,47.77,161.35,170.46,210.97,False
Sesamum,Ajmer,Rajasthan,4,-125.62,-85.76,125.62,162.43,241.54,False
Sesamum,Akola,Maharashtra,4,55.31,62.0,79.69,91.55,130.62,False
Sesamum,Alappuzha,Kerala,4,93.35,99.89,103.76,123.35,177.03,False
Sesamum,Aligarh,Uttar Pradesh,4,-48.04,-44.87,49.09,64.21,94.94,False
Sesamum,Allahabad,Uttar Pradesh,4,30.03,35.75,34.44,39.28,54.2,False
Sesamum,Almorah,Uttarakhand,4,-29.91,-24.89,29.91,37.93,56.22,False
Sesamum,Alwar,Rajasthan,4,50.95,59.45,63.22,71.82,101.09,False
Sesamum,Amarawati,Maharashtra,4,-21.16,-63.56,104.73,118.76,154.39,False
Sesamum,Ambala,Haryana,4,-39.58,208.33,397.92,486.29,702.5,True
Sesamum,Amreli,Gujarat,4,-118.36,-142.66,118.36,134.84,170.75,False
Sesamum,Amritsar,Punjab,4,-17.44,-28.62,27.1,27.56,31.66,False
Sesamum,Ananthapur,Andhra Pradesh,4,-55.55,0.0,55.55,111.11,155.55,False
Sesamum,Aurangabad,Maharashtra,4,90.1,59.29,95.98,136.02,205.98,False
Sesamum,Azamgarh,Uttar Pradesh,4,-41.73,-34.71,57.15,72.19,106.67,False
Sesamum,Bahraich,Uttar Pradesh,4,-56.44,-55.04,56.93,72.5,105.99,False
Sesamum,Balaghat,Madhya Pradesh,4,238.65,237.12,304.83,388.7,566.77,True
Sesamum,Balasore,Orissa,4,4.69,16.13,23.0,24.63,32.58,False
Sesamum,Ballia,Uttar Pradesh,4,0.0,0.0,0.0,0.0,0.0,False
Sesamum,Banaskantha,Gujarat,4,95.06,22.7,131.31,208.01,306.9,False
Sesamum,Banda,Uttar Pradesh,4,-66.11,-65.47,111.91,134.13,191.17,False
Sesamum,Bangalore,Karnataka,4,-193.66,-172.8,216.45,294.2,435.25,True
Sesamum,Bankura,West Bengal,4,22.36,12.45,53.6,71.38,107.66,False
Sesamum,Banswara,Rajasthan,4,-43.78,-51.8,57.32,63.28,87.53,False
Sesamum,Barabanki,Uttar Pradesh,4,-37.31,-48.55,62.55,72.43,98.38,False
Sesamum,Bareilly,Uttar Pradesh,4,18.6,18.31,18.6,20.99,29.17,False
Sesamum,Barmer,Rajasthan,4,52.18,53.43,77.24,88.52,123.56,False
Sesamum,Bastar,Chhattisgarh,4,-20.28,-40.88,70.59,77.59,100.43,False
Sesamum,Basti,Uttar Pradesh,4,-60.08,-51.4,60.08,79.31,117.8,False
Sesamum,Beed,Maharashtra,4,100.69,90.08,100.69,114.87,163.27,False
Sesamum,Belgaum,Karnataka,4,-347.91,-315.92,347.91,432.97,634.35,True
Sesamum,Bellary,Karnataka,4,-391.09,-67.9,445.73,773.49,1114.69,True
Sesamum,Betul,Madhya Pradesh,4,192.16,125.65,199.07,292.59,445.06,False
Sesamum,Bhagalpur,Bihar,4,-18.61,0.29,75.53,101.23,152.5,False
Sesamum,Bhandara,Maharashtra,4,95.94,56.52,119.99,166.48,244.92,False
Sesamum,Bharatpur,Rajasthan,4,-48.7,-45.93,50.31,70.21,101.85,False
Sesamum,Bharuch,Gujarat,4,-170.03,-195.19,179.18,215.52,299.62,False
Sesamum,Bhatinda,Punjab,4,-66.53,88.49,367.33,445.61,643.52,True
Sesamum,Bhavnagar,Gujarat,4,-196.66,-206.97,201.01,240.76,334.48,False
Sesamum,Bhilwara,Rajasthan,4,-55.59,-55.85,67.13,79.64,116.03,False
Sesamum,Bhind,Madhya Pradesh,4,110.38,109.15,110.38,121.36,164.28,False
Sesamum,Bidar,Karnataka,4,-179.56,-94.22,348.94,417.25,607.92,True
Sesamum,Bijapur / Vijayapura,Karnataka,4,-270.89,-192.04,270.89,375.98,569.78,True
Sesamum,Bijnor,Uttar Pradesh,4,-35.91,-55.36,75.0,78.49,101.23,False
Sesamum,Bikaner,Rajasthan,4,-38.4,-34.24,100.25,109.31,148.37,False
Sesamum,Bilashpur,Himachal Pradesh,4,80.28,-27.64,145.18,228.32,334.29,False
Sesamum,Bilaspur,Chhattisgarh,4,-41.05,-36.14,67.72,82.09,117.69,False
Sesamum,Birbhum,West Bengal,4,-102.08,-69.98,143.41,190.09,283.99,False
Sesamum,Bolangir,Orissa,4,12.34,13.96,12.34,12.86,15.09,False
Sesamum,Budaun,Uttar Pradesh,4,-0.93,10.69,21.94,26.44,38.21,False
Sesamum,Buland Shahar,Uttar Pradesh,4,-160.97,-170.35,160.97,180.64,244.02,False
Sesamum,Buldhana,Maharashtra,4,-14.35,-3.45,37.19,42.83,60.4,False
Sesamum,Bundi,Rajasthan,4,-16.91,-26.92,53.48,59.92,82.8,False
Sesamum,Burdwan,West Bengal,4,77.4,44.89,77.4,103.7,154.86,False
Sesamum,Cachar,Assam,4,22.54,31.37,47.67,51.81,69.46,False
Sesamum,Chamba,Himachal Pradesh,4,111.11,5.56,144.45,252.27,370.0,False
Sesamum,Chamoli,Uttarakhand,4,25.4,22.9,105.85,110.09,138.75,False
Sesamum,Champaran,Bihar,4,-1.22,-18.5,38.03,44.48,63.99,False
Sesamum,Chandrapur,Maharashtra,4,49.37,7.13,104.4,151.36,229.29,False
Sesamum,Chengalpattu Mgr / Kanchipuram,Tamil Nadu,4,-121.14,-110.92,163.21,195.99,284.69,False
Sesamum,Chhatarpur,Madhya Pradesh,4,-60.55,-18.79,84.66,129.58,191.47,False
Sesamum,Chhindwara,Madhya Pradesh,4,136.28,156.86,260.6,303.79,418.38,True
Sesamum,Chickmagalur,Karnataka,4,-181.51,-177.89,187.83,245.48,358.74,False
Sesamum,Chitradurga,Karnataka,4,20.9,62.9,93.13,101.57,131.8,False
Sesamum,Chittoor,Andhra Pradesh,4,-26.78,19.47,87.28,122.43,184.3,False
Sesamum,Chittorgarh,Rajasthan,4,-38.91,-13.44,168.41,179.29,234.42,False
Sesamum,Churu,Rajasthan,4,-50.67,0.17,118.59,162.38,243.76,False
Sesamum,Coimbatore,Tamil Nadu,4,-120.47,-138.72,121.18,149.82,205.74,False
Sesamum,Cooch Behar,West Bengal,4,3.77,5.03,9.09,10.16,14.16,False
Sesamum,Cuttack,Orissa,4,3.11,4.29,5.9,6.27,8.27,False
Sesamum,Dakshina Kannada,Karnataka,4,-205.0,-175.45,382.65,438.56,621.44,True
Sesamum,Damoh,Madhya Pradesh,4,-103.28,-80.06,103.28,120.08,172.38,False
Sesamum,Dangs,Gujarat,4,0.0,0.0,0.0,0.0,0.0,False
Sesamum,Darbhanga,Bihar,4,5.02,5.38,6.19,7.06,9.81,False
Sesamum,Darjeeling,West Bengal,4,-93.22,-68.82,93.22,123.96,186.53,False
Sesamum,Darrang,Assam,4,45.07,66.14,60.13,62.93,76.42,False
Sesamum,Datia,Madhya Pradesh,4,299.33,281.44,299.33,332.39,448.52,True
Sesamum,Dehradun,Uttarakhand,4,8.34,7.73,12.49,15.22,22.02,False
Sesamum,Deoria,Uttar Pradesh,4,-58.75,-68.89,58.75,66.23,85.46,False
Sesamum,Dewas,Madhya Pradesh,4,826.85,783.33,826.85,855.25,1073.46,True
Sesamum,Dhanbad,Jharkhand,4,-108.37,0.0,108.37,216.75,303.44,False
Sesamum,Dhar,Madhya Pradesh,4,337.62,319.85,337.62,349.22,438.32,True
Sesamum,Dharwad,Karnataka,4,-192.41,-185.86,304.94,360.69,515.6,True
Sesamum,Dhenkanal,Orissa,4,-4.95,-6.79,7.81,8.18,10.45,False
Sesamum,Dhule,Maharashtra,4,77.32,67.84,77.32,83.37,113.04,False
Sesamum,Dibrugarh,Assam,4,40.39,41.59,40.39,41.23,48.27,False
Sesamum,Dungarpur,Rajasthan,4,-79.12,-89.72,114.82,132.14,188.12,False
Sesamum,Durg,Chhattisgarh,4,-38.3,-44.99,72.7,80.99,113.07,False
Sesamum,East Godavari,Andhra Pradesh,4,35.87,55.69,66.05,68.39,85.17,False
Sesamum,Eranakulam,Kerala,4,266.29,253.43,266.29,296.53,411.11,True
Sesamum,Etah,Uttar Pradesh,4,-52.79,-47.95,52.79,70.57,104.36,False
Sesamum,Etawah,Uttar Pradesh,4,14.45,3.99,86.2,89.11,110.38,False
Sesamum,Faizabad,Uttar Pradesh,4,-68.56,-75.94,69.88,82.45,111.34,False
Sesamum,Farrukhabad,Uttar Pradesh,4,21.38,18.44,78.13,84.33,111.13,False
Sesamum,Fatehpur,Uttar Pradesh,4,16.78,51.21,86.73,95.45,129.31,False
Sesamum,Ferozpur,Punjab,4,3.19,-40.01,145.95,165.0,228.13,False
Sesamum,Ganganagar,Rajasthan,4,65.47,68.59,65.47,74.57,102.34,False
Sesamum,Ganjam,Orissa,4,23.9,24.06,23.9,24.05,26.67,False
Sesamum,Garhwal,Uttarakhand,4,69.84,89.98,80.26,88.28,113.15,False
Sesamum,Gaya,Bihar,4,4.03,7.42,20.81,24.59,33.06,False
Sesamum,Ghazipur,Uttar Pradesh,4,-53.05,-24.89,184.3,199.44,267.39,False
Sesamum,Goalpara,Assam,4,3.37,1.52,7.31,10.07,15.19,False
Sesamum,Gonda,Uttar Pradesh,4,-48.67,-39.91,49.6,70.1,104.99,False
Sesamum,Gorakhpur,Uttar Pradesh,4,-60.82,-54.15,60.82,78.61,116.63,False
Sesamum,Gulbarga / Kalaburagi,Karnataka,4,-332.07,-218.36,431.6,592.52,888.89,True
Sesamum,Guna,Madhya Pradesh,4,516.56,607.44,516.56,605.33,796.41,True
Sesamum,Guntur,Andhra Pradesh,4,126.99,136.54,126.99,148.59,205.45,False
Sesamum,Gurdaspur,Punjab,4,-42.28,-61.06,120.97,136.12,190.27,False
Sesamum,Gurgaon,Haryana,4,-34.4,-92.49,256.24,304.68,429.47,True
Sesamum,Gwalior,Madhya Pradesh,4,-53.61,-62.71,156.49,171.37,224.0,False
Sesamum,Hamirpur,Uttar Pradesh,4,-17.61,-16.73,37.49,45.57,65.66,False
Sesamum,Hardoi,Uttar Pradesh,4,-323.47,-396.79,331.33,383.7,498.6,True
Sesamum,Hassan,Karnataka,4,26.09,19.72,156.28,162.88,206.47,False
Sesamum,Hazaribagh,Jharkhand,4,-100.09,0.0,100.09,200.19,280.27,False
Sesamum,Hissar,Haryana,4,-24.26,-103.69,246.26,287.75,410.9,True
Sesamum,Hooghly,West Bengal,4,-64.25,-39.63,64.25,78.8,113.42,False
Sesamum,Hoshangabad,Madhya Pradesh,4,151.32,183.47,443.87,484.44,629.2,True
Sesamum,Hoshiarpur,Punjab,4,193.68,218.75,193.68,223.19,299.25,False
Sesamum,Howrah,West Bengal,4,-117.47,-38.34,195.47,277.4,410.79,False
Sesamum,Hyderabad,Telangana,4,74.33,45.67,75.87,111.97,170.14,False
Sesamum,Indore,Madhya Pradesh,4,0.0,0.0,0.0,0.0,0.0,False
Sesamum,Jabalpur,Madhya Pradesh,4,-80.73,-9.23,88.75,160.68,229.47,False
Sesamum,Jaipur,Rajasthan,4,-25.08,-37.25,50.99,55.07,70.91,False
Sesamum,Jaisalmer,Rajasthan,4,1.23,-42.39,76.75,90.77,129.06,False
Sesamum,Jalandhar,Punjab,4,-58.33,-97.22,322.22,393.37,555.0,True
Sesamum,Jalaun,Uttar Pradesh,4,-124.19,-83.17,124.19,169.5,254.87,False
Sesamum,Jalgaon,Maharashtra,4,102.01,92.44,102.01,127.2,184.33,False
Sesamum,Jalore,Rajasthan,4,87.91,95.56,127.07,143.81,203.48,False
Sesamum,Jalpaiguri,West Bengal,4,-66.39,-7.91,73.12,129.67,187.03,False
Sesamum,Jamnagar,Gujarat,4,-32.88,-88.74,141.32,159.85,203.09,False
Sesamum,Jaunpur,Uttar Pradesh,4,-65.72,-42.55,93.66,126.89,188.07,False
Sesamum,Jhabua,Madhya Pradesh,4,290.56,395.84,398.5,420.64,542.45,True
Sesamum,Jhalawar,Rajasthan,4,87.81,95.65,87.81,91.67,109.82,False
Sesamum,Jhansi,Uttar Pradesh,4,-22.96,-15.13,88.89,109.44,160.26,False
Sesamum,Jhunjhunu,Rajasthan,4,-21.09,-30.99,37.57,42.16,54.88,False
Sesamum,Jodhpur,Rajasthan,4,-120.19,-133.1,120.19,130.07,166.41,False
Sesamum,Junagadh,Gujarat,4,-169.31,-185.01,245.95,299.52,416.04,True
Sesamum,Kadapa Ysr,Andhra Pradesh,4,-20.51,18.84,88.81,121.08,182.73,False
Sesamum,Kalahandi,Orissa,4,20.17,14.68,23.33,31.17,46.79,False
Sesamum,Kamrup,Assam,4,-9.76,7.25,26.23,37.53,55.91,False
Sesamum,Kangra,Himachal Pradesh,4,-34.71,-5.62,40.81,69.23,100.28,False
Sesamum,Kannur,Kerala,4,-92.5,0.0,92.5,185.0,259.0,False
Sesamum,Kanpur,Uttar Pradesh,4,4.22,0.07,94.88,97.29,118.89,False
Sesamum,Kanyakumari,Tamil Nadu,3,0.0,0.0,0.0,0.0,0.0,False
Sesamum,Kapurthala,Punjab,4,0.0,0.0,0.0,0.0,0.0,False
Sesamum,Karbi Anglong,Assam,4,-10.12,-9.95,27.97,34.07,50.11,False
Sesamum,Karimnagar,Telangana,4,-94.28,-13.51,187.35,277.97,420.94,False
Sesamum,Karnal,Haryana,4,175.33,166.1,175.33,181.35,227.62,False
Sesamum,Keonjhar,Orissa,4,-17.27,-28.33,35.93,37.95,46.93,False
Sesamum,Khammam,Telangana,4,-130.84,-168.5,169.96,190.84,259.74,False
Sesamum,Khandwa / East Nimar,Madhya Pradesh,4,221.16,233.68,284.38,343.34,498.47,True
Sesamum,Khargone / West Nimar,Madhya Pradesh,4,183.87,214.45,267.7,316.0,445.8,True
Sesamum,Kheda,Gujarat,4,-170.91,-182.99,170.91,187.23,245.65,False
Sesamum,Kheri,Uttar Pradesh,4,-29.94,70.5,271.04,350.89,523.74,True
Sesamum,Kinnaur,Himachal Pradesh,4,0.0,0.0,0.0,0.0,0.0,False
Sesamum,Kodagu / Coorg,Karnataka,4,0.0,0.0,0.0,0.0,0.0,False
Sesamum,Kolar,Karnataka,4,-150.88,-109.59,150.88,200.7,301.54,False
Sesamum,Kolhapur,Maharashtra,4,-139.42,-134.62,139.42,197.29,282.69,False
Sesamum,Kollam,Kerala,4,-115.72,-20.83,165.55,265.58,394.51,False
Sesamum,Koraput,Orissa,4,2.0,0.42,4.22,6.22,9.46,False
Sesamum,Kota,Rajasthan,4,-42.29,-27.79,51.71,71.52,108.22,False
Sesamum,Kottayam,Kerala,4,0.0,0.0,0.0,0.0,0.0,False
Sesamum,Kozhikode,Kerala,4,-78.06,0.0,78.06,156.11,218.55,False
Sesamum,Krishna,Andhra Pradesh,4,-2.18,36.6,97.23,118.55,174.25,False
Sesamum,Kullu,Himachal Pradesh,4,0.0,0.0,0.0,0.0,0.0,False
Sesamum,Kurnool,Andhra Pradesh,4,115.83,148.26,144.29,159.43,215.18,False
Sesamum,Kutch,Gujarat,4,54.32,2.92,113.4,160.27,240.74,False
Sesamum,Lahul & Spiti,Himachal Pradesh,4,0.0,0.0,0.0,0.0,0.0,False
Sesamum,Lakhimpur,Assam,4,-112.49,-83.98,112.49,136.21,200.55,False
Sesamum,Lucknow,Uttar Pradesh,4,-219.99,-234.92,219.99,272.58,382.1,True
Sesamum,Ludhiana,Punjab,4,0.0,0.0,0.0,0.0,0.0,False
Sesamum,Madurai,Tamil Nadu,4,-11.27,-2.87,225.06,227.49,262.95,True
Sesamum,Mahabubnagar,Telangana,4,48.48,12.36,87.88,130.54,197.23,False
Sesamum,Mahendragarh / Narnaul,Haryana,4,-185.0,-91.89,404.98,541.61,810.23,True
Sesamum,Mainpuri,Uttar Pradesh,4,10.31,58.81,87.4,95.88,131.27,False
Sesamum,Malappuram,Kerala,4,52.24,74.46,78.5,83.02,108.01,False
Sesamum,Malda,West Bengal,4,-70.02,-67.57,86.82,105.24,155.12,False
Sesamum,Mandi,Himachal Pradesh,4,-316.42,-359.03,459.28,542.07,770.83,True
Sesamum,Mandla,Madhya Pradesh,4,14.85,-69.39,137.01,168.12,244.26,False
Sesamum,Mandsaur,Madhya Pradesh,4,236.25,336.22,361.74,379.74,492.12,True
Sesamum,Mandya,Karnataka,4,-61.21,-112.91,140.18,143.22,171.25,False
Sesamum,Mathura,Uttar Pradesh,4,14.04,58.21,87.7,95.0,129.23,False
Sesamum,Mayurbhanja,Orissa,4,-28.59,-29.38,35.71,43.82,63.97,False
Sesamum,Medak,Telangana,4,-8.92,-58.56,120.72,141.26,190.27,False
Sesamum,Meerut,Uttar Pradesh,4,-48.62,25.59,104.92,158.66,233.39,False
Sesamum,Mehsana,Gujarat,4,-22.91,7.53,157.22,181.83,261.58,False
Sesamum,Midnapur,West Bengal,4,-28.87,-36.01,53.98,59.78,80.64,False
Sesamum,Mirzpur,Uttar Pradesh,4,29.48,44.81,52.76,57.06,73.29,False
Sesamum,Moradabad,Uttar Pradesh,4,-60.28,-55.36,60.28,76.22,111.84,False
Sesamum,Morena,Madhya Pradesh,4,-11.63,35.73,97.82,123.82,183.5,False
Sesamum,Mungair,Bihar,4,-66.67,-62.5,79.17,104.91,154.17,False
Sesamum,Murshidabad,West Bengal,4,14.08,-6.43,51.03,69.88,105.61,False
Sesamum,Muzaffarnagar,Uttar Pradesh,4,-78.62,-53.08,161.96,210.11,312.5,False
Sesamum,Muzaffarpur,Bihar,4,31.68,8.23,42.62,64.64,95.05,False
Sesamum,Mysore,Karnataka,4,-113.43,-122.41,117.63,143.58,204.13,False
Sesamum,Nadia,West Bengal,4,15.48,13.87,113.89,114.98,131.24,False
Sesamum,Nagaon,Assam,4,18.0,-4.99,63.93,81.17,120.92,False
Sesamum,Nagaur,Rajasthan,4,-44.31,-24.7,56.57,79.2,115.7,False
Sesamum,Nagpur,Maharashtra,4,76.71,85.65,138.1,160.59,222.22,False
Sesamum,Nainital,Uttarakhand,4,62.27,56.95,83.56,105.5,154.17,False
Sesamum,Nalgonda,Telangana,4,15.37,21.38,52.59,55.61,68.51,False
Sesamum,Nanded,Maharashtra,4,12.51,26.52,87.07,107.11,148.22,False
Sesamum,Narsinghpur,Madhya Pradesh,4,170.82,211.83,427.85,479.51,632.88,True
Sesamum,Nasik,Maharashtra,4,66.65,73.19,204.18,219.59,286.31,False
Sesamum,Nizamabad,Telangana,4,-243.14,-197.2,308.49,396.6,593.22,True
Sesamum,North Arcot / Vellore,Tamil Nadu,3,-29.46,-100.03,167.96,174.76,205.42,False
Sesamum,North Cachar Hil / Dima Hasao,Assam,4,54.02,86.47,98.39,103.21,128.62,False
Sesamum,Osmanabad,Maharashtra,4,79.99,93.98,79.99,94.91,127.26,False
Sesamum,Palakkad,Kerala,4,-88.48,-32.73,88.48,147.91,221.57,False
Sesamum,Palamau,Jharkhand,4,-88.43,0.0,88.43,176.85,247.6,False
Sesamum,Pali,Rajasthan,4,-2.92,-18.07,54.9,64.34,89.59,False
Sesamum,Panchmahal,Gujarat,4,-46.96,-72.3,83.39,88.43,112.54,False
Sesamum,Panna,Madhya Pradesh,4,49.99,47.58,123.79,146.44,204.89,False
Sesamum,Parbhani,Maharashtra,4,88.57,63.11,95.35,132.59,201.13,False
Sesamum,Patiala,Punjab,4,0.0,0.0,0.0,0.0,0.0,False
Sesamum,Patna,Bihar,4,-385.0,-503.33,518.33,553.58,730.0,True
Sesamum,Phulbani ( Kandhamal ),Orissa,4,-2.22,-1.95,7.05,7.49,9.85,False
Sesamum,Pilibhit,Uttar Pradesh,4,-18.68,-29.21,43.07,45.62,60.19,False
Sesamum,Pithorgarh,Uttarakhand,4,34.15,4.95,46.25,74.92,109.73,False
Sesamum,Pratapgarh,Uttar Pradesh,4,20.49,54.4,81.26,86.13,113.49,False
Sesamum,Pune,Maharashtra,4,42.78,12.42,143.23,160.84,223.49,False
Sesamum,Puri,Orissa,4,-24.88,-24.6,24.88,27.03,35.65,False
Sesamum,Purnea,Bihar,4,-3.9,1.59,19.12,26.58,40.07,False
Sesamum,Purulia,West Bengal,4,-188.09,-175.21,188.09,201.47,265.08,False
Sesamum,Rae-Bareily,Uttar Pradesh,4,-204.1,-211.82,204.1,255.78,363.31,False
Sesamum,Raichur,Karnataka,4,-19.23,18.74,286.02,375.37,548.25,True
Sesamum,Raigad,Maharashtra,4,32.06,39.58,185.36,188.44,217.73,False
Sesamum,Raigarh,Chhattisgarh,4,-75.83,-91.68,106.35,115.69,157.46,False
Sesamum,Raipur,Chhattisgarh,4,-49.07,-72.29,89.36,93.34,118.55,False
Sesamum,Raisen,Madhya Pradesh,4,339.29,321.43,339.29,350.94,440.48,True
Sesamum,Rajgarh,Madhya Pradesh,4,246.67,187.32,271.21,357.08,523.18,True
Sesamum,Rajkot,Gujarat,4,-213.71,-229.78,213.71,224.37,278.48,True
Sesamum,Ramananthapuram,Tamil Nadu,4,-139.54,-13.16,254.94,364.87,542.12,True
Sesamum,Rampur,Uttar Pradesh,4,61.11,61.61,157.64,172.02,231.25,False
Sesamum,Ranchi,Jharkhand,4,-148.87,0.0,148.87,297.74,416.84,False
Sesamum,Ratlam,Madhya Pradesh,4,545.76,667.03,615.37,688.61,914.08,True
Sesamum,Ratnagiri,Maharashtra,4,2.47,-27.12,139.99,160.37,225.21,False
Sesamum,Rewa,Madhya Pradesh,3,-38.59,19.86,110.05,138.72,195.84,False
Sesamum,Rohtak,Haryana,4,34.9,42.31,194.32,208.66,272.44,False
Sesamum,Roopnagar / Ropar,Punjab,4,204.58,229.17,274.58,324.87,465.0,True
Sesamum,S.P.S. Nellore,Andhra Pradesh,4,63.06,42.39,63.06,80.84,118.13,False
Sesamum,Sabarkantha,Gujarat,4,-189.8,-188.69,189.8,205.06,270.34,False
Sesamum,Sagar,Madhya Pradesh,4,-99.73,-94.49,120.62,157.78,230.15,False
Sesamum,Saharanpur,Uttar Pradesh,4,-43.61,-43.05,43.61,45.04,55.56,False
Sesamum,Saharsa,Bihar,4,1.81,2.33,4.92,5.8,8.04,False
Sesamum,Sambalpur,Orissa,4,7.02,9.24,9.66,10.31,13.68,False
Sesamum,Sangli,Maharashtra,4,-89.36,55.0,322.69,405.62,593.86,True
Sesamum,Sangrur,Punjab,3,0.0,0.0,0.0,0.0,0.0,False
Sesamum,Santhal Paragana / Dumka,Jharkhand,4,-116.54,0.0,116.54,233.07,326.31,False
Sesamum,Saran,Bihar,4,95.92,96.43,95.92,96.56,106.94,False
Sesamum,Satara,Maharashtra,4,-24.17,-52.5,120.0,132.64,164.17,False
Sesamum,Satna,Madhya Pradesh,4,-155.95,-206.16,175.94,194.24,244.88,False
Sesamum,Sehore,Madhya Pradesh,4,271.19,342.45,324.92,355.79,469.28,True
Sesamum,Seoni / Shivani,Madhya Pradesh,4,192.98,193.64,193.62,253.3,366.6,False
Sesamum,Shahabad (Now Part Of Bhojpur District),Bihar,4,365.52,397.92,458.23,563.66,809.08,True
Sesamum,Shahdol,Madhya Pradesh,4,31.97,34.32,39.54,49.78,71.36,False
Sesamum,Shahjahanpur,Uttar Pradesh,4,-8.71,0.05,38.72,41.81,55.54,False
Sesamum,Shajapur,Madhya Pradesh,4,-76.87,-26.74,256.47,327.9,489.8,True
Sesamum,Shimla,Himachal Pradesh,4,80.09,113.89,211.57,240.86,308.33,True
Sesamum,Shimoge,Karnataka,4,-38.89,7.41,492.59,508.58,637.78,True
Sesamum,Shivpuri,Madhya Pradesh,4,114.05,109.85,131.47,163.98,242.55,False
Sesamum,Sibsagar,Assam,4,-18.83,-17.97,18.83,23.73,34.69,False
Sesamum,Sidhi,Madhya Pradesh,4,78.51,105.88,89.56,97.96,119.26,False
Sesamum,Sikar,Rajasthan,4,-27.1,-40.45,43.41,45.51,58.09,False
Sesamum,Singhbhum,Jharkhand,4,-122.65,0.0,122.65,245.3,343.42,False
Sesamum,Sirmaur,Himachal Pradesh,4,103.15,-8.4,146.85,252.62,371.18,False
Sesamum,Sirohi,Rajasthan,4,91.06,65.68,123.91,159.99,232.39,False
Sesamum,Sitapur,Uttar Pradesh,4,-155.25,-39.26,193.34,313.45,455.92,False
Sesamum,Solan,Himachal Pradesh,4,-21.83,-2.93,96.21,104.23,140.34,False
Sesamum,Solapur,Maharashtra,4,-52.17,-26.56,85.5,117.54,175.56,False
Sesamum,South Arcot / Cuddalore,Tamil Nadu,4,-138.75,-92.64,157.82,222.41,337.58,False
Sesamum,Srikakulam,Andhra Pradesh,4,-31.74,-31.09,31.74,32.5,39.39,False
Sesamum,Sultanpur,Uttar Pradesh,4,-44.08,-44.38,45.17,60.14,86.66,False
Sesamum,Sundargarh,Orissa,4,47.64,48.12,47.64,52.36,70.77,False
Sesamum,Surat,Gujarat,4,-63.92,-38.06,83.55,117.24,175.52,False
Sesamum,Surendranagar,Gujarat,4,293.79,292.92,293.79,313.43,410.53,True
Sesamum,Surguja,Chhattisgarh,4,-24.37,-12.84,54.11,72.66,109.73,False
Sesamum,Swami Madhopur,Rajasthan,4,-32.7,-43.69,53.81,57.0,74.7,False
Sesamum,Tehri Garhwal,Uttarakhand,4,-39.71,-42.47,39.71,45.69,62.52,False
Sesamum,Thane,Maharashtra,4,-9.34,-9.88,163.18,163.48,173.62,False
Sesamum,Thanjavur,Tamil Nadu,4,-63.17,-93.06,128.93,136.3,178.11,False
Sesamum,The Nilgiris,Tamil Nadu,3,0.0,0.0,0.0,0.0,0.0,False
Sesamum,Thirunelveli,Tamil Nadu,3,-138.02,-154.75,203.19,231.66,316.6,False
Sesamum,Thiruvananthapuram,Kerala,4,-1834.82,-428.57,1834.82,3269.28,4794.64,True
Sesamum,Thrissur,Kerala,4,-44.7,0.0,44.7,89.41,125.17,False
Sesamum,Tikamgarh,Madhya Pradesh,4,34.64,60.91,80.74,83.81,103.91,False
Sesamum,Tiruchirapalli / Trichy,Tamil Nadu,3,-180.09,-222.67,216.29,252.21,342.05,True
Sesamum,Tonk,Rajasthan,4,-88.32,-114.32,110.38,119.67,158.11,False
Sesamum,Tumkur,Karnataka,4,-59.1,-20.11,243.52,308.24,457.96,True
Sesamum,Udaipur,Rajasthan,4,-58.39,-73.84,84.74,97.12,133.92,False
Sesamum,Ujjain,Madhya Pradesh,4,145.5,262.5,311.44,316.58,371.79,True
Sesamum,Unnao,Uttar Pradesh,4,-16.03,-7.93,24.43,34.51,50.58,False
Sesamum,Uttar Kashi,Uttarakhand,4,-32.02,-29.77,32.02,34.0,44.85,False
Sesamum,Uttara Kannada,Karnataka,4,-250.0,0.0,250.0,500.0,700.0,True
Sesamum,Vadodara / Baroda,Gujarat,4,-52.91,-65.36,58.4,66.97,90.05,False
Sesamum,Valsad,Gujarat,4,-115.74,0.0,162.04,281.61,416.67,False
Sesamum,Varanasi,Uttar Pradesh,4,-39.26,-54.57,59.33,61.92,78.89,False
Sesamum,Vidisha,Madhya Pradesh,4,372.62,471.43,448.02,490.02,646.03,True
Sesamum,Visakhapatnam,Andhra Pradesh,4,-27.88,-27.0,27.88,31.37,43.06,False
Sesamum,Warangal,Telangana,4,101.48,95.88,138.91,164.49,236.73,False
Sesamum,Wardha,Maharashtra,4,-17.29,-14.58,104.79,107.33,129.25,False
Sesamum,West Dinajpur,West Bengal,4,5.99,11.35,39.87,41.92,50.25,False
Sesamum,West Godavari,Andhra Pradesh,4,-46.76,-37.21,67.48,84.04,120.27,False
Sesamum,Yeotmal,Maharashtra,4,65.33,67.17,139.76,157.4,216.81,False
Pigeonpea,24 Parganas,West Bengal,4,-129.79,-285.4,449.73,500.35,624.38,True
Pigeonpea,Adilabad,Telangana,4,-239.89,-250.14,239.89,259.78,341.93,False
Pigeonpea,Agra,Uttar Pradesh,4,57.9,51.88,183.71,231.99,338.43,False
Pigeonpea,Ahmedabad,Gujarat,4,-159.85,-156.76,159.85,169.3,221.03,False
Pigeonpea,Ahmednagar,Maharashtra,4,-142.18,-144.58,406.12,434.12,570.33,False
Pigeonpea,Ajmer,Rajasthan,4,47.5,45.0,47.5,49.13,61.67,False
Pigeonpea,Akola,Maharashtra,4,-35.77,108.39,384.96,491.42,733.51,False
Pigeonpea,Alappuzha,Kerala,4,0.0,0.0,0.0,0.0,0.0,False
Pigeonpea,Aligarh,Uttar Pradesh,4,144.92,159.48,144.92,152.5,186.64,False
Pigeonpea,Allahabad,Uttar Pradesh,4,-245.13,-267.3,512.92,580.87,796.06,True
Pigeonpea,Almorah,Uttarakhand,4,154.0,203.0,214.71,237.86,322.37,False
Pigeonpea,Alwar,Rajasthan,4,-14.39,6.63,58.56,72.26,106.54,False
Pigeonpea,Amarawati,Maharashtra,4,173.65,149.27,396.05,461.26,642.9,False
Pigeonpea,Ambala,Haryana,4,158.33,150.0,158.33,163.77,205.56,False
Pigeonpea,Amreli,Gujarat,4,-166.78,-161.39,166.78,176.21,229.92,False
Pigeonpea,Amritsar,Punjab,4,-4.72,16.67,148.05,152.92,189.89,False
Pigeonpea,Ananthapur,Andhra Pradesh,4,-18.09,-21.79,48.15,54.78,72.38,False
Pigeonpea,Aurangabad,Maharashtra,4,-64.24,56.05,409.83,461.29,645.59,False
Pigeonpea,Azamgarh,Uttar Pradesh,4,-129.36,-144.03,275.42,320.55,438.81,False
Pigeonpea,Bahraich,Uttar Pradesh,4,-72.57,-92.28,112.84,120.94,161.7,False
Pigeonpea,Balaghat,Madhya Pradesh,4,-334.77,-325.5,334.77,420.56,609.41,False
Pigeonpea,Balasore,Orissa,4,-305.36,-289.28,305.36,315.84,396.43,False
Pigeonpea,Ballia,Uttar Pradesh,4,-225.53,-251.42,225.53,251.96,331.6,False
Pigeonpea,Banaskantha,Gujarat,4,-457.02,-279.4,457.02,644.13,963.06,True
Pigeonpea,Banda,Uttar Pradesh,4,-2.75,-52.98,580.02,607.25,771.62,True
Pigeonpea,Bangalore,Karnataka,4,-15.86,-46.41,62.85,65.9,85.16,False
Pigeonpea,Bankura,West Bengal,4,-788.38,-945.46,788.38,920.32,1183.84,True
Pigeonpea,Banswara,Rajasthan,4,-107.48,-96.6,246.94,271.65,372.31,False
Pigeonpea,Barabanki,Uttar Pradesh,4,150.54,62.05,150.54,241.94,357.11,False
Pigeonpea,Bareilly,Uttar Pradesh,4,245.26,22.32,292.02,517.47,749.0,False
Pigeonpea,Barmer,Rajasthan,4,0.0,0.0,0.0,0.0,0.0,False
Pigeonpea,Bastar,Chhattisgarh,4,6.78,-45.31,95.28,116.44,168.8,False
Pigeonpea,Basti,Uttar Pradesh,4,87.94,81.21,87.94,113.92,168.27,False
Pigeonpea,Beed,Maharashtra,4,17.71,105.07,318.49,355.99,478.04,False
Pigeonpea,Belgaum,Karnataka,4,-141.75,-230.59,285.92,295.87,362.41,False
Pigeonpea,Bellary,Karnataka,4,-135.08,-91.65,164.69,224.55,339.66,False
Pigeonpea,Betul,Madhya Pradesh,4,-231.88,-324.57,270.36,293.14,352.25,False
Pigeonpea,Bhagalpur,Bihar,4,-2.8,-175.2,334.67,390.53,561.97,False
Pigeonpea,Bhandara,Maharashtra,4,-166.11,47.47,561.25,705.73,1044.55,True
Pigeonpea,Bharatpur,Rajasthan,4,-219.68,-215.21,249.34,332.1,482.59,False
Pigeonpea,Bharuch,Gujarat,4,-123.24,-80.13,123.24,157.73,233.96,False
Pigeonpea,Bhatinda,Punjab,4,-20.59,-131.45,215.03,239.64,334.72,False
Pigeonpea,Bhavnagar,Gujarat,4,-166.0,-170.63,166.0,172.88,215.73,False
Pigeonpea,Bhilwara,Rajasthan,4,-682.56,-503.23,833.61,1110.55,1668.27,True
Pigeonpea,Bhind,Madhya Pradesh,4,-297.7,-416.99,403.3,429.15,553.93,False
Pigeonpea,Bidar,Karnataka,4,-187.16,-150.92,474.84,526.94,726.85,True
Pigeonpea,Bijapur / Vijayapura,Karnataka,4,9.81,1.08,161.7,219.12,316.4,False
Pigeonpea,Bijnor,Uttar Pradesh,4,-33.33,-97.22,137.22,144.89,189.44,False
Pigeonpea,Bikaner,Rajasthan,4,-458.33,-416.67,458.33,650.85,950.0,True
Pigeonpea,Bilashpur,Himachal Pradesh,4,0.0,0.0,0.0,0.0,0.0,False
Pigeonpea,Bilaspur,Chhattisgarh,4,39.37,32.28,96.99,109.05,151.1,False
Pigeonpea,Birbhum,West Bengal,4,-792.58,-927.27,792.58,935.35,1245.98,True
Pigeonpea,Bolangir,Orissa,4,-44.19,-51.21,48.51,57.38,80.04,False
Pigeonpea,Budaun,Uttar Pradesh,4,134.51,135.15,134.51,174.07,249.6,False
Pigeonpea,Buland Shahar,Uttar Pradesh,4,89.36,104.62,136.98,151.34,209.7,False
Pigeonpea,Buldhana,Maharashtra,4,14.58,42.23,237.52,260.47,344.99,False
Pigeonpea,Bundi,Rajasthan,4,231.36,87.73,356.36,519.3,775.0,False
Pigeonpea,Burdwan,West Bengal,4,-277.28,-264.91,286.2,353.99,510.86,False
Pigeonpea,Cachar,Assam,4,75.32,107.93,126.51,131.53,166.48,False
Pigeonpea,Chamba,Himachal Pradesh,4,0.0,0.0,0.0,0.0,0.0,False
Pigeonpea,Chamoli,Uttarakhand,4,-33.15,-61.49,70.27,71.21,80.98,False
Pigeonpea,Champaran,Bihar,4,104.12,165.97,467.54,509.29,646.05,True
Pigeonpea,Chandrapur,Maharashtra,4,-153.31,-46.98,506.96,591.38,851.47,True
Pigeonpea,Chengalpattu Mgr / Kanchipuram,Tamil Nadu,4,49.65,106.67,513.81,537.24,654.27,True
Pigeonpea,Chhatarpur,Madhya Pradesh,4,-460.9,-320.2,460.9,653.16,990.89,True
Pigeonpea,Chhindwara,Madhya Pradesh,4,35.41,273.24,436.61,490.05,680.94,True
Pigeonpea,Chickmagalur,Karnataka,4,-72.76,-112.46,247.76,278.34,356.99,False
Pigeonpea,Chitradurga,Karnataka,4,-21.81,-88.8,223.63,264.98,376.53,False
Pigeonpea,Chittoor,Andhra Pradesh,4,-21.27,-52.09,75.66,79.54,103.05,False
Pigeonpea,Chittorgarh,Rajasthan,4,-358.54,-455.24,430.45,480.23,647.16,True
Pigeonpea,Churu,Rajasthan,4,0.0,0.0,0.0,0.0,0.0,False
Pigeonpea,Coimbatore,Tamil Nadu,4,126.71,180.37,532.08,569.11,709.07,True
Pigeonpea,Cooch Behar,West Bengal,4,0.0,0.0,0.0,0.0,0.0,False
Pigeonpea,Cuttack,Orissa,4,3.74,8.98,34.67,35.67,40.62,False
Pigeonpea,Dakshina Kannada,Karnataka,4,0.0,0.0,0.0,0.0,0.0,False
Pigeonpea,Damoh,Madhya Pradesh,4,-371.65,-546.48,551.04,570.04,709.17,True
Pigeonpea,Dangs,Gujarat,4,-59.68,-341.17,538.08,594.43,823.71,True
Pigeonpea,Darbhanga,Bihar,4,469.0,478.86,469.0,485.81,595.22,True
Pigeonpea,Darjeeling,West Bengal,4,20.49,69.39,355.65,377.81,482.95,False
Pigeonpea,Darrang,Assam,4,-13.23,-5.55,14.3,22.41,33.09,False
Pigeonpea,Datia,Madhya Pradesh,4,296.32,449.29,459.3,471.35,575.91,True
Pigeonpea,Dehradun,Uttarakhand,4,68.33,75.66,86.38,106.29,151.67,False
Pigeonpea,Deoria,Uttar Pradesh,4,149.85,149.96,252.51,296.45,419.1,False
Pigeonpea,Dewas,Madhya Pradesh,4,-326.09,-382.08,381.27,437.51,611.53,False
Pigeonpea,Dhanbad,Jharkhand,4,-197.59,-500.0,1023.35,1179.15,1588.62,True
Pigeonpea,Dhar,Madhya Pradesh,4,-176.86,-146.82,446.52,512.11,705.48,True
Pigeonpea,Dharwad,Karnataka,4,-50.12,-106.42,170.95,188.01,237.95,False
Pigeonpea,Dhenkanal,Orissa,4,-1.31,9.18,40.9,44.3,58.95,False
Pigeonpea,Dhule,Maharashtra,4,-30.12,-40.07,177.47,180.68,208.41,False
Pigeonpea,Dibrugarh,Assam,4,44.99,105.07,141.39,148.5,183.75,False
Pigeonpea,Dungarpur,Rajasthan,4,-147.82,-150.01,224.07,273.29,391.51,False
Pigeonpea,Durg,Chhattisgarh,4,-13.48,-22.64,117.48,119.25,132.26,False
Pigeonpea,East Godavari,Andhra Pradesh,4,235.31,308.39,272.97,300.49,388.07,False
Pigeonpea,Eranakulam,Kerala,4,950.0,900.0,950.0,982.63,1233.33,True
Pigeonpea,Etah,Uttar Pradesh,4,228.59,255.08,228.59,252.15,320.86,False
Pigeonpea,Etawah,Uttar Pradesh,4,-14.37,61.9,828.41,844.89,1011.5,True
Pigeonpea,Faizabad,Uttar Pradesh,4,153.85,55.69,153.85,253.35,376.51,False
Pigeonpea,Farrukhabad,Uttar Pradesh,4,114.91,142.17,535.1,553.44,670.12,True
Pigeonpea,Fatehpur,Uttar Pradesh,4,67.66,-68.66,422.4,474.43,657.29,False
Pigeonpea,Ferozpur,Punjab,4,-22.57,-101.71,234.27,278.05,389.46,False
Pigeonpea,Ganganagar,Rajasthan,4,-832.8,-1061.17,832.8,964.49,1182.9,True
Pigeonpea,Ganjam,Orissa,4,11.92,9.12,11.92,15.6,23.01,False
Pigeonpea,Garhwal,Uttarakhand,4,99.12,61.08,156.86,193.81,287.63,False
Pigeonpea,Gaya,Bihar,4,154.69,126.68,220.78,275.85,404.33,False
Pigeonpea,Ghazipur,Uttar Pradesh,4,-61.09,-26.41,169.93,190.23,264.39,False
Pigeonpea,Goalpara,Assam,4,15.21,-12.31,78.16,99.56,148.3,False
Pigeonpea,Gonda,Uttar Pradesh,4,-96.63,-83.78,96.63,105.93,146.41,False
Pigeonpea,Gorakhpur,Uttar Pradesh,4,101.51,107.84,224.39,267.31,379.01,False
Pigeonpea,Gulbarga / Kalaburagi,Karnataka,4,-146.37,-154.27,365.78,418.2,565.01,False
Pigeonpea,Guna,Madhya Pradesh,4,240.99,338.32,409.73,447.12,593.55,False
Pigeonpea,Guntur,Andhra Pradesh,4,55.44,45.68,155.59,166.31,221.65,False
Pigeonpea,Gurdaspur,Punjab,4,0.0,0.0,0.0,0.0,0.0,False
Pigeonpea,Gurgaon,Haryana,4,498.01,471.8,498.01,515.11,646.54,True
Pigeonpea,Gwalior,Madhya Pradesh,4,211.27,356.07,387.57,392.35,456.41,False
Pigeonpea,Hamirpur,Uttar Pradesh,4,163.6,74.48,371.76,425.66,607.4,False
Pigeonpea,Hardoi,Uttar Pradesh,4,-102.02,-215.16,312.05,327.7,413.38,False
Pigeonpea,Hassan,Karnataka,4,-196.69,5.03,368.14,515.14,752.14,False
Pigeonpea,Hazaribagh,Jharkhand,4,392.79,487.69,451.59,524.45,713.35,True
Pigeonpea,Hissar,Haryana,4,587.58,556.65,587.58,607.76,762.82,True
Pigeonpea,Hooghly,West Bengal,4,-194.21,-384.96,574.09,619.47,764.59,True
Pigeonpea,Hoshangabad,Madhya Pradesh,4,-209.78,-265.42,299.22,321.08,430.46,False
Pigeonpea,Hoshiarpur,Punjab,4,475.0,450.0,475.0,491.31,616.67,True
Pigeonpea,Howrah,West Bengal,4,0.0,0.0,0.0,0.0,0.0,False
Pigeonpea,Hyderabad,Telangana,4,-139.52,-169.94,197.22,237.35,328.48,False
Pigeonpea,Indore,Madhya Pradesh,4,-47.51,151.16,596.93,682.28,955.12,True
Pigeonpea,Jabalpur,Madhya Pradesh,4,-140.09,-143.82,217.07,248.77,346.18,False
Pigeonpea,Jaipur,Rajasthan,4,149.67,213.0,273.77,308.59,406.62,False
Pigeonpea,Jaisalmer,Rajasthan,4,-270.83,-41.67,270.83,501.73,725.0,False
Pigeonpea,Jalandhar,Punjab,4,8.02,-18.33,54.48,69.76,104.38,False
Pigeonpea,Jalaun,Uttar Pradesh,4,50.75,149.62,709.05,728.26,851.81,True
Pigeonpea,Jalgaon,Maharashtra,4,60.1,149.07,246.63,278.43,355.74,False
Pigeonpea,Jalore,Rajasthan,4,190.0,180.0,190.0,196.53,246.67,False
Pigeonpea,Jalpaiguri,West Bengal,4,-80.4,315.0,628.74,779.45,1132.79,True
Pigeonpea,Jamnagar,Gujarat,4,-167.92,-170.36,167.92,174.9,219.52,False
Pigeonpea,Jaunpur,Uttar Pradesh,4,101.46,78.2,102.58,143.13,216.56,False
Pigeonpea,Jhabua,Madhya Pradesh,4,-362.98,-276.12,362.98,401.5,547.5,False
Pigeonpea,Jhalawar,Rajasthan,4,210.01,163.9,285.79,364.34,542.07,False
Pigeonpea,Jhansi,Uttar Pradesh,4,115.96,175.93,342.73,384.43,480.8,False
Pigeonpea,Jhunjhunu,Rajasthan,4,0.0,0.0,0.0,0.0,0.0,False
Pigeonpea,Jind,Haryana,4,237.5,225.0,237.5,245.66,308.33,False
Pigeonpea,Jodhpur,Rajasthan,4,0.0,0.0,0.0,0.0,0.0,False
Pigeonpea,Junagadh,Gujarat,4,-130.08,-123.29,130.08,144.74,199.66,False
Pigeonpea,Kadapa Ysr,Andhra Pradesh,4,-37.83,-10.59,95.51,112.91,159.67,False
Pigeonpea,Kalahandi,Orissa,4,-24.21,-27.73,28.98,33.09,46.63,False
Pigeonpea,Kamrup,Assam,4,-103.21,-117.55,107.02,126.23,173.72,False
Pigeonpea,Kangra,Himachal Pradesh,4,14.58,112.5,181.25,202.8,283.34,False
Pigeonpea,Kannur,Kerala,4,418.51,512.38,598.67,687.51,959.14,True
Pigeonpea,Kanpur,Uttar Pradesh,4,251.81,330.31,886.93,940.51,1174.68,True
Pigeonpea,Kanyakumari,Tamil Nadu,3,-111.11,0.0,222.22,304.29,433.33,False
Pigeonpea,Kapurthala,Punjab,4,0.0,0.0,0.0,0.0,0.0,False
Pigeonpea,Karbi Anglong,Assam,4,-29.11,3.08,50.5,74.98,109.49,False
Pigeonpea,Karimnagar,Telangana,4,-57.13,-81.43,181.37,209.23,294.44,False
Pigeonpea,Karnal,Haryana,4,468.21,443.57,468.21,484.3,607.86,True
Pigeonpea,Keonjhar,Orissa,4,-0.83,1.26,10.03,13.51,19.97,False
Pigeonpea,Khammam,Telangana,4,-125.78,-89.64,143.35,191.65,284.01,False
Pigeonpea,Khandwa / East Nimar,Madhya Pradesh,4,-216.2,-190.62,253.97,313.87,460.38,False
Pigeonpea,Khargone / West Nimar,Madhya Pradesh,4,-651.7,-763.4,651.7,738.04,960.07,True
Pigeonpea,Kheda,Gujarat,4,-358.93,-400.95,358.93,388.4,495.12,False
Pigeonpea,Kheri,Uttar Pradesh,4,-53.65,-168.72,297.44,328.25,450.72,False
Pigeonpea,Kinnaur,Himachal Pradesh,4,0.0,0.0,0.0,0.0,0.0,False
Pigeonpea,Kodagu / Coorg,Karnataka,4,0.0,0.0,0.0,0.0,0.0,False
Pigeonpea,Kolar,Karnataka,4,86.31,142.12,267.75,310.91,400.01,False
Pigeonpea,Kolhapur,Maharashtra,4,54.95,85.52,111.8,120.74,153.38,False
Pigeonpea,Kollam,Kerala,4,0.0,0.0,0.0,0.0,0.0,False
Pigeonpea,Koraput,Orissa,4,-16.34,-7.31,47.03,56.69,82.74,False
Pigeonpea,Kota,Rajasthan,4,-71.5,-165.15,227.75,244.2,299.2,False
Pigeonpea,Kottayam,Kerala,4,950.0,900.0,950.0,982.63,1233.33,True
Pigeonpea,Kozhikode,Kerala,4,423.55,517.68,601.06,689.94,963.17,True
Pigeonpea,Krishna,Andhra Pradesh,4,-284.65,-214.26,284.65,381.33,575.06,False
Pigeonpea,Kullu,Himachal Pradesh,4,0.0,0.0,0.0,0.0,0.0,False
Pigeonpea,Kurnool,Andhra Pradesh,4,6.83,-4.43,30.59,42.24,63.98,False
Pigeonpea,Kutch,Gujarat,4,-545.4,-524.34,545.4,771.89,1107.65,True
Pigeonpea,Lahul & Spiti,Himachal Pradesh,4,0.0,0.0,0.0,0.0,0.0,False
Pigeonpea,Lakhimpur,Assam,4,-80.92,-48.3,137.02,182.77,271.16,False
Pigeonpea,Lucknow,Uttar Pradesh,4,-101.51,-211.47,307.62,323.27,407.15,False
Pigeonpea,Ludhiana,Punjab,4,-16.08,-84.91,151.03,169.9,238.27,False
Pigeonpea,Madurai,Tamil Nadu,4,145.67,203.47,560.04,614.64,794.13,True
Pigeonpea,Mahabubnagar,Telangana,4,-119.33,-120.17,193.44,227.24,323.85,False
Pigeonpea,Mahendragarh / Narnaul,Haryana,4,531.48,503.51,531.48,549.73,689.99,True
Pigeonpea,Mainpuri,Uttar Pradesh,4,56.75,38.59,195.4,244.57,359.84,False
Pigeonpea,Malappuram,Kerala,4,0.0,0.0,0.0,0.0,0.0,False
Pigeonpea,Malda,West Bengal,4,-583.15,-456.49,583.15,714.36,1056.68,True
Pigeonpea,Mandi,Himachal Pradesh,4,0.0,0.0,0.0,0.0,0.0,False
Pigeonpea,Mandla,Madhya Pradesh,4,-355.01,-430.31,473.59,515.21,692.1,True
Pigeonpea,Mandsaur,Madhya Pradesh,4,-85.62,-254.24,400.28,430.65,579.53,False
Pigeonpea,Mandya,Karnataka,4,-90.92,-33.84,101.47,161.27,237.9,False
Pigeonpea,Mathura,Uttar Pradesh,4,154.57,166.25,172.46,213.65,306.87,False
Pigeonpea,Mayurbhanja,Orissa,4,-24.08,-3.65,72.33,85.04,121.8,False
Pigeonpea,Medak,Telangana,4,-38.94,-40.95,216.8,225.21,278.46,False
Pigeonpea,Meerut,Uttar Pradesh,4,-231.96,-152.77,366.1,453.36,672.5,False
Pigeonpea,Mehsana,Gujarat,4,-171.52,-160.95,171.52,183.07,243.65,False
Pigeonpea,Midnapur,West Bengal,4,-90.31,-61.11,303.55,398.4,593.79,False
Pigeonpea,Mirzpur,Uttar Pradesh,4,4.13,19.36,162.39,173.09,224.62,False
Pigeonpea,Moradabad,Uttar Pradesh,4,21.34,102.63,179.68,200.83,280.71,False
Pigeonpea,Morena,Madhya Pradesh,4,-506.57,-319.3,591.39,815.78,1199.43,True
Pigeonpea,Mungair,Bihar,4,553.6,491.87,553.6,604.57,831.27,True
Pigeonpea,Murshidabad,West Bengal,4,-494.46,-698.92,718.27,747.35,934.88,True
Pigeonpea,Muzaffarnagar,Uttar Pradesh,4,148.08,100.35,159.34,221.34,333.08,False
Pigeonpea,Muzaffarpur,Bihar,4,-377.58,-481.81,534.48,598.34,823.02,True
Pigeonpea,Mysore,Karnataka,4,46.56,118.51,193.94,215.26,279.53,False
Pigeonpea,Nadia,West Bengal,4,-133.08,-282.18,437.95,485.64,600.12,True
Pigeonpea,Nagaon,Assam,4,7.4,23.83,76.81,81.19,99.58,False
Pigeonpea,Nagaur,Rajasthan,4,0.0,0.0,0.0,0.0,0.0,False
Pigeonpea,Nagpur,Maharashtra,4,-441.41,-33.23,687.51,1033.63,1511.35,True
Pigeonpea,Nainital,Uttarakhand,4,-178.95,-217.82,366.45,409.27,571.12,False
Pigeonpea,Nalgonda,Telangana,4,-108.04,-93.85,108.04,134.92,198.94,False
Pigeonpea,Nanded,Maharashtra,4,-79.96,12.94,451.32,486.94,656.11,True
Pigeonpea,Narsinghpur,Madhya Pradesh,4,-328.27,-374.73,375.03,424.75,575.73,False
Pigeonpea,Nasik,Maharashtra,4,63.98,34.04,304.46,314.72,395.2,False
Pigeonpea,Nizamabad,Telangana,4,88.28,111.33,309.67,375.12,534.09,False
Pigeonpea,North Arcot / Vellore,Tamil Nadu,3,-19.08,-335.42,558.45,591.3,753.42,True
Pigeonpea,North Cachar Hil / Dima Hasao,Assam,4,31.34,75.68,91.29,93.21,112.11,False
Pigeonpea,Osmanabad,Maharashtra,4,-151.55,266.95,800.31,1037.41,1515.79,True
Pigeonpea,Palakkad,Kerala,4,-317.03,-308.61,317.03,369.17,517.06,False
Pigeonpea,Palamau,Jharkhand,4,73.62,319.35,483.89,526.27,717.27,True
Pigeonpea,Pali,Rajasthan,4,-13.49,-9.29,59.1,62.49,80.74,False
Pigeonpea,Panchmahal,Gujarat,4,45.58,26.64,45.58,59.71,88.34,False
Pigeonpea,Panna,Madhya Pradesh,4,-510.31,-578.62,522.07,614.5,836.27,True
Pigeonpea,Parbhani,Maharashtra,4,-21.06,13.67,486.97,491.01,557.3,True
Pigeonpea,Patiala,Punjab,4,6.39,-12.22,26.95,35.44,51.67,False
Pigeonpea,Patna,Bihar,4,443.04,444.82,509.86,602.96,863.81,True
Pigeonpea,Phulbani ( Kandhamal ),Orissa,4,1.22,1.26,19.3,23.07,32.35,False
Pigeonpea,Pilibhit,Uttar Pradesh,4,237.2,193.45,616.96,667.05,902.98,True
Pigeonpea,Pithorgarh,Uttarakhand,4,-107.76,-82.67,127.08,165.0,244.91,False
Pigeonpea,Pratapgarh,Uttar Pradesh,4,124.2,176.95,197.52,217.59,286.82,False
Pigeonpea,Pune,Maharashtra,4,-138.18,-131.48,233.12,276.07,392.71,False
Pigeonpea,Puri,Orissa,4,19.89,22.93,26.7,31.32,44.49,False
Pigeonpea,Purnea,Bihar,4,-6.74,-46.89,83.15,93.74,132.78,False
Pigeonpea,Purulia,West Bengal,4,243.34,185.27,243.34,324.46,489.06,False
Pigeonpea,Rae-Bareily,Uttar Pradesh,4,75.24,14.26,215.4,254.81,365.55,False
Pigeonpea,Raichur,Karnataka,4,-173.67,-223.95,193.53,216.32,279.77,False
Pigeonpea,Raigad,Maharashtra,4,-133.23,-88.08,162.06,224.18,339.29,False
Pigeonpea,Raigarh,Chhattisgarh,4,60.83,71.96,88.35,107.89,150.18,False
Pigeonpea,Raipur,Chhattisgarh,4,19.81,9.3,76.68,82.57,109.64,False
Pigeonpea,Raisen,Madhya Pradesh,4,-469.98,-419.44,469.98,525.96,736.58,True
Pigeonpea,Rajgarh,Madhya Pradesh,4,-15.55,23.65,439.51,490.79,675.72,True
Pigeonpea,Rajkot,Gujarat,4,-131.53,-124.28,131.53,143.73,194.82,False
Pigeonpea,Ramananthapuram,Tamil Nadu,4,222.6,271.55,553.53,619.58,820.48,True
Pigeonpea,Rampur,Uttar Pradesh,4,344.13,375.0,468.22,527.12,737.29,True
Pigeonpea,Ranchi,Jharkhand,4,134.83,143.13,243.12,277.81,393.71,False
Pigeonpea,Ratlam,Madhya Pradesh,4,-98.89,-333.86,560.62,635.08,841.8,True
Pigeonpea,Ratnagiri,Maharashtra,4,158.78,208.69,322.65,357.13,480.16,False
Pigeonpea,Rewa,Madhya Pradesh,3,-462.06,-605.51,518.63,611.82,813.52,True
Pigeonpea,Rohtak,Haryana,4,461.44,517.02,461.44,511.73,662.72,True
Pigeonpea,Roopnagar / Ropar,Punjab,4,7.67,-14.67,32.33,42.53,62.0,False
Pigeonpea,S.P.S. Nellore,Andhra Pradesh,4,57.01,86.34,200.57,213.23,259.3,False
Pigeonpea,Sabarkantha,Gujarat,4,93.97,93.14,139.12,167.17,242.77,False
Pigeonpea,Sagar,Madhya Pradesh,4,-637.76,-734.64,653.87,765.86,1033.57,True
Pigeonpea,Saharanpur,Uttar Pradesh,4,0.0,0.0,0.0,0.0,0.0,False
Pigeonpea,Saharsa,Bihar,4,195.87,171.26,195.87,216.92,297.51,False
Pigeonpea,Sambalpur,Orissa,4,23.78,36.57,38.95,40.01,49.37,False
Pigeonpea,Sangli,Maharashtra,4,25.73,7.62,84.5,112.39,169.13,False
Pigeonpea,Sangrur,Punjab,3,-210.83,-212.5,210.83,239.83,322.5,False
Pigeonpea,Santhal Paragana / Dumka,Jharkhand,4,68.88,-143.95,455.74,587.08,880.22,True
Pigeonpea,Saran,Bihar,4,149.71,155.24,177.04,221.78,322.12,False
Pigeonpea,Satara,Maharashtra,4,50.56,53.5,106.88,129.43,178.49,False
Pigeonpea,Satna,Madhya Pradesh,4,-600.04,-732.37,626.82,731.77,975.02,True
Pigeonpea,Sehore,Madhya Pradesh,4,-447.51,-431.32,447.51,483.37,648.17,True
Pigeonpea,Seoni / Shivani,Madhya Pradesh,4,-254.88,-257.23,259.43,334.29,484.62,False
Pigeonpea,Shahabad (Now Part Of Bhojpur District),Bihar,4,764.74,720.6,764.74,795.58,1010.42,True
Pigeonpea,Shahdol,Madhya Pradesh,4,-349.25,-312.35,349.25,373.03,499.04,False
Pigeonpea,Shahjahanpur,Uttar Pradesh,4,93.4,112.0,124.14,146.72,205.25,False
Pigeonpea,Shajapur,Madhya Pradesh,4,-309.33,-270.7,309.33,324.23,415.49,False
Pigeonpea,Shimla,Himachal Pradesh,4,-175.93,-180.56,259.26,314.2,442.59,False
Pigeonpea,Shimoge,Karnataka,4,-68.26,-105.11,254.38,281.66,359.7,False
Pigeonpea,Shivpuri,Madhya Pradesh,4,138.71,216.7,332.01,383.05,482.63,False
Pigeonpea,Sibsagar,Assam,4,-78.98,-50.16,78.98,98.93,144.02,False
Pigeonpea,Sidhi,Madhya Pradesh,4,-360.77,-406.17,360.77,429.03,585.0,False
Pigeonpea,Sikar,Rajasthan,4,29.17,291.67,429.17,480.81,660.0,True
Pigeonpea,Singhbhum,Jharkhand,4,66.85,68.23,175.25,210.5,308.45,False
Pigeonpea,Sirmaur,Himachal Pradesh,4,-206.25,-45.84,352.08,474.43,695.0,False
Pigeonpea,Sirohi,Rajasthan,4,463.03,415.13,463.03,494.02,658.38,True
Pigeonpea,Sitapur,Uttar Pradesh,4,-557.83,-729.76,652.01,715.85,926.07,True
Pigeonpea,Solan,Himachal Pradesh,4,0.0,0.0,0.0,0.0,0.0,False
Pigeonpea,Solapur,Maharashtra,4,-60.85,-135.52,188.16,199.66,246.32,False
Pigeonpea,South Arcot / Cuddalore,Tamil Nadu,4,273.65,421.06,577.83,625.81,796.27,True
Pigeonpea,Srikakulam,Andhra Pradesh,4,103.08,75.25,140.55,180.59,260.42,False
Pigeonpea,Sultanpur,Uttar Pradesh,4,145.63,48.19,145.63,246.95,366.42,False
Pigeonpea,Sundargarh,Orissa,4,-12.59,-15.19,17.15,21.08,29.1,False
Pigeonpea,Surat,Gujarat,4,-46.79,-29.27,150.96,169.16,234.41,False
Pigeonpea,Surendranagar,Gujarat,4,-562.71,-542.08,562.71,566.2,632.22,True
Pigeonpea,Surguja,Chhattisgarh,4,12.71,2.48,99.45,104.56,136.48,False
Pigeonpea,Swami Madhopur,Rajasthan,4,118.55,146.67,144.53,168.61,231.88,False
Pigeonpea,Tehri Garhwal,Uttarakhand,4,-237.36,-219.04,237.36,241.27,284.15,False
Pigeonpea,Thane,Maharashtra,4,-73.35,17.16,128.53,206.03,305.45,False
Pigeonpea,Thanjavur,Tamil Nadu,4,79.06,177.99,451.05,500.0,633.67,True
Pigeonpea,The Nilgiris,Tamil Nadu,3,0.0,0.0,0.0,0.0,0.0,False
Pigeonpea,Thirunelveli,Tamil Nadu,3,143.7,-26.19,472.96,598.62,833.54,True
Pigeonpea,Thiruvananthapuram,Kerala,4,0.0,0.0,0.0,0.0,0.0,False
Pigeonpea,Thrissur,Kerala,4,0.0,0.0,0.0,0.0,0.0,False
Pigeonpea,Tikamgarh,Madhya Pradesh,4,-473.06,-395.53,608.48,780.66,1151.31,True
Pigeonpea,Tiruchirapalli / Trichy,Tamil Nadu,3,184.6,141.81,411.52,483.75,669.98,False
Pigeonpea,Tonk,Rajasthan,4,-66.67,-50.0,566.67,571.06,646.67,True
Pigeonpea,Tumkur,Karnataka,4,52.13,69.63,69.4,77.1,103.3,False
Pigeonpea,Udaipur,Rajasthan,4,-233.33,-336.46,307.67,323.42,398.01,False
Pigeonpea,Ujjain,Madhya Pradesh,4,-367.9,-364.8,381.98,465.78,667.2,False
Pigeonpea,Unnao,Uttar Pradesh,4,0.43,-10.5,236.8,297.47,421.06,False
Pigeonpea,Uttar Kashi,Uttarakhand,4,29.8,10.14,142.52,150.79,196.22,False
Pigeonpea,Uttara Kannada,Karnataka,4,-141.67,-366.67,475.0,491.31,616.67,True
Pigeonpea,Vadodara / Baroda,Gujarat,4,-115.14,-183.83,181.29,184.4,215.87,False
Pigeonpea,Valsad,Gujarat,4,-226.44,-260.16,287.22,354.62,498.62,False
Pigeonpea,Varanasi,Uttar Pradesh,4,-107.22,-103.5,107.22,130.88,184.53,False
Pigeonpea,Vidisha,Madhya Pradesh,4,-207.52,-287.35,322.82,349.06,464.85,False
Pigeonpea,Visakhapatnam,Andhra Pradesh,4,2.93,-6.14,111.1,116.06,148.07,False
Pigeonpea,Warangal,Telangana,4,-90.78,-21.05,152.56,215.16,316.34,False
Pigeonpea,Wardha,Maharashtra,4,-7.7,50.88,553.11,590.61,778.12,True
Pigeonpea,West Dinajpur,West Bengal,4,237.5,225.0,237.5,245.66,308.33,False
Pigeonpea,West Godavari,Andhra Pradesh,4,53.44,60.46,155.45,165.69,213.89,False
Pigeonpea,Yeotmal,Maharashtra,4,15.7,16.57,423.97,483.64,662.09,True
Rapeseed and Mustard,24 Parganas,West Bengal,4,4.28,-7.88,49.23,65.55,97.15,False
Rapeseed and Mustard,Adilabad,Telangana,4,-138.75,229.17,654.7,869.1,1272.19,True
Rapeseed and Mustard,Agra,Uttar Pradesh,4,-16.97,48.77,373.4,387.0,482.15,True
Rapeseed and Mustard,Ahmedabad,Gujarat,4,-63.3,-52.61,83.27,107.16,159.13,False
Rapeseed and Mustard,Ahmednagar,Maharashtra,4,-138.36,-76.92,138.36,214.09,325.87,False
Rapeseed and Mustard,Ajmer,Rajasthan,4,-32.93,-112.4,331.81,402.02,569.83,True
Rapeseed and Mustard,Akola,Maharashtra,4,-83.33,0.0,116.67,202.76,300.0,False
Rapeseed and Mustard,Alappuzha,Kerala,4,0.0,0.0,0.0,0.0,0.0,False
Rapeseed and Mustard,Aligarh,Uttar Pradesh,4,89.42,75.89,242.04,277.71,385.0,False
Rapeseed and Mustard,Allahabad,Uttar Pradesh,4,-8.94,-70.88,304.21,348.25,482.94,True
Rapeseed and Mustard,Almorah,Uttarakhand,4,39.54,131.63,200.32,216.24,290.03,False
Rapeseed and Mustard,Alwar,Rajasthan,4,-254.96,-272.35,283.49,372.2,527.51,False
Rapeseed and Mustard,Amarawati,Maharashtra,4,-100.0,0.0,100.0,200.0,280.0,False
Rapeseed and Mustard,Ambala,Haryana,4,320.04,363.11,342.01,425.75,595.19,True
Rapeseed and Mustard,Amreli,Gujarat,4,45.83,550.0,879.17,993.77,1391.67,True
Rapeseed and Mustard,Amritsar,Punjab,4,18.11,-124.2,279.36,345.3,487.08,False
Rapeseed and Mustard,Ananthapur,Andhra Pradesh,4,0.0,0.0,0.0,0.0,0.0,False
Rapeseed and Mustard,Aurangabad,Maharashtra,4,-101.1,-88.56,101.1,144.07,212.23,False
Rapeseed and Mustard,Azamgarh,Uttar Pradesh,4,-34.44,-89.41,229.22,263.53,350.12,False
Rapeseed and Mustard,Bahraich,Uttar Pradesh,4,-64.38,-101.16,126.13,130.16,162.14,False
Rapeseed and Mustard,Balaghat,Madhya Pradesh,4,225.3,102.47,225.3,345.74,514.02,False
Rapeseed and Mustard,Balasore,Orissa,4,54.03,39.65,54.03,61.6,85.91,False
Rapeseed and Mustard,Ballia,Uttar Pradesh,4,-34.2,-90.57,228.94,264.1,351.77,False
Rapeseed and Mustard,Banaskantha,Gujarat,4,-42.07,-154.89,220.08,235.58,313.57,False
Rapeseed and Mustard,Banda,Uttar Pradesh,4,-11.1,-32.71,216.6,220.21,252.24,False
Rapeseed and Mustard,Bangalore,Karnataka,4,132.93,132.7,132.93,133.98,150.99,False
Rapeseed and Mustard,Bankura,West Bengal,4,-18.84,-17.36,26.38,32.53,46.7,False
Rapeseed and Mustard,Banswara,Rajasthan,4,124.59,118.69,129.82,161.8,236.75,False
Rapeseed and Mustard,Barabanki,Uttar Pradesh,4,-76.85,-144.6,164.37,168.36,191.34,False
Rapeseed and Mustard,Bareilly,Uttar Pradesh,4,-236.23,-131.79,391.7,528.28,787.88,True
Rapeseed and Mustard,Barmer,Rajasthan,4,61.06,93.48,126.12,136.85,174.78,False
Rapeseed and Mustard,Bastar,Chhattisgarh,4,39.7,35.64,68.1,83.01,118.31,False
Rapeseed and Mustard,Basti,Uttar Pradesh,4,71.92,-11.29,119.58,182.78,265.37,False
Rapeseed and Mustard,Beed,Maharashtra,4,-208.33,-200.0,208.33,294.86,423.33,False
Rapeseed and Mustard,Belgaum,Karnataka,4,-107.13,-139.26,132.13,145.75,194.67,False
Rapeseed and Mustard,Bellary,Karnataka,4,-79.45,-70.66,79.45,113.04,165.92,False
Rapeseed and Mustard,Betul,Madhya Pradesh,4,165.12,-145.55,393.74,574.41,832.24,True
Rapeseed and Mustard,Bhagalpur,Bihar,4,105.87,151.94,166.3,177.57,232.32,False
Rapeseed and Mustard,Bhandara,Maharashtra,4,-128.33,-56.67,128.33,207.87,314.0,False
Rapeseed and Mustard,Bharatpur,Rajasthan,4,-185.87,-215.48,284.97,347.58,484.86,False
Rapeseed and Mustard,Bharuch,Gujarat,4,-447.39,-450.99,447.39,489.33,648.36,True
Rapeseed and Mustard,Bhatinda,Punjab,4,-99.15,-81.31,198.71,245.46,362.89,False
Rapeseed and Mustard,Bhavnagar,Gujarat,4,-585.58,-587.83,585.58,636.03,837.9,True
Rapeseed and Mustard,Bhilwara,Rajasthan,4,64.12,8.07,176.3,205.11,287.28,False
Rapeseed and Mustard,Bhind,Madhya Pradesh,4,-269.44,-228.65,382.87,475.04,697.63,True
Rapeseed and Mustard,Bidar,Karnataka,4,-26.68,-69.51,90.74,94.3,118.44,False
Rapeseed and Mustard,Bijapur / Vijayapura,Karnataka,4,0.0,0.0,0.0,0.0,0.0,False
Rapeseed and Mustard,Bijnor,Uttar Pradesh,4,169.67,180.17,231.15,289.65,412.46,False
Rapeseed and Mustard,Bikaner,Rajasthan,4,-63.71,-16.72,63.71,107.18,154.35,False
Rapeseed and Mustard,Bilashpur,Himachal Pradesh,4,-49.77,16.91,259.33,281.36,376.56,False
Rapeseed and Mustard,Bilaspur,Chhattisgarh,4,12.48,12.49,36.32,38.72,50.77,False
Rapeseed and Mustard,Birbhum,West Bengal,4,29.57,19.01,55.41,73.17,107.85,False
Rapeseed and Mustard,Bolangir,Orissa,4,3.58,-5.31,19.91,26.36,39.5,False
Rapeseed and Mustard,Budaun,Uttar Pradesh,4,-8.17,-3.43,231.27,239.59,298.32,False
Rapeseed and Mustard,Buland Shahar,Uttar Pradesh,4,-26.82,-53.85,228.31,287.5,402.86,False
Rapeseed and Mustard,Buldhana,Maharashtra,4,-190.48,-180.95,190.48,269.71,388.57,False
Rapeseed and Mustard,Bundi,Rajasthan,4,45.16,-133.44,275.4,348.5,506.86,False
Rapeseed and Mustard,Burdwan,West Bengal,4,3.27,21.29,42.74,49.06,70.08,False
Rapeseed and Mustard,Cachar,Assam,4,60.36,60.54,111.86,130.79,187.26,False
Rapeseed and Mustard,Chamba,Himachal Pradesh,4,49.28,23.71,109.93,147.3,220.68,False
Rapeseed and Mustard,Chamoli,Uttarakhand,4,-75.34,-124.88,188.29,205.43,262.03,False
Rapeseed and Mustard,Champaran,Bihar,4,237.84,265.99,283.87,344.19,490.76,False
Rapeseed and Mustard,Chandrapur,Maharashtra,4,-166.59,-83.18,166.59,263.47,399.91,False
Rapeseed and Mustard,Chengalpattu Mgr / Kanchipuram,Tamil Nadu,4,0.0,0.0,0.0,0.0,0.0,False
Rapeseed and Mustard,Chhatarpur,Madhya Pradesh,4,-366.58,-438.9,366.58,423.17,551.32,True
Rapeseed and Mustard,Chhindwara,Madhya Pradesh,4,243.5,258.1,603.09,713.87,1039.64,True
Rapeseed and Mustard,Chickmagalur,Karnataka,4,108.63,100.94,121.1,161.53,238.26,False
Rapeseed and Mustard,Chitradurga,Karnataka,4,20.79,59.26,76.34,79.91,100.5,False
Rapeseed and Mustard,Chittoor,Andhra Pradesh,4,0.0,0.0,0.0,0.0,0.0,False
Rapeseed and Mustard,Chittorgarh,Rajasthan,4,26.82,-50.77,228.15,268.89,386.15,False
Rapeseed and Mustard,Churu,Rajasthan,4,-79.83,-118.25,101.39,106.87,123.81,False
Rapeseed and Mustard,Coimbatore,Tamil Nadu,4,-104.17,0.0,145.83,253.45,375.0,False
Rapeseed and Mustard,Cooch Behar,West Bengal,4,-97.28,-87.39,114.99,153.34,227.03,False
Rapeseed and Mustard,Cuttack,Orissa,4,-20.71,-17.41,24.06,30.45,45.22,False
Rapeseed and Mustard,Dakshina Kannada,Karnataka,4,0.0,0.0,0.0,0.0,0.0,False
Rapeseed and Mustard,Damoh,Madhya Pradesh,4,344.56,325.92,544.65,649.54,928.13,True
Rapeseed and Mustard,Dangs,Gujarat,4,0.0,0.0,0.0,0.0,0.0,False
Rapeseed and Mustard,Darbhanga,Bihar,4,368.13,301.71,368.13,455.75,672.34,True
Rapeseed and Mustard,Darjeeling,West Bengal,4,94.14,75.58,105.89,142.05,214.38,False
Rapeseed and Mustard,Darrang,Assam,4,-80.73,-70.73,80.73,84.22,107.4,False
Rapeseed and Mustard,Datia,Madhya Pradesh,4,-157.02,-74.32,157.02,226.48,330.9,False
Rapeseed and Mustard,Dehradun,Uttarakhand,4,-106.07,-76.77,128.16,172.16,259.4,False
Rapeseed and Mustard,Deoria,Uttar Pradesh,4,29.18,4.97,133.67,174.64,260.84,False
Rapeseed and Mustard,Dewas,Madhya Pradesh,4,95.36,280.72,423.14,468.31,601.56,True
Rapeseed and Mustard,Dhanbad,Jharkhand,4,535.11,304.02,535.11,787.03,1156.3,True
Rapeseed and Mustard,Dhar,Madhya Pradesh,4,322.68,275.0,577.32,665.15,940.0,True
Rapeseed and Mustard,Dharwad,Karnataka,4,130.31,133.23,130.31,141.28,186.25,False
Rapeseed and Mustard,Dhenkanal,Orissa,4,-29.73,-36.93,39.99,43.2,57.81,False
Rapeseed and Mustard,Dhule,Maharashtra,4,-187.72,-164.91,187.72,267.43,393.68,False
Rapeseed and Mustard,Dibrugarh,Assam,4,12.08,5.56,63.33,65.88,82.78,False
Rapeseed and Mustard,Dungarpur,Rajasthan,4,-110.61,-130.91,172.66,207.88,289.52,False
Rapeseed and Mustard,Durg,Chhattisgarh,4,-7.89,-8.4,30.85,32.53,41.19,False
Rapeseed and Mustard,East Godavari,Andhra Pradesh,4,0.0,0.0,0.0,0.0,0.0,False
Rapeseed and Mustard,Eranakulam,Kerala,4,0.0,0.0,0.0,0.0,0.0,False
Rapeseed and Mustard,Etah,Uttar Pradesh,4,3.36,58.29,192.61,237.93,347.56,False
Rapeseed and Mustard,Etawah,Uttar Pradesh,4,-79.87,-265.7,498.38,562.91,773.43,True
Rapeseed and Mustard,Faizabad,Uttar Pradesh,4,-69.66,-126.63,146.25,150.01,173.77,False
Rapeseed and Mustard,Farrukhabad,Uttar Pradesh,4,-195.16,-291.03,471.59,529.67,691.87,True
Rapeseed and Mustard,Fatehpur,Uttar Pradesh,4,-48.84,-76.19,333.96,341.83,390.55,True
Rapeseed and Mustard,Ferozpur,Punjab,4,-58.07,-40.89,104.76,135.69,196.27,False
Rapeseed and Mustard,Ganganagar,Rajasthan,4,-146.54,-118.52,146.54,172.51,250.29,False
Rapeseed and Mustard,Ganjam,Orissa,4,-8.12,-11.96,20.03,21.85,29.82,False
Rapeseed and Mustard,Garhwal,Uttarakhand,4,-23.16,1.05,134.25,190.8,284.56,False
Rapeseed and Mustard,Gaya,Bihar,4,97.72,123.93,128.17,140.05,190.42,False
Rapeseed and Mustard,Ghazipur,Uttar Pradesh,4,29.33,192.48,533.3,638.76,896.87,True
Rapeseed and Mustard,Goalpara,Assam,4,-12.12,-14.62,15.6,18.44,25.71,False
Rapeseed and Mustard,Gonda,Uttar Pradesh,4,-51.58,-81.94,85.99,87.61,105.15,False
Rapeseed and Mustard,Gorakhpur,Uttar Pradesh,4,-76.93,-19.93,247.57,302.22,445.65,False
Rapeseed and Mustard,Gulbarga / Kalaburagi,Karnataka,4,-17.42,33.33,73.49,96.65,140.91,False
Rapeseed and Mustard,Guna,Madhya Pradesh,4,-70.99,-92.35,115.79,127.31,173.45,False
Rapeseed and Mustard,Guntur,Andhra Pradesh,4,580.32,484.99,580.32,666.4,946.06,True
Rapeseed and Mustard,Gurdaspur,Punjab,4,-40.45,-82.22,134.89,145.8,188.1,False
Rapeseed and Mustard,Gurgaon,Haryana,4,-256.51,-203.06,461.16,584.72,837.5,True
Rapeseed and Mustard,Gwalior,Madhya Pradesh,4,-90.84,-65.86,210.63,237.16,333.38,False
Rapeseed and Mustard,Hamirpur,Uttar Pradesh,4,-89.37,-40.76,305.61,338.25,464.1,True
Rapeseed and Mustard,Hardoi,Uttar Pradesh,4,-50.07,-130.9,214.5,234.6,310.4,False
Rapeseed and Mustard,Hassan,Karnataka,4,41.59,35.26,41.59,48.81,69.48,False
Rapeseed and Mustard,Hazaribagh,Jharkhand,4,109.27,45.11,142.95,212.27,310.16,False
Rapeseed and Mustard,Hissar,Haryana,4,-134.3,-115.52,189.14,232.11,338.93,False
Rapeseed and Mustard,Hooghly,West Bengal,4,-5.3,-2.55,49.27,65.3,94.93,False
Rapeseed and Mustard,Hoshangabad,Madhya Pradesh,4,148.54,-93.19,361.76,530.87,783.29,True
Rapeseed and Mustard,Hoshiarpur,Punjab,4,-14.01,-28.94,64.24,71.5,88.38,False
Rapeseed and Mustard,Howrah,West Bengal,4,59.35,57.9,173.73,185.4,243.99,False
Rapeseed and Mustard,Hyderabad,Telangana,4,0.0,0.0,0.0,0.0,0.0,False
Rapeseed and Mustard,Indore,Madhya Pradesh,4,609.58,577.5,609.58,630.52,791.39,True
Rapeseed and Mustard,Jabalpur,Madhya Pradesh,4,6.19,-18.63,110.28,117.91,155.65,False
Rapeseed and Mustard,Jaipur,Rajasthan,4,-205.63,-120.6,215.0,323.45,492.32,False
Rapeseed and Mustard,Jaisalmer,Rajasthan,4,-230.72,-218.63,230.72,269.49,382.53,False
Rapeseed and Mustard,Jalandhar,Punjab,4,-46.89,-49.46,48.2,61.68,88.18,False
Rapeseed and Mustard,Jalaun,Uttar Pradesh,4,-198.61,-140.78,471.85,549.39,769.9,True
Rapeseed and Mustard,Jalgaon,Maharashtra,4,-354.17,-250.0,354.17,522.08,791.67,True
Rapeseed and Mustard,Jalore,Rajasthan,4,-36.45,-9.73,81.2,105.3,155.99,False
Rapeseed and Mustard,Jalpaiguri,West Bengal,4,-26.47,-49.14,59.76,62.34,72.59,False
Rapeseed and Mustard,Jamnagar,Gujarat,4,38.72,-41.7,113.81,158.93,233.58,False
Rapeseed and Mustard,Jaunpur,Uttar Pradesh,4,32.11,201.96,536.31,640.02,894.92,True
Rapeseed and Mustard,Jhabua,Madhya Pradesh,4,-300.0,0.0,300.0,600.0,840.0,True
Rapeseed and Mustard,Jhalawar,Rajasthan,4,331.26,155.76,392.03,581.88,852.26,True
Rapeseed and Mustard,Jhansi,Uttar Pradesh,4,2.86,-10.92,209.21,216.33,269.07,False
Rapeseed and Mustard,Jhunjhunu,Rajasthan,4,-260.69,-247.05,260.69,286.12,391.65,False
Rapeseed and Mustard,Jind,Haryana,4,-93.87,-318.18,444.85,473.59,623.69,True
Rapeseed and Mustard,Jodhpur,Rajasthan,4,-10.71,-14.94,111.45,132.61,184.98,False
Rapeseed and Mustard,Junagadh,Gujarat,4,-313.54,-708.33,844.79,862.21,1013.75,True
Rapeseed and Mustard,Kadapa Ysr,Andhra Pradesh,4,133.33,250.0,283.33,285.53,323.33,False
Rapeseed and Mustard,Kalahandi,Orissa,4,39.67,36.66,39.82,54.1,79.66,False
Rapeseed and Mustard,Kamrup,Assam,4,14.92,29.82,43.37,49.21,56.91,False
Rapeseed and Mustard,Kangra,Himachal Pradesh,4,68.35,18.93,94.99,147.48,218.17,False
Rapeseed and Mustard,Kannur,Kerala,4,0.0,0.0,0.0,0.0,0.0,False
Rapeseed and Mustard,Kanpur,Uttar Pradesh,4,-47.7,-138.92,332.83,379.43,500.55,True
Rapeseed and Mustard,Kanyakumari,Tamil Nadu,3,0.0,0.0,0.0,0.0,0.0,False
Rapeseed and Mustard,Kapurthala,Punjab,4,-626.67,-641.67,626.67,658.82,838.33,True
Rapeseed and Mustard,Karbi Anglong,Assam,4,69.76,73.84,83.82,96.46,135.82,False
Rapeseed and Mustard,Karimnagar,Telangana,4,384.92,499.72,907.34,1019.1,1339.25,True
Rapeseed and Mustard,Karnal,Haryana,4,-193.61,-399.4,508.4,530.41,622.28,True
Rapeseed and Mustard,Keonjhar,Orissa,4,-27.55,-7.51,31.77,52.26,75.07,False
Rapeseed and Mustard,Khammam,Telangana,4,0.0,0.0,0.0,0.0,0.0,False
Rapeseed and Mustard,Khandwa / East Nimar,Madhya Pradesh,4,237.5,225.0,237.5,245.66,308.33,False
Rapeseed and Mustard,Khargone / West Nimar,Madhya Pradesh,4,163.45,262.5,293.5,299.33,359.72,True
Rapeseed and Mustard,Kheda,Gujarat,4,90.8,81.84,231.8,286.34,421.67,False
Rapeseed and Mustard,Kheri,Uttar Pradesh,4,-39.43,-80.47,98.53,100.23,117.22,False
Rapeseed and Mustard,Kinnaur,Himachal Pradesh,4,109.02,103.28,109.02,112.76,141.53,False
Rapeseed and Mustard,Kodagu / Coorg,Karnataka,4,0.0,0.0,0.0,0.0,0.0,False
Rapeseed and Mustard,Kolar,Karnataka,4,31.25,21.88,31.25,37.39,53.4,False
Rapeseed and Mustard,Kolhapur,Maharashtra,4,-41.67,0.0,58.33,101.38,150.0,False
Rapeseed and Mustard,Kollam,Kerala,4,0.0,0.0,0.0,0.0,0.0,False
Rapeseed and Mustard,Koraput,Orissa,4,-33.45,-27.29,33.45,38.84,55.23,False
Rapeseed and Mustard,Kota,Rajasthan,4,-164.02,-188.03,243.43,281.21,398.97,False
Rapeseed and Mustard,Kottayam,Kerala,4,0.0,0.0,0.0,0.0,0.0,False
Rapeseed and Mustard,Kozhikode,Kerala,4,0.0,0.0,0.0,0.0,0.0,False
Rapeseed and Mustard,Krishna,Andhra Pradesh,4,495.8,475.34,495.8,510.43,629.57,True
Rapeseed and Mustard,Kullu,Himachal Pradesh,4,-9.11,-58.4,117.3,140.43,192.28,False
Rapeseed and Mustard,Kurnool,Andhra Pradesh,4,503.13,503.22,503.13,513.48,606.76,True
Rapeseed and Mustard,Kutch,Gujarat,4,-51.75,9.38,93.28,141.22,207.9,False
Rapeseed and Mustard,Lahul & Spiti,Himachal Pradesh,4,463.03,676.57,665.33,695.34,877.01,True
Rapeseed and Mustard,Lakhimpur,Assam,4,-179.31,-194.43,197.21,244.44,349.69,False
Rapeseed and Mustard,Lucknow,Uttar Pradesh,4,-90.19,-167.06,277.76,312.51,393.79,False
Rapeseed and Mustard,Ludhiana,Punjab,4,3.89,-23.58,83.07,105.87,155.1,False
Rapeseed and Mustard,Madurai,Tamil Nadu,4,-71.43,0.0,71.43,142.85,200.0,False
Rapeseed and Mustard,Mahabubnagar,Telangana,4,0.0,0.0,0.0,0.0,0.0,False
Rapeseed and Mustard,Mahendragarh / Narnaul,Haryana,4,-195.14,-220.83,237.58,286.01,406.82,False
Rapeseed and Mustard,Mainpuri,Uttar Pradesh,4,-103.05,-105.42,152.43,185.9,265.1,False
Rapeseed and Mustard,Malappuram,Kerala,4,0.0,0.0,0.0,0.0,0.0,False
Rapeseed and Mustard,Malda,West Bengal,4,-75.21,-77.68,75.21,90.58,128.37,False
Rapeseed and Mustard,Mandi,Himachal Pradesh,4,-121.03,-234.72,262.31,265.98,292.86,False
Rapeseed and Mustard,Mandla,Madhya Pradesh,4,0.69,-23.35,104.19,119.16,166.66,False
Rapeseed and Mustard,Mandsaur,Madhya Pradesh,4,64.62,102.68,267.05,315.61,442.04,False
Rapeseed and Mustard,Mandya,Karnataka,4,0.0,0.0,0.0,0.0,0.0,False
Rapeseed and Mustard,Mathura,Uttar Pradesh,4,-57.03,-165.31,296.49,338.32,448.17,True
Rapeseed and Mustard,Mayurbhanja,Orissa,4,15.95,0.86,16.34,31.44,44.45,False
Rapeseed and Mustard,Medak,Telangana,4,0.0,0.0,0.0,0.0,0.0,False
Rapeseed and Mustard,Meerut,Uttar Pradesh,4,66.72,39.09,159.62,189.23,268.88,False
Rapeseed and Mustard,Mehsana,Gujarat,4,-10.24,-0.22,52.05,63.59,93.75,False
Rapeseed and Mustard,Midnapur,West Bengal,4,3.28,8.96,79.93,84.36,107.06,False
Rapeseed and Mustard,Mirzpur,Uttar Pradesh,4,-22.15,-25.38,113.0,115.51,137.26,False
Rapeseed and Mustard,Moradabad,Uttar Pradesh,4,20.78,-40.21,162.32,211.19,317.13,False
Rapeseed and Mustard,Morena,Madhya Pradesh,4,33.18,5.44,163.16,184.12,261.08,False
Rapeseed and Mustard,Mungair,Bihar,4,527.5,544.23,527.5,531.37,582.39,True
Rapeseed and Mustard,Murshidabad,West Bengal,4,-140.56,-133.96,140.56,147.7,191.24,False
Rapeseed and Mustard,Muzaffarnagar,Uttar Pradesh,4,-104.24,-171.05,312.53,349.94,468.98,True
Rapeseed and Mustard,Muzaffarpur,Bihar,4,380.39,508.7,414.57,461.14,558.6,True
Rapeseed and Mustard,Mysore,Karnataka,4,0.0,0.0,0.0,0.0,0.0,False
Rapeseed and Mustard,Nadia,West Bengal,4,-37.33,-60.17,78.4,81.45,102.42,False
Rapeseed and Mustard,Nagaon,Assam,4,-77.81,-55.65,77.81,102.36,154.01,False
Rapeseed and Mustard,Nagaur,Rajasthan,4,42.65,41.84,135.94,142.57,180.92,False
Rapeseed and Mustard,Nagpur,Maharashtra,4,-229.17,-208.33,229.17,325.43,475.0,False
Rapeseed and Mustard,Nainital,Uttarakhand,4,-17.93,31.34,167.43,210.1,309.89,False
Rapeseed and Mustard,Nalgonda,Telangana,4,0.0,0.0,0.0,0.0,0.0,False
Rapeseed and Mustard,Nanded,Maharashtra,4,-103.63,-91.88,103.63,147.5,216.67,False
Rapeseed and Mustard,Narsinghpur,Madhya Pradesh,4,199.92,48.61,365.36,543.62,822.6,True
Rapeseed and Mustard,Nasik,Maharashtra,4,-250.0,0.0,250.0,500.0,700.0,False
Rapeseed and Mustard,Nizamabad,Telangana,4,892.42,843.14,892.42,968.0,1304.14,True
Rapeseed and Mustard,North Arcot / Vellore,Tamil Nadu,3,0.0,0.0,0.0,0.0,0.0,False
Rapeseed and Mustard,North Cachar Hil / Dima Hasao,Assam,4,-373.4,-440.99,373.4,447.92,601.99,True
Rapeseed and Mustard,Osmanabad,Maharashtra,4,-127.1,-77.73,127.1,192.83,293.7,False
Rapeseed and Mustard,Palakkad,Kerala,4,0.0,0.0,0.0,0.0,0.0,False
Rapeseed and Mustard,Palamau,Jharkhand,4,137.56,165.18,218.25,242.36,336.55,False
Rapeseed and Mustard,Pali,Rajasthan,4,-87.67,-55.29,166.03,207.98,300.01,False
Rapeseed and Mustard,Panchmahal,Gujarat,4,3.41,-88.57,149.44,174.9,248.47,False
Rapeseed and Mustard,Panna,Madhya Pradesh,4,-123.13,-105.4,123.13,138.19,194.72,False
Rapeseed and Mustard,Parbhani,Maharashtra,4,-78.12,0.0,109.38,190.09,281.25,False
Rapeseed and Mustard,Patiala,Punjab,4,-201.69,-217.18,201.69,206.55,237.31,False
Rapeseed and Mustard,Patna,Bihar,4,488.81,480.35,488.81,493.71,565.52,True
Rapeseed and Mustard,Phulbani ( Kandhamal ),Orissa,4,-72.97,-66.51,72.97,82.77,116.77,False
Rapeseed and Mustard,Pilibhit,Uttar Pradesh,4,72.49,15.2,84.14,142.32,204.98,False
Rapeseed and Mustard,Pithorgarh,Uttarakhand,4,-135.59,-163.08,191.49,213.59,298.88,False
Rapeseed and Mustard,Pratapgarh,Uttar Pradesh,4,-27.89,-98.23,365.86,388.32,488.71,True
Rapeseed and Mustard,Pune,Maharashtra,4,-100.0,0.0,100.0,200.0,280.0,False
Rapeseed and Mustard,Puri,Orissa,4,-65.72,-54.92,65.72,76.7,109.52,False
Rapeseed and Mustard,Purnea,Bihar,4,-280.83,-235.8,408.73,510.23,749.02,True
Rapeseed and Mustard,Purulia,West Bengal,4,-8.75,-20.49,66.86,81.74,114.43,False
Rapeseed and Mustard,Rae-Bareily,Uttar Pradesh,4,146.95,148.31,178.9,223.4,326.91,False
Rapeseed and Mustard,Raichur,Karnataka,4,-41.58,0.0,41.58,83.16,116.42,False
Rapeseed and Mustard,Raigad,Maharashtra,4,-83.33,0.0,83.33,166.66,233.33,False
Rapeseed and Mustard,Raigarh,Chhattisgarh,4,21.21,22.28,46.53,51.2,68.27,False
Rapeseed and Mustard,Raipur,Chhattisgarh,4,19.55,20.37,54.19,59.43,79.24,False
Rapeseed and Mustard,Raisen,Madhya Pradesh,4,230.64,16.43,290.96,483.1,696.42,True
Rapeseed and Mustard,Rajgarh,Madhya Pradesh,4,50.49,14.28,121.37,173.32,263.14,False
Rapeseed and Mustard,Rajkot,Gujarat,4,-128.78,-144.47,187.26,217.02,309.71,False
Rapeseed and Mustard,Ramananthapuram,Tamil Nadu,4,0.0,0.0,0.0,0.0,0.0,False
Rapeseed and Mustard,Rampur,Uttar Pradesh,4,-47.44,3.54,220.43,287.26,430.33,False
Rapeseed and Mustard,Ranchi,Jharkhand,4,-57.84,-118.4,140.6,144.19,163.89,False
Rapeseed and Mustard,Ratlam,Madhya Pradesh,4,392.43,319.5,392.43,445.56,626.68,True
Rapeseed and Mustard,Ratnagiri,Maharashtra,4,-326.39,-319.44,326.39,461.69,658.34,True
Rapeseed and Mustard,Rewa,Madhya Pradesh,3,-182.46,-146.2,182.46,194.71,251.38,False
Rapeseed and Mustard,Rohtak,Haryana,4,-202.35,-225.31,357.33,426.42,596.65,True
Rapeseed and Mustard,Roopnagar / Ropar,Punjab,4,-142.31,-141.62,142.31,144.05,165.17,False
Rapeseed and Mustard,S.P.S. Nellore,Andhra Pradesh,4,-119.07,14.29,242.05,346.7,515.21,False
Rapeseed and Mustard,Sabarkantha,Gujarat,4,105.46,103.52,193.75,224.61,316.88,False
Rapeseed and Mustard,Sagar,Madhya Pradesh,4,81.46,-69.2,313.61,420.74,628.57,True
Rapeseed and Mustard,Saharanpur,Uttar Pradesh,4,-43.98,-55.39,156.52,189.4,270.67,False
Rapeseed and Mustard,Saharsa,Bihar,4,79.74,57.05,159.33,205.43,302.58,False
Rapeseed and Mustard,Sambalpur,Orissa,4,8.64,1.2,12.08,18.78,27.28,False
Rapeseed and Mustard,Sangli,Maharashtra,4,-178.57,0.0,178.57,357.14,500.0,False
Rapeseed and Mustard,Sangrur,Punjab,3,-82.09,-125.86,125.94,135.2,174.12,False
Rapeseed and Mustard,Santhal Paragana / Dumka,Jharkhand,4,55.38,61.56,195.38,204.69,258.22,False
Rapeseed and Mustard,Saran,Bihar,4,-111.9,-155.42,158.61,172.35,227.65,False
Rapeseed and Mustard,Satara,Maharashtra,4,-141.67,-100.0,141.67,208.83,316.67,False
Rapeseed and Mustard,Satna,Madhya Pradesh,4,-639.82,-560.02,639.82,766.99,1117.7,True
Rapeseed and Mustard,Sehore,Madhya Pradesh,4,110.21,-158.33,391.93,529.38,777.03,True
Rapeseed and Mustard,Seoni / Shivani,Madhya Pradesh,4,274.42,127.02,359.93,502.06,757.16,True
Rapeseed and Mustard,Shahabad (Now Part Of Bhojpur District),Bihar,4,5.99,-21.16,80.78,103.26,152.05,False
Rapeseed and Mustard,Shahdol,Madhya Pradesh,4,-61.54,-72.2,88.65,102.59,144.93,False
Rapeseed and Mustard,Shahjahanpur,Uttar Pradesh,4,-51.54,-47.07,203.52,260.46,382.37,False
Rapeseed and Mustard,Shajapur,Madhya Pradesh,4,10.66,52.83,204.4,218.63,281.25,False
Rapeseed and Mustard,Shimla,Himachal Pradesh,4,-42.61,-146.66,190.48,200.33,258.87,False
Rapeseed and Mustard,Shimoge,Karnataka,4,0.0,0.0,0.0,0.0,0.0,False
Rapeseed and Mustard,Shivpuri,Madhya Pradesh,4,-141.13,-60.25,185.12,275.25,407.65,False
Rapeseed and Mustard,Sibsagar,Assam,4,-34.1,-23.95,37.49,52.14,79.09,False
Rapeseed and Mustard,Sidhi,Madhya Pradesh,4,71.17,123.26,129.53,131.16,151.47,False
Rapeseed and Mustard,Sikar,Rajasthan,4,-67.08,-69.58,107.26,125.86,179.77,False
Rapeseed and Mustard,Singhbhum,Jharkhand,4,63.88,56.77,151.13,166.59,229.03,False
Rapeseed and Mustard,Sirmaur,Himachal Pradesh,4,-61.95,-129.94,196.39,224.3,265.26,False
Rapeseed and Mustard,Sirohi,Rajasthan,4,104.06,49.53,108.77,169.65,255.97,False
Rapeseed and Mustard,Sitapur,Uttar Pradesh,4,-62.08,-116.56,137.84,140.82,162.15,False
Rapeseed and Mustard,Solan,Himachal Pradesh,4,32.04,23.85,239.0,241.91,281.3,False
Rapeseed and Mustard,Solapur,Maharashtra,4,-77.78,-66.67,77.78,111.11,164.44,False
Rapeseed and Mustard,South Arcot / Cuddalore,Tamil Nadu,4,0.0,0.0,0.0,0.0,0.0,False
Rapeseed and Mustard,Srikakulam,Andhra Pradesh,4,0.0,0.0,0.0,0.0,0.0,False
Rapeseed and Mustard,Sultanpur,Uttar Pradesh,4,-70.4,-127.31,146.54,150.24,174.4,False
Rapeseed and Mustard,Sundargarh,Orissa,4,-8.53,-7.55,10.05,12.62,18.82,False
Rapeseed and Mustard,Surat,Gujarat,4,-413.94,-368.99,413.94,493.5,697.58,True
Rapeseed and Mustard,Surendranagar,Gujarat,4,-4.03,-40.9,148.19,162.78,217.54,False
Rapeseed and Mustard,Surguja,Chhattisgarh,4,21.13,11.52,69.83,79.17,111.33,False
Rapeseed and Mustard,Swami Madhopur,Rajasthan,4,-195.65,-250.09,285.97,337.77,460.72,False
Rapeseed and Mustard,Tehri Garhwal,Uttarakhand,4,-79.23,-59.59,233.65,272.26,386.65,False
Rapeseed and Mustard,Thane,Maharashtra,4,-104.17,0.0,145.83,253.45,375.0,False
Rapeseed and Mustard,Thanjavur,Tamil Nadu,4,77.08,120.83,127.08,129.44,154.17,False
Rapeseed and Mustard,The Nilgiris,Tamil Nadu,3,0.0,0.0,0.0,0.0,0.0,False
Rapeseed and Mustard,Thirunelveli,Tamil Nadu,3,0.0,0.0,0.0,0.0,0.0,False
Rapeseed and Mustard,Thiruvananthapuram,Kerala,4,0.0,0.0,0.0,0.0,0.0,False
Rapeseed and Mustard,Thrissur,Kerala,4,0.0,0.0,0.0,0.0,0.0,False
Rapeseed and Mustard,Tikamgarh,Madhya Pradesh,4,-219.93,-200.01,229.75,287.16,411.78,False
Rapeseed and Mustard,Tiruchirapalli / Trichy,Tamil Nadu,3,133.98,171.57,147.07,175.43,234.31,False
Rapeseed and Mustard,Tonk,Rajasthan,4,-23.75,-90.18,293.02,333.57,453.04,True
Rapeseed and Mustard,Tumkur,Karnataka,4,11.6,9.35,19.23,24.42,35.46,False
Rapeseed and Mustard,Udaipur,Rajasthan,4,52.24,35.83,98.33,114.97,166.52,False
Rapeseed and Mustard,Ujjain,Madhya Pradesh,4,44.52,4.32,135.47,159.52,228.49,False
Rapeseed and Mustard,Unnao,Uttar Pradesh,4,8.06,-31.86,196.52,231.78,331.64,False
Rapeseed and Mustard,Uttar Kashi,Uttarakhand,4,-11.34,-48.22,146.96,174.89,243.78,False
Rapeseed and Mustard,Uttara Kannada,Karnataka,4,0.0,0.0,0.0,0.0,0.0,False
Rapeseed and Mustard,Vadodara / Baroda,Gujarat,4,-10.48,-69.58,142.43,163.76,234.72,False
Rapeseed and Mustard,Valsad,Gujarat,4,502.08,312.5,724.31,934.21,1400.28,True
Rapeseed and Mustard,Varanasi,Uttar Pradesh,4,63.31,163.23,454.92,515.19,680.46,True
Rapeseed and Mustard,Vidisha,Madhya Pradesh,4,375.79,581.01,635.6,650.84,796.2,True
Rapeseed and Mustard,Visakhapatnam,Andhra Pradesh,4,0.0,0.0,0.0,0.0,0.0,False
Rapeseed and Mustard,Warangal,Telangana,4,0.0,0.0,0.0,0.0,0.0,False
Rapeseed and Mustard,Wardha,Maharashtra,4,-208.33,0.0,291.67,506.9,750.0,True
Rapeseed and Mustard,West Dinajpur,West Bengal,4,-169.03,-84.49,171.47,262.92,385.21,False
Rapeseed and Mustard,West Godavari,Andhra Pradesh,4,392.36,354.16,392.36,522.68,770.83,True
Rapeseed and Mustard,Yeotmal,Maharashtra,4,-100.0,0.0,100.0,200.0,280.0,False
Groundnut,24 Parganas,West Bengal,4,421.67,411.24,421.67,497.03,706.97,False
Groundnut,Adilabad,Telangana,4,-312.45,-283.24,312.45,329.65,432.51,False
Groundnut,Agra,Uttar Pradesh,4,-365.22,-441.07,608.45,707.56,982.35,True
Groundnut,Ahmedabad,Gujarat,4,-1002.43,-981.48,1002.43,1310.79,1894.1,True
Groundnut,Ahmednagar,Maharashtra,4,-63.47,-101.69,339.77,373.23,485.41,False
Groundnut,Ajmer,Rajasthan,4,-151.21,-156.1,151.21,163.64,215.88,False
Groundnut,Akola,Maharashtra,4,464.43,533.71,481.68,559.49,743.91,True
Groundnut,Alappuzha,Kerala,4,0.0,0.0,0.0,0.0,0.0,False
Groundnut,Aligarh,Uttar Pradesh,4,25.98,-14.32,90.66,117.5,174.52,False
Groundnut,Allahabad,Uttar Pradesh,4,15.45,-4.29,28.54,44.96,66.86,False
Groundnut,Almorah,Uttarakhand,4,-12.5,225.0,404.17,476.46,683.33,False
Groundnut,Alwar,Rajasthan,4,84.23,33.37,240.46,268.01,371.35,False
Groundnut,Amarawati,Maharashtra,4,110.83,103.76,110.83,129.34,183.28,False
Groundnut,Ambala,Haryana,4,320.83,291.67,320.83,340.44,450.0,False
Groundnut,Amreli,Gujarat,4,-388.15,-284.97,388.15,537.03,812.89,False
Groundnut,Amritsar,Punjab,4,0.0,0.0,0.0,0.0,0.0,False
Groundnut,Ananthapur,Andhra Pradesh,4,-197.44,-153.55,326.67,395.55,579.27,False
Groundnut,Aurangabad,Maharashtra,4,134.84,115.11,291.19,344.04,482.92,False
Groundnut,Azamgarh,Uttar Pradesh,4,52.38,36.29,126.07,153.83,222.5,False
Groundnut,Bahraich,Uttar Pradesh,4,50.67,34.74,125.74,152.76,220.95,False
Groundnut,Balaghat,Madhya Pradesh,4,303.9,443.12,670.96,720.83,964.68,True
Groundnut,Balasore,Orissa,4,-16.88,-12.07,27.42,34.97,51.45,False
Groundnut,Ballia,Uttar Pradesh,4,62.37,85.53,153.26,169.42,217.6,False
Groundnut,Banaskantha,Gujarat,4,-299.8,-134.58,299.8,477.05,714.97,False
Groundnut,Banda,Uttar Pradesh,4,-153.24,-117.37,417.14,487.13,689.04,False
Groundnut,Bangalore,Karnataka,4,-145.36,-124.5,177.73,220.74,324.79,False
Groundnut,Bankura,West Bengal,4,32.55,77.76,179.78,198.12,246.73,False
Groundnut,Banswara,Rajasthan,4,-398.95,-403.22,398.95,417.72,526.01,False
Groundnut,Barabanki,Uttar Pradesh,4,15.65,25.97,294.21,295.72,319.54,False
Groundnut,Bareilly,Uttar Pradesh,4,-212.6,3.29,380.56,604.81,911.36,False
Groundnut,Barmer,Rajasthan,4,58.87,-43.06,246.67,300.66,436.28,False
Groundnut,Bastar,Chhattisgarh,4,-105.79,-34.72,162.51,218.79,325.61,False
Groundnut,Basti,Uttar Pradesh,4,51.91,34.05,124.91,153.69,223.55,False
Groundnut,Beed,Maharashtra,4,319.76,338.44,332.91,414.68,594.74,False
Groundnut,Belgaum,Karnataka,4,-46.25,-78.91,213.64,256.69,353.81,False
Groundnut,Bellary,Karnataka,4,-231.5,-178.33,231.5,303.37,455.42,False
Groundnut,Betul,Madhya Pradesh,4,-132.41,343.58,1120.01,1432.86,2139.8,True
Groundnut,Bhagalpur,Bihar,4,0.0,0.0,0.0,0.0,0.0,False
Groundnut,Bhandara,Maharashtra,4,342.08,320.83,362.08,480.74,709.17,False
Groundnut,Bharatpur,Rajasthan,4,-201.07,-186.36,215.62,276.74,411.11,False
Groundnut,Bharuch,Gujarat,4,106.59,163.89,236.94,252.42,329.72,False
Groundnut,Bhatinda,Punjab,4,237.5,225.0,237.5,245.66,308.33,False
Groundnut,Bhavnagar,Gujarat,4,-690.23,-449.58,690.23,889.7,1304.2,True
Groundnut,Bhilwara,Rajasthan,4,-18.7,-57.14,227.38,247.81,324.05,False
Groundnut,Bhind,Madhya Pradesh,4,0.0,0.0,0.0,0.0,0.0,False
Groundnut,Bidar,Karnataka,4,53.64,96.71,358.12,372.66,439.11,False
Groundnut,Bijapur / Vijayapura,Karnataka,4,-79.61,-98.4,145.4,165.52,226.67,False
Groundnut,Bijnor,Uttar Pradesh,4,-17.67,-66.32,183.76,217.11,299.55,False
Groundnut,Bikaner,Rajasthan,4,-159.47,-168.05,183.75,214.17,304.87,False
Groundnut,Bilashpur,Himachal Pradesh,4,0.0,0.0,0.0,0.0,0.0,False
Groundnut,Bilaspur,Chhattisgarh,4,-130.01,-27.44,140.34,244.0,351.12,False
Groundnut,Birbhum,West Bengal,4,-271.76,-51.94,299.54,521.54,747.93,False
Groundnut,Bolangir,Orissa,4,48.35,60.05,58.94,65.18,88.44,False
Groundnut,Budaun,Uttar Pradesh,4,107.93,160.16,258.78,279.92,379.68,False
Groundnut,Buland Shahar,Uttar Pradesh,4,-220.83,-208.33,512.5,560.82,760.0,True
Groundnut,Buldhana,Maharashtra,4,260.84,283.49,310.08,365.98,527.07,False
Groundnut,Bundi,Rajasthan,4,-134.03,-151.63,134.03,145.28,181.82,False
Groundnut,Burdwan,West Bengal,4,-364.78,-300.7,364.78,412.19,573.64,False
Groundnut,Cachar,Assam,4,0.0,0.0,0.0,0.0,0.0,False
Groundnut,Chamba,Himachal Pradesh,4,0.0,0.0,0.0,0.0,0.0,False
Groundnut,Chamoli,Uttarakhand,4,0.0,0.0,0.0,0.0,0.0,False
Groundnut,Champaran,Bihar,4,17.91,16.53,17.91,23.31,34.26,False
Groundnut,Chandrapur,Maharashtra,4,-279.17,-141.67,662.5,844.3,1250.0,True
Groundnut,Chengalpattu Mgr / Kanchipuram,Tamil Nadu,4,130.14,87.64,183.52,235.68,353.02,False
Groundnut,Chhatarpur,Madhya Pradesh,4,-235.2,-374.01,593.89,655.89,852.32,True
Groundnut,Chhindwara,Madhya Pradesh,4,426.82,419.41,426.82,457.59,606.16,False
Groundnut,Chickmagalur,Karnataka,4,-88.94,-49.05,129.46,173.16,258.77,False
Groundnut,Chitradurga,Karnataka,4,-16.94,-14.55,234.22,321.41,461.63,False
Groundnut,Chittoor,Andhra Pradesh,4,-275.47,-119.42,467.44,594.35,879.64,True
Groundnut,Chittorgarh,Rajasthan,4,2.86,140.0,292.64,349.6,498.98,False
Groundnut,Churu,Rajasthan,4,-266.89,-200.53,266.89,321.02,457.41,False
Groundnut,Coimbatore,Tamil Nadu,4,-285.25,-435.81,471.92,482.81,582.92,True
Groundnut,Cooch Behar,West Bengal,4,-782.81,-193.47,782.81,1367.66,1997.22,True
Groundnut,Cuttack,Orissa,4,-39.27,-38.01,39.27,39.98,47.74,False
Groundnut,Dakshina Kannada,Karnataka,4,-619.64,-618.0,619.64,623.36,688.61,True
Groundnut,Damoh,Madhya Pradesh,4,-97.54,-78.41,243.37,265.9,364.54,False
Groundnut,Dangs,Gujarat,4,632.14,703.16,632.14,664.68,810.27,True
Groundnut,Darbhanga,Bihar,4,0.0,0.0,0.0,0.0,0.0,False
Groundnut,Darjeeling,West Bengal,4,-1315.1,-1255.2,1315.1,1346.59,1643.83,True
Groundnut,Darrang,Assam,4,0.0,0.0,0.0,0.0,0.0,False
Groundnut,Datia,Madhya Pradesh,4,235.98,348.37,344.01,359.64,453.32,False
Groundnut,Dehradun,Uttarakhand,4,-107.08,-84.61,107.08,149.62,224.8,False
Groundnut,Deoria,Uttar Pradesh,4,321.46,205.41,321.46,393.67,561.73,False
Groundnut,Dewas,Madhya Pradesh,4,747.92,872.98,846.78,975.39,1356.81,True
Groundnut,Dhanbad,Jharkhand,4,-271.63,0.0,271.63,543.26,760.56,False
Groundnut,Dhar,Madhya Pradesh,4,-443.87,-638.01,691.68,746.42,977.62,True
Groundnut,Dharwad,Karnataka,4,62.99,76.58,197.43,216.37,279.26,False
Groundnut,Dhenkanal,Orissa,4,26.95,24.2,27.58,34.88,50.53,False
Groundnut,Dhule,Maharashtra,4,116.36,162.21,227.86,242.41,321.71,False
Groundnut,Dibrugarh,Assam,4,0.0,0.0,0.0,0.0,0.0,False
Groundnut,Dungarpur,Rajasthan,4,2.35,-44.53,193.48,230.23,328.79,False
Groundnut,Durg,Chhattisgarh,4,-115.48,-40.48,115.49,193.16,284.91,False
Groundnut,East Godavari,Andhra Pradesh,4,-495.29,-457.76,495.29,528.02,698.16,True
Groundnut,Eranakulam,Kerala,4,0.0,0.0,0.0,0.0,0.0,False
Groundnut,Etah,Uttar Pradesh,4,48.27,32.66,124.01,150.39,217.87,False
Groundnut,Etawah,Uttar Pradesh,4,70.47,31.73,148.28,191.83,283.32,False
Groundnut,Faizabad,Uttar Pradesh,4,0.0,0.0,0.0,0.0,0.0,False
Groundnut,Farrukhabad,Uttar Pradesh,4,51.58,36.12,124.79,152.17,220.05,False
Groundnut,Fatehpur,Uttar Pradesh,4,72.92,61.11,134.5,167.6,239.1,False
Groundnut,Ferozpur,Punjab,4,-416.67,0.0,583.33,1013.79,1500.0,True
Groundnut,Ganganagar,Rajasthan,4,314.21,354.89,314.21,370.65,498.96,False
Groundnut,Ganjam,Orissa,4,-117.63,-135.84,160.82,181.26,256.43,False
Groundnut,Garhwal,Uttarakhand,4,-250.0,0.0,250.0,500.0,700.0,False
Groundnut,Gaya,Bihar,4,1.96,-0.15,10.11,13.06,19.48,False
Groundnut,Ghazipur,Uttar Pradesh,4,-200.77,-225.85,200.77,221.68,281.46,False
Groundnut,Goalpara,Assam,4,0.0,0.0,0.0,0.0,0.0,False
Groundnut,Gonda,Uttar Pradesh,4,105.21,12.5,157.29,255.67,381.25,False
Groundnut,Gorakhpur,Uttar Pradesh,4,181.38,159.31,181.38,205.38,289.11,False
Groundnut,Gulbarga / Kalaburagi,Karnataka,4,-34.41,-33.6,273.67,283.88,354.9,False
Groundnut,Guna,Madhya Pradesh,4,712.26,669.29,712.26,872.55,1250.73,True
Groundnut,Guntur,Andhra Pradesh,4,-578.1,-439.53,578.1,748.55,1121.0,True
Groundnut,Gurdaspur,Punjab,4,0.0,0.0,0.0,0.0,0.0,False
Groundnut,Gurgaon,Haryana,4,237.5,225.0,237.5,245.66,308.33,False
Groundnut,Gwalior,Madhya Pradesh,4,417.29,500.59,750.4,897.92,1234.1,True
Groundnut,Hamirpur,Uttar Pradesh,4,-3.23,87.54,190.37,231.2,322.64,False
Groundnut,Hardoi,Uttar Pradesh,4,-22.0,23.07,124.82,151.01,220.28,False
Groundnut,Hassan,Karnataka,4,16.38,19.35,33.23,38.13,52.47,False
Groundnut,Hazaribagh,Jharkhand,4,-261.12,0.0,261.12,522.25,731.14,False
Groundnut,Hissar,Haryana,4,-119.93,105.43,316.05,452.0,664.79,False
Groundnut,Hooghly,West Bengal,4,-136.47,-69.53,136.47,200.75,298.42,False
Groundnut,Hoshangabad,Madhya Pradesh,4,331.25,787.5,1039.58,1075.14,1341.67,True
Groundnut,Hoshiarpur,Punjab,4,-69.26,-69.61,69.26,70.05,80.2,False
Groundnut,Howrah,West Bengal,4,317.03,284.79,317.03,342.55,456.68,False
Groundnut,Hyderabad,Telangana,4,-53.68,-35.4,376.09,428.74,602.75,False
Groundnut,Indore,Madhya Pradesh,4,767.31,726.92,767.31,793.66,996.15,True
Groundnut,Jabalpur,Madhya Pradesh,4,894.45,1054.61,941.35,1084.17,1445.2,True
Groundnut,Jaipur,Rajasthan,4,96.91,42.39,105.61,164.76,246.67,False
Groundnut,Jaisalmer,Rajasthan,4,-273.54,-207.99,273.54,383.31,579.98,False
Groundnut,Jalandhar,Punjab,4,0.0,0.0,0.0,0.0,0.0,False
Groundnut,Jalaun,Uttar Pradesh,4,139.77,-97.98,318.56,470.62,690.15,False
Groundnut,Jalgaon,Maharashtra,4,131.92,132.09,261.32,309.81,443.26,False
Groundnut,Jalore,Rajasthan,4,29.18,96.21,345.57,376.58,491.29,False
Groundnut,Jalpaiguri,West Bengal,4,-20.19,-58.97,145.42,173.71,239.31,False
Groundnut,Jamnagar,Gujarat,4,-84.31,182.46,857.45,977.27,1374.12,True
Groundnut,Jaunpur,Uttar Pradesh,4,0.0,0.0,0.0,0.0,0.0,False
Groundnut,Jhabua,Madhya Pradesh,4,-191.91,-295.79,359.96,371.53,459.36,False
Groundnut,Jhalawar,Rajasthan,4,-329.31,-334.37,329.31,348.84,447.59,False
Groundnut,Jhansi,Uttar Pradesh,4,104.8,20.21,137.36,215.09,314.48,False
Groundnut,Jhunjhunu,Rajasthan,4,-49.55,-87.88,101.24,102.43,119.09,False
Groundnut,Jind,Haryana,4,0.0,0.0,0.0,0.0,0.0,False
Groundnut,Jodhpur,Rajasthan,4,-148.62,-121.94,254.27,318.59,460.96,False
Groundnut,Junagadh,Gujarat,4,-3.07,-142.37,538.76,676.09,989.65,True
Groundnut,Kadapa Ysr,Andhra Pradesh,4,-220.05,-206.78,378.73,442.75,629.37,False
Groundnut,Kalahandi,Orissa,4,61.5,67.81,62.5,74.09,101.43,False
Groundnut,Kamrup,Assam,4,0.0,0.0,0.0,0.0,0.0,False
Groundnut,Kangra,Himachal Pradesh,4,0.0,0.0,0.0,0.0,0.0,False
Groundnut,Kannur,Kerala,4,0.0,0.0,0.0,0.0,0.0,False
Groundnut,Kanpur,Uttar Pradesh,4,59.76,23.08,132.78,174.65,260.55,False
Groundnut,Kanyakumari,Tamil Nadu,3,-562.96,-755.56,1274.08,1379.45,1813.33,True
Groundnut,Kapurthala,Punjab,4,0.0,0.0,0.0,0.0,0.0,False
Groundnut,Karbi Anglong,Assam,4,0.0,0.0,0.0,0.0,0.0,False
Groundnut,Karimnagar,Telangana,4,-184.27,-207.17,344.92,392.88,532.06,False
Groundnut,Karnal,Haryana,4,0.0,0.0,0.0,0.0,0.0,False
Groundnut,Keonjhar,Orissa,4,-355.21,-362.58,355.21,411.44,565.45,False
Groundnut,Khammam,Telangana,4,-281.15,-180.07,388.01,516.73,748.84,False
Groundnut,Khandwa / East Nimar,Madhya Pradesh,4,94.33,134.98,206.61,235.96,306.82,False
Groundnut,Khargone / West Nimar,Madhya Pradesh,4,37.29,181.65,304.87,337.7,470.92,False
Groundnut,Kheda,Gujarat,4,94.32,193.51,296.04,313.42,400.51,False
Groundnut,Kheri,Uttar Pradesh,4,-69.38,-65.47,73.16,90.12,129.6,False
Groundnut,Kinnaur,Himachal Pradesh,4,0.0,0.0,0.0,0.0,0.0,False
Groundnut,Kodagu / Coorg,Karnataka,4,-318.45,-309.53,318.45,387.45,555.95,False
Groundnut,Kolar,Karnataka,4,-74.52,48.27,353.75,414.94,595.18,False
Groundnut,Kolhapur,Maharashtra,4,-109.66,-71.17,146.99,196.23,286.68,False
Groundnut,Kollam,Kerala,4,0.0,0.0,0.0,0.0,0.0,False
Groundnut,Koraput,Orissa,4,50.96,10.36,134.22,162.89,236.22,False
Groundnut,Kota,Rajasthan,4,-131.18,-159.03,131.18,144.58,176.87,False
Groundnut,Kottayam,Kerala,4,0.0,0.0,0.0,0.0,0.0,False
Groundnut,Kozhikode,Kerala,4,0.0,0.0,0.0,0.0,0.0,False
Groundnut,Krishna,Andhra Pradesh,4,-826.3,-787.93,826.3,944.02,1314.12,True
Groundnut,Kullu,Himachal Pradesh,4,0.19,-67.05,249.81,315.85,459.55,False
Groundnut,Kurnool,Andhra Pradesh,4,-279.32,-202.86,279.32,339.74,498.21,False
Groundnut,Kutch,Gujarat,4,-157.4,-152.21,157.4,186.03,264.41,False
Groundnut,Lahul & Spiti,Himachal Pradesh,4,0.0,0.0,0.0,0.0,0.0,False
Groundnut,Lakhimpur,Assam,4,0.0,0.0,0.0,0.0,0.0,False
Groundnut,Lucknow,Uttar Pradesh,4,-89.76,-109.43,121.51,134.13,186.01,False
Groundnut,Ludhiana,Punjab,4,0.0,0.0,0.0,0.0,0.0,False
Groundnut,Madurai,Tamil Nadu,4,33.73,111.24,415.78,504.33,705.93,False
Groundnut,Mahabubnagar,Telangana,4,-267.27,-385.56,354.69,372.14,457.3,False
Groundnut,Mahendragarh / Narnaul,Haryana,4,-63.41,-185.47,581.93,710.25,988.65,True
Groundnut,Mainpuri,Uttar Pradesh,4,-359.13,-454.32,614.03,694.26,952.29,True
Groundnut,Malappuram,Kerala,4,0.0,0.0,0.0,0.0,0.0,False
Groundnut,Malda,West Bengal,4,-217.34,272.15,678.07,936.71,1366.72,True
Groundnut,Mandi,Himachal Pradesh,4,-395.83,-291.67,395.83,578.85,875.0,False
Groundnut,Mandla,Madhya Pradesh,4,950.0,900.0,950.0,982.63,1233.33,True
Groundnut,Mandsaur,Madhya Pradesh,4,-177.8,-137.61,392.0,470.26,664.27,False
Groundnut,Mandya,Karnataka,4,22.48,-131.62,292.26,358.19,523.52,False
Groundnut,Mathura,Uttar Pradesh,4,0.0,0.0,0.0,0.0,0.0,False
Groundnut,Mayurbhanja,Orissa,4,-158.35,-146.92,158.35,177.88,247.04,False
Groundnut,Medak,Telangana,4,-392.94,-379.17,496.1,614.05,906.44,True
Groundnut,Meerut,Uttar Pradesh,4,-208.33,0.0,291.67,506.9,750.0,False
Groundnut,Mehsana,Gujarat,4,-372.25,-329.37,372.25,425.64,604.48,False
Groundnut,Midnapur,West Bengal,4,-328.76,-184.34,337.69,513.72,782.1,False
Groundnut,Mirzpur,Uttar Pradesh,4,408.98,568.95,785.0,886.59,1174.51,True
Groundnut,Moradabad,Uttar Pradesh,4,-395.83,-166.67,395.83,646.84,975.0,False
Groundnut,Morena,Madhya Pradesh,4,535.45,862.53,965.99,984.96,1181.99,True
Groundnut,Mungair,Bihar,4,0.0,0.0,0.0,0.0,0.0,False
Groundnut,Murshidabad,West Bengal,4,142.93,161.1,293.2,344.0,471.96,False
Groundnut,Muzaffarnagar,Uttar Pradesh,4,-250.0,0.0,250.0,500.0,700.0,False
Groundnut,Muzaffarpur,Bihar,4,0.0,0.0,0.0,0.0,0.0,False
Groundnut,Mysore,Karnataka,4,-64.22,-70.5,285.37,359.98,523.41,False
Groundnut,Nadia,West Bengal,4,180.79,162.91,180.79,191.14,247.76,False
Groundnut,Nagaon,Assam,4,0.0,0.0,0.0,0.0,0.0,False
Groundnut,Nagaur,Rajasthan,4,-122.77,-25.99,214.36,292.01,424.64,False
Groundnut,Nagpur,Maharashtra,4,-162.47,-190.51,347.42,393.12,558.1,False
Groundnut,Nainital,Uttarakhand,4,21.18,1.85,155.32,165.88,222.22,False
Groundnut,Nalgonda,Telangana,4,-137.78,-75.03,294.29,368.24,535.98,False
Groundnut,Nanded,Maharashtra,4,269.03,254.04,269.03,309.79,429.35,False
Groundnut,Narsinghpur,Madhya Pradesh,4,1311.48,1716.14,1675.87,1799.86,2351.74,True
Groundnut,Nasik,Maharashtra,4,-233.38,-163.3,265.51,367.58,557.06,False
Groundnut,Nizamabad,Telangana,4,-192.28,-156.29,384.31,456.24,650.58,False
Groundnut,North Arcot / Vellore,Tamil Nadu,3,-55.76,199.07,432.09,486.02,658.5,True
Groundnut,North Cachar Hil / Dima Hasao,Assam,4,0.0,0.0,0.0,0.0,0.0,False
Groundnut,Osmanabad,Maharashtra,4,170.92,167.23,283.99,331.77,461.95,False
Groundnut,Palakkad,Kerala,4,-110.3,-91.69,110.3,120.34,163.72,False
Groundnut,Palamau,Jharkhand,4,-191.32,0.0,191.32,382.65,535.71,False
Groundnut,Pali,Rajasthan,4,-11.01,-278.31,454.11,519.81,732.44,True
Groundnut,Panchmahal,Gujarat,4,194.38,202.24,209.03,247.4,345.87,False
Groundnut,Panna,Madhya Pradesh,4,764.68,724.43,764.68,790.94,992.74,True
Groundnut,Parbhani,Maharashtra,4,-83.68,-142.42,236.69,270.05,340.92,False
Groundnut,Patiala,Punjab,4,0.0,0.0,0.0,0.0,0.0,False
Groundnut,Patna,Bihar,4,246.14,0.0,255.4,501.63,707.72,False
Groundnut,Phulbani ( Kandhamal ),Orissa,4,-57.45,-35.37,122.99,162.9,242.43,False
Groundnut,Pilibhit,Uttar Pradesh,4,68.56,71.88,150.65,176.44,255.51,False
Groundnut,Pithorgarh,Uttarakhand,4,-52.42,-37.46,180.63,191.59,252.34,False
Groundnut,Pratapgarh,Uttar Pradesh,4,-458.33,-416.67,458.33,650.85,950.0,True
Groundnut,Pune,Maharashtra,4,-150.48,-115.74,201.39,256.33,376.16,False
Groundnut,Puri,Orissa,4,11.21,-8.07,44.68,57.35,85.09,False
Groundnut,Purnea,Bihar,4,0.0,0.0,0.0,0.0,0.0,False
Groundnut,Purulia,West Bengal,4,-80.59,-65.75,100.55,126.06,182.91,False
Groundnut,Rae-Bareily,Uttar Pradesh,4,6.68,164.02,279.91,321.14,456.07,False
Groundnut,Raichur,Karnataka,4,-133.78,-91.4,165.55,220.06,319.53,False
Groundnut,Raigad,Maharashtra,4,268.08,554.21,706.97,728.28,866.94,True
Groundnut,Raigarh,Chhattisgarh,4,-90.89,19.5,170.73,254.59,374.6,False
Groundnut,Raipur,Chhattisgarh,4,52.55,133.16,241.35,266.32,360.76,False
Groundnut,Raisen,Madhya Pradesh,4,991.62,939.43,991.62,1025.68,1287.37,True
Groundnut,Rajgarh,Madhya Pradesh,4,237.88,60.64,385.21,576.13,860.34,False
Groundnut,Rajkot,Gujarat,4,-248.81,-181.21,563.17,717.08,1071.69,True
Groundnut,Ramananthapuram,Tamil Nadu,4,218.42,109.19,297.27,405.8,611.01,False
Groundnut,Rampur,Uttar Pradesh,4,-124.7,-5.95,437.8,545.98,812.26,True
Groundnut,Ranchi,Jharkhand,4,-328.77,0.0,328.77,657.55,920.57,False
Groundnut,Ratlam,Madhya Pradesh,4,775.5,1007.57,978.41,1054.55,1380.74,True
Groundnut,Ratnagiri,Maharashtra,4,26.47,139.62,195.34,212.65,285.73,False
Groundnut,Rewa,Madhya Pradesh,3,261.11,250.0,261.11,266.84,316.67,False
Groundnut,Rohtak,Haryana,4,106.3,-135.53,415.49,558.28,834.7,False
Groundnut,Roopnagar / Ropar,Punjab,4,0.0,0.0,0.0,0.0,0.0,False
Groundnut,S.P.S. Nellore,Andhra Pradesh,4,-268.15,-355.62,314.64,342.67,433.41,False
Groundnut,Sabarkantha,Gujarat,4,-512.25,-572.32,771.28,863.01,1205.59,True
Groundnut,Sagar,Madhya Pradesh,4,-44.26,89.96,486.3,640.2,954.04,True
Groundnut,Saharanpur,Uttar Pradesh,4,19.56,34.9,78.68,84.03,98.45,False
Groundnut,Saharsa,Bihar,4,408.33,416.67,508.33,658.49,950.0,True
Groundnut,Sambalpur,Orissa,4,-73.54,-33.94,73.54,114.5,171.49,False
Groundnut,Sangli,Maharashtra,4,-118.34,-161.43,225.06,243.99,322.16,False
Groundnut,Sangrur,Punjab,3,0.0,0.0,0.0,0.0,0.0,False
Groundnut,Santhal Paragana / Dumka,Jharkhand,4,-204.88,0.0,204.88,409.76,573.66,False
Groundnut,Saran,Bihar,4,0.0,0.0,0.0,0.0,0.0,False
Groundnut,Satara,Maharashtra,4,21.86,58.67,100.27,110.0,147.85,False
Groundnut,Satna,Madhya Pradesh,4,712.5,675.0,712.5,736.97,925.0,True
Groundnut,Sehore,Madhya Pradesh,4,396.7,64.18,396.7,715.83,1021.29,False
Groundnut,Seoni / Shivani,Madhya Pradesh,4,76.0,145.36,291.26,337.32,439.8,False
Groundnut,Shahabad (Now Part Of Bhojpur District),Bihar,4,554.17,733.33,679.17,732.62,940.0,True
Groundnut,Shahdol,Madhya Pradesh,4,122.11,57.85,122.11,172.72,252.98,False
Groundnut,Shahjahanpur,Uttar Pradesh,4,-122.07,-85.05,125.47,176.77,267.79,False
Groundnut,Shajapur,Madhya Pradesh,4,153.73,227.05,241.51,249.17,311.15,False
Groundnut,Shimla,Himachal Pradesh,4,-70.83,-60.71,362.5,373.1,458.09,False
Groundnut,Shimoge,Karnataka,4,-42.57,33.69,164.41,226.51,342.67,False
Groundnut,Shivpuri,Madhya Pradesh,4,208.4,90.79,256.26,384.87,569.32,False
Groundnut,Sibsagar,Assam,4,0.0,0.0,0.0,0.0,0.0,False
Groundnut,Sidhi,Madhya Pradesh,4,831.25,787.5,831.25,859.8,1079.17,True
Groundnut,Sikar,Rajasthan,4,-214.07,-199.46,214.07,231.98,314.52,False
Groundnut,Singhbhum,Jharkhand,4,-214.96,0.0,214.96,429.93,601.9,False
Groundnut,Sirmaur,Himachal Pradesh,4,-55.79,-89.35,116.9,123.72,154.17,False
Groundnut,Sirohi,Rajasthan,4,496.82,230.07,499.69,794.86,1198.8,True
Groundnut,Sitapur,Uttar Pradesh,4,-99.49,-135.9,120.51,130.75,166.41,False
Groundnut,Solan,Himachal Pradesh,4,0.0,0.0,0.0,0.0,0.0,False
Groundnut,Solapur,Maharashtra,4,33.24,-29.22,110.94,154.12,230.95,False
Groundnut,South Arcot / Cuddalore,Tamil Nadu,4,-489.4,-489.82,489.4,520.24,677.17,True
Groundnut,Srikakulam,Andhra Pradesh,4,-174.12,-194.0,188.17,229.04,324.17,False
Groundnut,Sultanpur,Uttar Pradesh,4,-38.02,-39.86,248.19,252.67,296.76,False
Groundnut,Sundargarh,Orissa,4,0.57,32.95,53.37,61.73,86.53,False
Groundnut,Surat,Gujarat,4,-23.51,-16.64,68.55,73.45,98.71,False
Groundnut,Surendranagar,Gujarat,4,222.1,109.68,487.23,646.98,966.33,True
Groundnut,Surguja,Chhattisgarh,4,17.35,1.03,176.81,191.24,259.16,False
Groundnut,Swami Madhopur,Rajasthan,4,99.72,117.88,121.46,140.87,197.74,False
Groundnut,Tehri Garhwal,Uttarakhand,4,0.0,0.0,0.0,0.0,0.0,False
Groundnut,Thane,Maharashtra,4,-106.21,3.47,289.34,363.96,535.18,False
Groundnut,Thanjavur,Tamil Nadu,4,-106.78,-140.76,336.22,378.59,498.49,False
Groundnut,Thirunelveli,Tamil Nadu,3,-110.02,-62.53,457.29,546.77,734.93,True
Groundnut,Thiruvananthapuram,Kerala,4,0.0,0.0,0.0,0.0,0.0,False
Groundnut,Thrissur,Kerala,4,0.0,0.0,0.0,0.0,0.0,False
Groundnut,Tikamgarh,Madhya Pradesh,4,62.32,134.34,198.33,222.33,266.2,False
Groundnut,Tiruchirapalli / Trichy,Tamil Nadu,3,-48.98,-169.58,447.83,489.23,593.74,True
Groundnut,Tonk,Rajasthan,4,81.1,25.08,188.7,255.13,384.15,False
Groundnut,Tumkur,Karnataka,4,-161.94,-211.04,223.99,243.78,330.3,False
Groundnut,Udaipur,Rajasthan,4,-142.22,-199.83,348.62,407.97,528.62,False
Groundnut,Ujjain,Madhya Pradesh,4,853.54,1002.81,931.83,1073.51,1471.22,True
Groundnut,Unnao,Uttar Pradesh,4,-34.55,-43.23,152.44,158.56,193.59,False
Groundnut,Uttar Kashi,Uttarakhand,4,0.0,0.0,0.0,0.0,0.0,False
Groundnut,Uttara Kannada,Karnataka,4,-283.1,-385.27,327.3,358.04,446.31,False
Groundnut,Vadodara / Baroda,Gujarat,4,-179.29,-140.2,281.78,346.07,509.43,False
Groundnut,Valsad,Gujarat,4,-291.05,-269.34,373.63,466.13,691.03,False
Groundnut,Varanasi,Uttar Pradesh,4,-327.08,-445.83,493.75,521.9,687.5,True
Groundnut,Vidisha,Madhya Pradesh,4,401.12,242.6,800.32,946.57,1370.26,True
Groundnut,Visakhapatnam,Andhra Pradesh,4,-113.27,-81.96,113.27,139.75,202.11,False
Groundnut,Warangal,Telangana,4,-92.4,-66.85,214.53,237.35,330.54,False
Groundnut,Wardha,Maharashtra,4,-92.76,-221.51,285.99,295.44,364.87,False
Groundnut,West Dinajpur,West Bengal,4,251.63,209.86,251.63,281.89,397.57,False
Groundnut,West Godavari,Andhra Pradesh,4,-530.94,-690.65,530.94,608.8,720.56,True
Groundnut,Yeotmal,Maharashtra,4,289.92,293.26,309.43,379.29,551.46,False
Sorghum,24 Parganas,West Bengal,4,0.0,0.0,0.0,0.0,0.0,False
Sorghum,Adilabad,Telangana,4,120.31,81.15,120.31,170.49,256.76,False
Sorghum,Agra,Uttar Pradesh,4,-151.62,207.77,594.32,795.92,1185.27,True
Sorghum,Ahmedabad,Gujarat,4,94.25,76.89,406.61,531.04,780.99,True
Sorghum,Ahmednagar,Maharashtra,4,-66.02,-113.19,172.93,183.74,240.22,False
Sorghum,Ajmer,Rajasthan,4,141.78,94.26,141.78,200.84,304.57,False
Sorghum,Akola,Maharashtra,4,469.29,537.14,469.29,525.2,669.94,True
Sorghum,Alappuzha,Kerala,4,0.0,0.0,0.0,0.0,0.0,False
Sorghum,Aligarh,Uttar Pradesh,4,-220.83,-208.33,512.5,560.82,760.0,True
Sorghum,Allahabad,Uttar Pradesh,4,375.96,388.2,375.96,381.89,441.45,False
Sorghum,Almorah,Uttarakhand,4,0.0,0.0,0.0,0.0,0.0,False
Sorghum,Alwar,Rajasthan,4,22.98,-10.46,64.38,93.0,140.87,False
Sorghum,Amarawati,Maharashtra,4,99.85,110.68,199.67,227.48,324.27,False
Sorghum,Ambala,Haryana,4,0.0,0.0,0.0,0.0,0.0,False
Sorghum,Amreli,Gujarat,4,-330.99,0.0,330.99,661.97,926.76,False
Sorghum,Amritsar,Punjab,4,0.0,0.0,0.0,0.0,0.0,False
Sorghum,Ananthapur,Andhra Pradesh,4,233.64,261.35,234.34,294.76,410.19,False
Sorghum,Aurangabad,Maharashtra,4,-32.88,48.7,265.08,295.08,406.09,False
Sorghum,Azamgarh,Uttar Pradesh,4,393.92,216.66,543.58,741.48,1112.5,True
Sorghum,Bahraich,Uttar Pradesh,4,17.38,53.58,100.25,115.36,154.44,False
Sorghum,Balaghat,Madhya Pradesh,4,1108.65,1370.42,1196.15,1351.85,1756.62,True
Sorghum,Balasore,Orissa,4,0.0,0.0,0.0,0.0,0.0,False
Sorghum,Ballia,Uttar Pradesh,4,92.71,68.08,203.94,249.98,359.03,False
Sorghum,Banaskantha,Gujarat,4,140.38,150.87,142.19,169.7,233.18,False
Sorghum,Banda,Uttar Pradesh,4,169.33,51.77,333.43,462.64,693.87,False
Sorghum,Bangalore,Karnataka,4,186.7,153.56,472.85,566.37,808.24,True
Sorghum,Bankura,West Bengal,4,0.0,0.0,0.0,0.0,0.0,False
Sorghum,Banswara,Rajasthan,4,43.9,51.72,89.54,100.55,141.8,False
Sorghum,Barabanki,Uttar Pradesh,4,-37.76,-75.68,181.58,208.23,268.39,False
Sorghum,Bareilly,Uttar Pradesh,4,65.66,26.26,177.27,197.81,275.86,False
Sorghum,Barmer,Rajasthan,4,65.96,208.58,284.45,300.31,391.0,False
Sorghum,Bastar,Chhattisgarh,4,-236.52,-181.93,236.52,299.87,445.78,False
Sorghum,Basti,Uttar Pradesh,4,0.0,0.0,0.0,0.0,0.0,False
Sorghum,Beed,Maharashtra,4,106.23,58.14,106.23,155.94,229.98,False
Sorghum,Belgaum,Karnataka,4,1.36,-50.96,244.16,285.8,404.65,False
Sorghum,Bellary,Karnataka,4,-240.29,-228.03,330.51,389.79,555.69,False
Sorghum,Betul,Madhya Pradesh,4,-419.63,-315.72,419.63,509.01,735.16,True
Sorghum,Bhagalpur,Bihar,4,-52.08,-50.0,52.08,73.72,105.83,False
Sorghum,Bhandara,Maharashtra,4,0.0,0.0,0.0,0.0,0.0,False
Sorghum,Bharatpur,Rajasthan,4,22.58,9.59,258.38,261.53,303.55,False
Sorghum,Bharuch,Gujarat,4,-34.26,-53.47,128.71,142.29,180.95,False
Sorghum,Bhatinda,Punjab,4,0.0,0.0,0.0,0.0,0.0,False
Sorghum,Bhavnagar,Gujarat,4,215.57,-136.46,462.24,693.56,1015.07,True
Sorghum,Bhilwara,Rajasthan,4,202.39,103.09,272.41,385.34,562.41,False
Sorghum,Bhind,Madhya Pradesh,4,-398.22,-512.25,410.8,468.46,571.13,True
Sorghum,Bidar,Karnataka,4,214.96,339.08,395.93,405.21,489.13,False
Sorghum,Bijapur / Vijayapura,Karnataka,4,161.44,190.12,220.18,244.85,342.9,False
Sorghum,Bikaner,Rajasthan,4,42.27,62.64,87.77,92.82,121.67,False
Sorghum,Bilashpur,Himachal Pradesh,4,0.0,0.0,0.0,0.0,0.0,False
Sorghum,Bilaspur,Chhattisgarh,4,-419.25,-389.08,419.25,480.04,679.92,True
Sorghum,Birbhum,West Bengal,4,0.0,0.0,0.0,0.0,0.0,False
Sorghum,Bolangir,Orissa,4,-0.04,2.85,16.51,17.41,22.4,False
Sorghum,Budaun,Uttar Pradesh,4,-86.59,-70.01,86.59,101.82,147.74,False
Sorghum,Buland Shahar,Uttar Pradesh,4,111.89,130.96,150.29,165.13,223.11,False
Sorghum,Buldhana,Maharashtra,4,271.84,331.07,379.19,410.78,550.04,False
Sorghum,Bundi,Rajasthan,4,139.74,109.84,139.74,158.88,220.55,False
Sorghum,Burdwan,West Bengal,4,0.0,0.0,0.0,0.0,0.0,False
Sorghum,Cachar,Assam,4,0.0,0.0,0.0,0.0,0.0,False
Sorghum,Chamba,Himachal Pradesh,4,0.0,0.0,0.0,0.0,0.0,False
Sorghum,Chamoli,Uttarakhand,4,0.0,0.0,0.0,0.0,0.0,False
Sorghum,Champaran,Bihar,4,0.0,0.0,0.0,0.0,0.0,False
Sorghum,Chandrapur,Maharashtra,4,0.4,250.63,453.15,526.88,755.61,True
Sorghum,Chengalpattu Mgr / Kanchipuram,Tamil Nadu,4,-11.36,99.5,502.53,650.48,954.45,True
Sorghum,Chhatarpur,Madhya Pradesh,4,-517.53,-339.19,517.53,716.24,1085.75,True
Sorghum,Chhindwara,Madhya Pradesh,4,-397.96,-330.31,397.96,443.93,623.94,True
Sorghum,Chickmagalur,Karnataka,4,-56.28,-148.37,183.59,188.65,233.13,False
Sorghum,Chitradurga,Karnataka,4,-17.72,-28.81,97.81,119.82,169.46,False
Sorghum,Chittoor,Andhra Pradesh,4,119.65,291.67,478.41,543.05,686.1,True
Sorghum,Chittorgarh,Rajasthan,4,-44.02,-33.62,139.32,179.57,266.79,False
Sorghum,Churu,Rajasthan,4,-41.67,61.11,430.56,471.96,646.67,True
Sorghum,Coimbatore,Tamil Nadu,4,110.0,170.67,232.92,243.81,314.91,False
Sorghum,Cooch Behar,West Bengal,4,0.0,0.0,0.0,0.0,0.0,False
Sorghum,Cuttack,Orissa,4,278.65,343.75,299.48,339.02,440.62,False
Sorghum,Dakshina Kannada,Karnataka,4,0.0,0.0,0.0,0.0,0.0,False
Sorghum,Damoh,Madhya Pradesh,4,-415.61,-270.76,444.3,620.58,915.95,True
Sorghum,Dangs,Gujarat,4,-467.91,19.25,694.93,1091.38,1578.89,True
Sorghum,Darbhanga,Bihar,4,-169.64,89.29,366.07,553.57,814.29,False
Sorghum,Darjeeling,West Bengal,4,0.0,0.0,0.0,0.0,0.0,False
Sorghum,Darrang,Assam,4,0.0,0.0,0.0,0.0,0.0,False
Sorghum,Datia,Madhya Pradesh,4,-202.09,121.07,412.85,627.39,914.73,True
Sorghum,Dehradun,Uttarakhand,4,0.0,0.0,0.0,0.0,0.0,False
Sorghum,Deoria,Uttar Pradesh,4,-52.97,-104.76,294.04,354.35,483.79,False
Sorghum,Dewas,Madhya Pradesh,4,-497.79,-946.43,1164.93,1186.48,1403.09,True
Sorghum,Dhanbad,Jharkhand,4,-158.62,0.0,158.62,317.24,444.13,False
Sorghum,Dhar,Madhya Pradesh,4,-121.86,-41.32,397.93,455.52,645.65,True
Sorghum,Dharwad,Karnataka,4,109.04,125.95,268.69,306.94,410.65,False
Sorghum,Dhenkanal,Orissa,4,0.0,0.0,0.0,0.0,0.0,False
Sorghum,Dhule,Maharashtra,4,195.46,181.05,228.25,303.33,444.95,False
Sorghum,Dibrugarh,Assam,4,0.0,0.0,0.0,0.0,0.0,False
Sorghum,Dungarpur,Rajasthan,4,40.51,61.48,83.63,87.72,113.59,False
Sorghum,Durg,Chhattisgarh,4,-388.3,-325.19,388.3,464.09,662.12,False
Sorghum,East Godavari,Andhra Pradesh,4,1051.46,937.23,1051.46,1080.11,1325.61,True
Sorghum,Eranakulam,Kerala,4,0.0,0.0,0.0,0.0,0.0,False
Sorghum,Etah,Uttar Pradesh,4,26.39,-13.89,56.95,86.11,126.67,False
Sorghum,Etawah,Uttar Pradesh,4,126.54,228.83,320.91,362.69,434.4,False
Sorghum,Faizabad,Uttar Pradesh,4,-114.27,-170.96,226.18,246.8,318.72,False
Sorghum,Farrukhabad,Uttar Pradesh,4,125.92,229.41,322.06,364.7,435.5,False
Sorghum,Fatehpur,Uttar Pradesh,4,467.43,511.86,531.0,612.53,859.49,True
Sorghum,Ferozpur,Punjab,4,0.0,0.0,0.0,0.0,0.0,False
Sorghum,Ganganagar,Rajasthan,4,114.56,106.38,114.56,126.91,171.68,False
Sorghum,Ganjam,Orissa,4,4.24,2.24,4.24,6.24,9.24,False
Sorghum,Garhwal,Uttarakhand,4,0.0,0.0,0.0,0.0,0.0,False
Sorghum,Gaya,Bihar,4,490.16,464.36,490.16,506.99,636.35,True
Sorghum,Ghazipur,Uttar Pradesh,4,-158.79,-388.41,521.22,544.54,682.37,True
Sorghum,Goalpara,Assam,4,0.0,0.0,0.0,0.0,0.0,False
Sorghum,Gonda,Uttar Pradesh,4,-437.5,-375.0,437.5,625.0,925.0,True
Sorghum,Gorakhpur,Uttar Pradesh,4,0.0,0.0,0.0,0.0,0.0,False
Sorghum,Gulbarga / Kalaburagi,Karnataka,4,-68.39,-151.56,312.7,360.37,479.75,False
Sorghum,Guna,Madhya Pradesh,4,-251.13,-103.67,475.98,667.29,1007.72,True
Sorghum,Guntur,Andhra Pradesh,4,-39.34,-3.61,422.91,505.01,723.78,True
Sorghum,Gurdaspur,Punjab,4,0.0,0.0,0.0,0.0,0.0,False
Sorghum,Gurgaon,Haryana,4,-40.18,3.53,71.6,107.69,159.44,False
Sorghum,Gwalior,Madhya Pradesh,4,91.52,102.59,331.57,395.81,559.28,False
Sorghum,Hamirpur,Uttar Pradesh,4,304.84,179.32,340.08,488.28,733.5,False
Sorghum,Hardoi,Uttar Pradesh,4,-157.54,-237.95,256.23,265.08,332.86,False
Sorghum,Hassan,Karnataka,4,-100.86,-25.26,406.16,498.43,736.7,True
Sorghum,Hazaribagh,Jharkhand,4,-221.24,0.0,221.24,442.49,619.48,False
Sorghum,Hissar,Haryana,4,-287.65,-291.67,287.65,309.79,408.52,False
Sorghum,Hooghly,West Bengal,4,0.0,0.0,0.0,0.0,0.0,False
Sorghum,Hoshangabad,Madhya Pradesh,4,12.12,-246.87,471.68,556.91,804.93,True
Sorghum,Hoshiarpur,Punjab,4,0.0,0.0,0.0,0.0,0.0,False
Sorghum,Howrah,West Bengal,4,0.0,0.0,0.0,0.0,0.0,False
Sorghum,Hyderabad,Telangana,4,-152.63,-186.05,211.37,228.99,306.38,False
Sorghum,Indore,Madhya Pradesh,4,556.31,1071.77,1309.36,1333.72,1563.29,True
Sorghum,Jabalpur,Madhya Pradesh,4,-23.51,-53.45,687.09,935.23,1323.3,True
Sorghum,Jaipur,Rajasthan,4,162.94,181.34,162.94,185.2,247.07,False
Sorghum,Jaisalmer,Rajasthan,4,-0.64,-2.68,208.54,214.54,259.45,False
Sorghum,Jalandhar,Punjab,4,0.0,0.0,0.0,0.0,0.0,False
Sorghum,Jalaun,Uttar Pradesh,4,166.32,389.33,544.75,581.87,722.86,True
Sorghum,Jalgaon,Maharashtra,4,161.68,44.42,266.66,399.6,600.48,False
Sorghum,Jalore,Rajasthan,4,251.74,318.5,276.18,310.28,402.79,False
Sorghum,Jalpaiguri,West Bengal,4,0.0,0.0,0.0,0.0,0.0,False
Sorghum,Jamnagar,Gujarat,4,-995.44,-1055.29,995.44,1021.36,1201.49,True
Sorghum,Jaunpur,Uttar Pradesh,4,-38.61,-188.1,315.88,357.37,488.02,False
Sorghum,Jhabua,Madhya Pradesh,4,-281.02,-162.68,394.3,537.48,785.67,False
Sorghum,Jhalawar,Rajasthan,4,374.12,451.56,412.01,472.68,642.06,True
Sorghum,Jhansi,Uttar Pradesh,4,247.61,211.66,247.61,306.26,451.96,False
Sorghum,Jhunjhunu,Rajasthan,4,0.0,0.0,0.0,0.0,0.0,False
Sorghum,Jind,Haryana,4,0.0,0.0,0.0,0.0,0.0,False
Sorghum,Jodhpur,Rajasthan,4,-136.46,-90.34,165.58,223.95,332.07,False
Sorghum,Junagadh,Gujarat,4,-229.43,-203.97,241.7,304.01,439.3,False
Sorghum,Kadapa Ysr,Andhra Pradesh,4,33.31,65.73,412.22,431.57,531.58,True
Sorghum,Kalahandi,Orissa,4,18.54,17.82,22.16,29.07,42.25,False
Sorghum,Kamrup,Assam,4,0.0,0.0,0.0,0.0,0.0,False
Sorghum,Kangra,Himachal Pradesh,4,0.0,0.0,0.0,0.0,0.0,False
Sorghum,Kannur,Kerala,4,237.5,225.0,237.5,245.66,308.33,False
Sorghum,Kanpur,Uttar Pradesh,4,25.89,252.94,465.4,548.72,758.32,True
Sorghum,Kanyakumari,Tamil Nadu,3,-333.33,0.0,333.33,577.35,800.0,False
Sorghum,Kapurthala,Punjab,4,0.0,0.0,0.0,0.0,0.0,False
Sorghum,Karbi Anglong,Assam,4,0.0,0.0,0.0,0.0,0.0,False
Sorghum,Karimnagar,Telangana,4,-439.1,-403.06,455.67,598.07,888.01,True
Sorghum,Karnal,Haryana,4,-75.4,39.68,162.7,246.03,361.9,False
Sorghum,Keonjhar,Orissa,4,-24.82,-26.36,35.02,40.39,58.03,False
Sorghum,Khammam,Telangana,4,-187.22,-236.0,231.54,261.12,356.57,False
Sorghum,Khandwa / East Nimar,Madhya Pradesh,4,-86.58,-66.79,762.17,776.82,925.79,True
Sorghum,Khargone / West Nimar,Madhya Pradesh,4,-51.56,-75.25,180.79,210.66,297.49,False
Sorghum,Kheda,Gujarat,4,-174.15,-181.98,174.15,201.62,279.38,False
Sorghum,Kheri,Uttar Pradesh,4,52.23,78.67,299.78,327.81,429.11,False
Sorghum,Kinnaur,Himachal Pradesh,4,0.0,0.0,0.0,0.0,0.0,False
Sorghum,Kodagu / Coorg,Karnataka,4,0.0,0.0,0.0,0.0,0.0,False
Sorghum,Kolar,Karnataka,4,73.18,-131.05,455.34,592.43,890.58,True
Sorghum,Kolhapur,Maharashtra,4,35.89,102.42,217.83,247.91,345.5,False
Sorghum,Kollam,Kerala,4,0.0,0.0,0.0,0.0,0.0,False
Sorghum,Koraput,Orissa,4,4.05,6.75,10.11,10.99,14.0,False
Sorghum,Kota,Rajasthan,4,-28.28,-19.86,139.34,170.56,247.86,False
Sorghum,Kottayam,Kerala,4,0.0,0.0,0.0,0.0,0.0,False
Sorghum,Kozhikode,Kerala,4,237.5,225.0,237.5,245.66,308.33,False
Sorghum,Krishna,Andhra Pradesh,4,388.53,68.85,504.39,798.14,1164.72,True
Sorghum,Kullu,Himachal Pradesh,4,0.0,0.0,0.0,0.0,0.0,False
Sorghum,Kurnool,Andhra Pradesh,4,175.26,145.17,175.26,210.59,303.56,False
Sorghum,Kutch,Gujarat,4,-548.16,-817.21,788.67,820.77,1018.91,True
Sorghum,Lahul & Spiti,Himachal Pradesh,4,0.0,0.0,0.0,0.0,0.0,False
Sorghum,Lakhimpur,Assam,4,0.0,0.0,0.0,0.0,0.0,False
Sorghum,Lucknow,Uttar Pradesh,4,-98.32,-30.99,200.49,243.28,353.43,False
Sorghum,Ludhiana,Punjab,4,0.0,0.0,0.0,0.0,0.0,False
Sorghum,Madurai,Tamil Nadu,4,163.61,12.33,650.31,934.98,1410.01,True
Sorghum,Mahabubnagar,Telangana,4,-1.58,-29.17,108.95,116.44,149.76,False
Sorghum,Mahendragarh / Narnaul,Haryana,4,192.08,151.75,192.08,255.04,383.16,False
Sorghum,Mainpuri,Uttar Pradesh,4,-130.27,191.91,606.28,801.15,1201.63,True
Sorghum,Malappuram,Kerala,4,0.0,0.0,0.0,0.0,0.0,False
Sorghum,Malda,West Bengal,4,0.0,0.0,0.0,0.0,0.0,False
Sorghum,Mandi,Himachal Pradesh,4,0.0,0.0,0.0,0.0,0.0,False
Sorghum,Mandla,Madhya Pradesh,4,-238.92,-403.95,941.58,1033.69,1283.58,True
Sorghum,Mandsaur,Madhya Pradesh,4,99.28,432.9,849.04,999.12,1358.92,True
Sorghum,Mandya,Karnataka,4,711.37,713.84,711.37,902.05,1299.25,True
Sorghum,Mathura,Uttar Pradesh,4,-75.0,183.33,591.66,756.63,1133.33,True
Sorghum,Mayurbhanja,Orissa,4,616.67,733.33,616.67,721.88,940.0,True
Sorghum,Medak,Telangana,4,122.19,143.35,140.51,158.1,215.12,False
Sorghum,Meerut,Uttar Pradesh,4,213.91,26.97,330.46,530.91,794.29,False
Sorghum,Mehsana,Gujarat,4,-293.05,-299.85,293.05,303.39,373.94,False
Sorghum,Midnapur,West Bengal,4,0.0,0.0,0.0,0.0,0.0,False
Sorghum,Mirzpur,Uttar Pradesh,4,38.45,56.12,138.47,147.05,180.11,False
Sorghum,Moradabad,Uttar Pradesh,4,-586.19,-390.37,586.19,812.12,1231.95,True
Sorghum,Morena,Madhya Pradesh,4,191.82,-113.98,732.54,938.83,1394.7,True
Sorghum,Mungair,Bihar,4,-11.14,-11.74,19.92,22.87,31.36,False
Sorghum,Murshidabad,West Bengal,4,0.0,0.0,0.0,0.0,0.0,False
Sorghum,Muzaffarnagar,Uttar Pradesh,4,0.0,0.0,0.0,0.0,0.0,False
Sorghum,Muzaffarpur,Bihar,4,0.0,0.0,0.0,0.0,0.0,False
Sorghum,Mysore,Karnataka,4,-23.03,-27.96,34.55,37.44,50.33,False
Sorghum,Nadia,West Bengal,4,0.0,0.0,0.0,0.0,0.0,False
Sorghum,Nagaon,Assam,4,0.0,0.0,0.0,0.0,0.0,False
Sorghum,Nagaur,Rajasthan,4,-30.23,7.79,150.3,174.39,251.5,False
Sorghum,Nagpur,Maharashtra,4,0.94,17.47,111.3,119.39,157.44,False
Sorghum,Nainital,Uttarakhand,4,0.0,0.0,0.0,0.0,0.0,False
Sorghum,Nalgonda,Telangana,4,193.2,193.57,223.54,274.67,403.33,False
Sorghum,Nanded,Maharashtra,4,360.35,386.42,374.07,451.92,641.72,False
Sorghum,Narsinghpur,Madhya Pradesh,4,397.37,209.73,415.14,622.68,926.12,True
Sorghum,Nasik,Maharashtra,4,378.26,371.6,378.26,405.99,531.5,False
Sorghum,Nizamabad,Telangana,4,-45.92,-117.81,295.63,345.62,483.84,False
Sorghum,North Arcot / Vellore,Tamil Nadu,3,-244.28,-226.55,244.28,311.23,436.38,False
Sorghum,North Cachar Hil / Dima Hasao,Assam,4,0.0,0.0,0.0,0.0,0.0,False
Sorghum,Osmanabad,Maharashtra,4,167.82,186.79,252.77,307.25,430.83,False
Sorghum,Palakkad,Kerala,4,12.17,5.86,31.61,36.4,51.0,False
Sorghum,Palamau,Jharkhand,4,-119.54,0.0,119.54,239.07,334.71,False
Sorghum,Pali,Rajasthan,4,59.27,26.47,104.59,137.65,200.37,False
Sorghum,Panchmahal,Gujarat,4,-198.02,-192.81,198.02,219.72,302.49,False
Sorghum,Panna,Madhya Pradesh,4,-409.73,-648.07,652.82,664.5,785.79,True
Sorghum,Parbhani,Maharashtra,4,213.96,241.57,300.4,361.2,513.47,False
Sorghum,Patiala,Punjab,4,0.0,0.0,0.0,0.0,0.0,False
Sorghum,Patna,Bihar,4,-291.78,-269.6,291.78,297.35,357.02,False
Sorghum,Phulbani ( Kandhamal ),Orissa,4,-70.21,-52.3,78.06,103.24,152.0,False
Sorghum,Pilibhit,Uttar Pradesh,4,0.0,0.0,0.0,0.0,0.0,False
Sorghum,Pithorgarh,Uttarakhand,4,0.0,0.0,0.0,0.0,0.0,False
Sorghum,Pratapgarh,Uttar Pradesh,4,147.71,304.09,396.56,412.52,492.49,True
Sorghum,Pune,Maharashtra,4,36.02,95.45,150.98,161.88,215.88,False
Sorghum,Puri,Orissa,4,-47.5,-45.0,47.5,49.13,61.67,False
Sorghum,Purnea,Bihar,4,0.0,0.0,0.0,0.0,0.0,False
Sorghum,Purulia,West Bengal,4,-12.77,11.86,61.38,74.39,107.91,False
Sorghum,Rae-Bareily,Uttar Pradesh,4,95.07,93.69,95.07,101.8,134.3,False
Sorghum,Raichur,Karnataka,4,129.07,115.04,287.35,323.76,451.41,False
Sorghum,Raigad,Maharashtra,4,0.0,0.0,0.0,0.0,0.0,False
Sorghum,Raigarh,Chhattisgarh,4,-391.09,-415.87,391.09,453.49,626.64,False
Sorghum,Raipur,Chhattisgarh,4,-227.52,-199.65,227.52,248.81,341.78,False
Sorghum,Raisen,Madhya Pradesh,4,1157.05,1535.22,1515.37,1616.98,2103.82,True
Sorghum,Rajgarh,Madhya Pradesh,4,-362.43,-373.16,388.78,463.79,659.51,False
Sorghum,Rajkot,Gujarat,4,-407.63,-450.1,407.63,426.0,514.83,True
Sorghum,Ramananthapuram,Tamil Nadu,4,-279.71,-246.33,1068.2,1259.33,1798.0,True
Sorghum,Rampur,Uttar Pradesh,4,-557.73,-389.17,557.73,739.4,1115.43,True
Sorghum,Ranchi,Jharkhand,4,-157.61,0.0,157.61,315.21,441.3,False
Sorghum,Ratlam,Madhya Pradesh,4,-10.0,405.0,715.0,835.85,1195.0,True
Sorghum,Ratnagiri,Maharashtra,4,0.0,0.0,0.0,0.0,0.0,False
Sorghum,Rewa,Madhya Pradesh,3,-136.8,-120.51,279.55,323.73,446.04,False
Sorghum,Rohtak,Haryana,4,-19.25,-11.58,29.85,39.83,58.88,False
Sorghum,Roopnagar / Ropar,Punjab,4,0.0,0.0,0.0,0.0,0.0,False
Sorghum,S.P.S. Nellore,Andhra Pradesh,4,809.28,1012.41,809.28,908.27,1097.52,True
Sorghum,Sabarkantha,Gujarat,4,-657.06,-867.96,919.24,973.29,1257.16,True
Sorghum,Sagar,Madhya Pradesh,4,-287.68,-348.35,593.14,672.33,928.73,True
Sorghum,Saharanpur,Uttar Pradesh,4,0.0,0.0,0.0,0.0,0.0,False
Sorghum,Saharsa,Bihar,4,266.67,500.0,566.67,571.06,646.67,True
Sorghum,Sambalpur,Orissa,4,-105.55,-100.0,105.55,109.18,137.04,False
Sorghum,Sangli,Maharashtra,4,-142.39,-162.85,183.01,203.34,278.05,False
Sorghum,Sangrur,Punjab,3,0.0,0.0,0.0,0.0,0.0,False
Sorghum,Santhal Paragana / Dumka,Jharkhand,4,-183.43,0.0,183.43,366.85,513.59,False
Sorghum,Saran,Bihar,4,259.09,245.45,259.09,267.99,336.36,False
Sorghum,Satara,Maharashtra,4,-2.28,-14.34,89.66,94.19,119.69,False
Sorghum,Satna,Madhya Pradesh,4,-577.49,-774.45,859.93,951.8,1285.44,True
Sorghum,Sehore,Madhya Pradesh,4,-6.93,-92.21,308.65,381.14,556.43,False
Sorghum,Seoni / Shivani,Madhya Pradesh,4,129.17,335.21,997.41,1078.74,1359.37,True
Sorghum,Shahabad (Now Part Of Bhojpur District),Bihar,4,0.87,0.82,3.14,3.27,4.13,False
Sorghum,Shahdol,Madhya Pradesh,4,-234.9,-91.49,438.95,544.06,797.64,True
Sorghum,Shahjahanpur,Uttar Pradesh,4,9.41,-32.6,84.2,105.0,150.38,False
Sorghum,Shajapur,Madhya Pradesh,4,-208.39,-520.95,721.09,775.16,962.9,True
Sorghum,Shimla,Himachal Pradesh,4,0.0,0.0,0.0,0.0,0.0,False
Sorghum,Shimoge,Karnataka,4,-254.75,-326.62,400.59,456.16,625.83,True
Sorghum,Shivpuri,Madhya Pradesh,4,-62.25,-32.96,550.95,758.99,1105.57,True
Sorghum,Sibsagar,Assam,4,0.0,0.0,0.0,0.0,0.0,False
Sorghum,Sidhi,Madhya Pradesh,4,-194.45,-38.22,372.25,489.39,709.28,False
Sorghum,Sikar,Rajasthan,4,250.0,0.0,250.0,500.0,700.0,False
Sorghum,Singhbhum,Jharkhand,4,-162.47,0.0,162.47,324.94,454.92,False
Sorghum,Sirmaur,Himachal Pradesh,4,0.0,0.0,0.0,0.0,0.0,False
Sorghum,Sirohi,Rajasthan,4,223.82,257.38,400.29,464.89,638.02,True
Sorghum,Sitapur,Uttar Pradesh,4,-35.93,-45.88,87.05,98.85,138.6,False
Sorghum,Solan,Himachal Pradesh,4,0.0,0.0,0.0,0.0,0.0,False
Sorghum,Solapur,Maharashtra,4,-49.08,-151.56,184.28,190.98,238.36,False
Sorghum,South Arcot / Cuddalore,Tamil Nadu,4,-55.21,85.53,428.35,565.95,849.54,True
Sorghum,Srikakulam,Andhra Pradesh,4,657.96,645.67,657.96,721.82,958.59,True
Sorghum,Sultanpur,Uttar Pradesh,4,-172.09,-241.77,263.54,285.08,377.07,False
Sorghum,Sundargarh,Orissa,4,0.5,-4.04,16.32,20.73,30.61,False
Sorghum,Surat,Gujarat,4,-87.26,-62.94,209.29,252.2,361.6,False
Sorghum,Surendranagar,Gujarat,4,-188.9,-182.71,188.9,212.8,296.69,False
Sorghum,Surguja,Chhattisgarh,4,-318.98,-317.31,318.98,394.82,566.25,False
Sorghum,Swami Madhopur,Rajasthan,4,460.57,448.36,460.57,468.84,558.88,True
Sorghum,Tehri Garhwal,Uttarakhand,4,0.0,0.0,0.0,0.0,0.0,False
Sorghum,Thane,Maharashtra,4,0.0,0.0,0.0,0.0,0.0,False
Sorghum,Thanjavur,Tamil Nadu,4,194.27,220.49,194.27,219.91,290.94,False
Sorghum,The Nilgiris,Tamil Nadu,3,261.11,250.0,261.11,266.84,316.67,False
Sorghum,Thirunelveli,Tamil Nadu,3,-20.06,185.39,1267.23,1483.61,1881.82,True
Sorghum,Thiruvananthapuram,Kerala,4,0.0,0.0,0.0,0.0,0.0,False
Sorghum,Thrissur,Kerala,4,0.0,0.0,0.0,0.0,0.0,False
Sorghum,Tikamgarh,Madhya Pradesh,4,-78.1,-73.54,607.04,790.6,1140.53,True
Sorghum,Tiruchirapalli / Trichy,Tamil Nadu,3,-104.71,-85.41,253.24,294.84,405.77,False
Sorghum,Tonk,Rajasthan,4,-45.94,0.84,88.86,125.32,185.19,False
Sorghum,Tumkur,Karnataka,4,-70.13,-198.09,670.89,740.26,970.78,True
Sorghum,Udaipur,Rajasthan,4,142.71,122.63,319.66,368.91,516.26,False
Sorghum,Ujjain,Madhya Pradesh,4,-11.62,502.16,885.74,1035.01,1479.47,True
Sorghum,Unnao,Uttar Pradesh,4,59.85,115.34,355.92,382.63,471.96,False
Sorghum,Uttar Kashi,Uttarakhand,4,0.0,0.0,0.0,0.0,0.0,False
Sorghum,Uttara Kannada,Karnataka,3,388.89,666.67,722.22,751.54,933.33,True
Sorghum,Vadodara / Baroda,Gujarat,4,33.79,53.69,205.18,222.92,288.57,False
Sorghum,Valsad,Gujarat,4,-293.14,-76.0,342.6,566.49,826.63,False
Sorghum,Varanasi,Uttar Pradesh,4,75.54,89.89,109.43,125.93,177.21,False
Sorghum,Vidisha,Madhya Pradesh,4,84.21,-270.13,823.18,1039.42,1551.65,True
Sorghum,Visakhapatnam,Andhra Pradesh,4,687.83,706.31,687.83,709.53,859.69,True
Sorghum,Warangal,Telangana,4,-74.23,-18.48,216.32,251.04,355.56,False
Sorghum,Wardha,Maharashtra,4,109.23,108.8,120.52,147.84,216.56,False
Sorghum,West Dinajpur,West Bengal,4,0.0,0.0,0.0,0.0,0.0,False
Sorghum,West Godavari,Andhra Pradesh,4,844.89,797.36,1183.94,1481.01,2172.85,True
Sorghum,Yeotmal,Maharashtra,4,291.57,285.89,291.57,316.82,424.75,False
Pearl Millet,24 Parganas,West Bengal,4,0.0,0.0,0.0,0.0,0.0,False
Pearl Millet,Adilabad,Telangana,4,274.93,134.22,374.3,533.21,780.62,False
Pearl Millet,Agra,Uttar Pradesh,4,-19.33,-26.39,216.55,225.01,279.0,False
Pearl Millet,Ahmedabad,Gujarat,4,-393.61,-394.15,393.61,408.71,510.41,True
Pearl Millet,Ahmednagar,Maharashtra,4,-0.78,-49.75,345.04,360.02,454.65,False
Pearl Millet,Ajmer,Rajasthan,4,99.61,41.11,210.7,257.53,370.77,False
Pearl Millet,Akola,Maharashtra,4,247.35,264.45,283.25,350.77,505.52,False
Pearl Millet,Alappuzha,Kerala,4,0.0,0.0,0.0,0.0,0.0,False
Pearl Millet,Aligarh,Uttar Pradesh,4,51.67,90.43,124.22,129.9,163.19,False
Pearl Millet,Allahabad,Uttar Pradesh,4,33.38,2.15,62.13,97.71,147.97,False
Pearl Millet,Almorah,Uttarakhand,4,0.0,0.0,0.0,0.0,0.0,False
Pearl Millet,Alwar,Rajasthan,4,-7.91,-13.62,118.46,145.81,203.79,False
Pearl Millet,Amarawati,Maharashtra,4,198.17,292.5,310.99,320.9,400.83,False
Pearl Millet,Ambala,Haryana,4,-1573.81,232.82,2531.7,4142.56,6122.3,True
Pearl Millet,Amreli,Gujarat,4,-576.95,-561.05,576.95,607.56,785.25,True
Pearl Millet,Amritsar,Punjab,4,237.5,225.0,237.5,245.66,308.33,False
Pearl Millet,Ananthapur,Andhra Pradesh,4,16.88,95.21,355.8,375.59,470.13,False
Pearl Millet,Aurangabad,Maharashtra,4,236.72,325.17,364.31,400.84,536.45,False
Pearl Millet,Azamgarh,Uttar Pradesh,4,-332.33,-323.03,332.33,348.69,445.39,False
Pearl Millet,Bahraich,Uttar Pradesh,4,321.06,88.89,330.32,568.74,837.5,False
Pearl Millet,Balaghat,Madhya Pradesh,4,0.0,0.0,0.0,0.0,0.0,False
Pearl Millet,Balasore,Orissa,4,0.0,0.0,0.0,0.0,0.0,False
Pearl Millet,Ballia,Uttar Pradesh,4,-290.17,-237.86,290.17,313.72,418.73,False
Pearl Millet,Banaskantha,Gujarat,4,-385.8,-418.04,385.8,437.85,583.69,False
Pearl Millet,Banda,Uttar Pradesh,4,242.55,128.0,288.37,423.95,639.5,False
Pearl Millet,Bangalore,Karnataka,4,-139.15,-398.1,493.32,509.78,636.46,True
Pearl Millet,Bankura,West Bengal,4,0.0,0.0,0.0,0.0,0.0,False
Pearl Millet,Banswara,Rajasthan,4,126.28,87.99,126.28,174.61,264.66,False
Pearl Millet,Barabanki,Uttar Pradesh,4,-30.46,113.86,499.25,605.48,878.36,True
Pearl Millet,Bareilly,Uttar Pradesh,4,-150.29,-67.2,308.95,427.15,642.13,False
Pearl Millet,Barmer,Rajasthan,4,220.47,232.74,220.47,230.57,282.38,False
Pearl Millet,Bastar,Chhattisgarh,4,0.0,0.0,0.0,0.0,0.0,False
Pearl Millet,Beed,Maharashtra,4,283.05,277.3,283.05,358.6,514.98,False
Pearl Millet,Belgaum,Karnataka,4,-206.48,-144.34,285.01,371.12,539.95,False
Pearl Millet,Bellary,Karnataka,4,-320.39,-230.24,326.39,450.32,674.46,False
Pearl Millet,Betul,Madhya Pradesh,4,950.0,900.0,950.0,982.63,1233.33,True
Pearl Millet,Bhagalpur,Bihar,4,183.33,0.0,316.67,517.47,780.0,False
Pearl Millet,Bhandara,Maharashtra,4,0.0,0.0,0.0,0.0,0.0,False
Pearl Millet,Bharatpur,Rajasthan,4,41.84,45.19,51.39,66.49,93.62,False
Pearl Millet,Bharuch,Gujarat,4,418.48,493.67,438.48,517.96,706.99,True
Pearl Millet,Bhatinda,Punjab,4,424.31,383.33,459.03,626.02,925.0,True
Pearl Millet,Bhavnagar,Gujarat,4,-264.55,-215.92,264.55,293.77,409.5,False
Pearl Millet,Bhilwara,Rajasthan,4,125.18,100.33,225.34,280.58,410.36,False
Pearl Millet,Bhind,Madhya Pradesh,4,-678.93,-523.01,678.93,835.47,1237.67,True
Pearl Millet,Bidar,Karnataka,4,39.47,175.9,303.95,349.22,470.79,False
Pearl Millet,Bijapur / Vijayapura,Karnataka,4,25.87,-76.72,319.8,356.45,487.75,False
Pearl Millet,Bijnor,Uttar Pradesh,4,0.0,0.0,0.0,0.0,0.0,False
Pearl Millet,Bikaner,Rajasthan,4,32.51,28.61,116.89,150.06,219.72,False
Pearl Millet,Bilashpur,Himachal Pradesh,4,110.83,105.0,110.83,114.64,143.89,False
Pearl Millet,Bilaspur,Chhattisgarh,4,199.63,189.21,199.63,200.71,222.3,False
Pearl Millet,Birbhum,West Bengal,4,0.0,0.0,0.0,0.0,0.0,False
Pearl Millet,Bolangir,Orissa,4,0.0,0.0,0.0,0.0,0.0,False
Pearl Millet,Budaun,Uttar Pradesh,4,53.62,69.3,115.97,128.0,177.82,False
Pearl Millet,Buland Shahar,Uttar Pradesh,4,9.7,4.85,61.1,69.44,98.09,False
Pearl Millet,Buldhana,Maharashtra,4,351.67,369.86,351.67,424.47,597.75,False
Pearl Millet,Bundi,Rajasthan,4,-50.15,14.89,247.62,320.71,480.23,False
Pearl Millet,Burdwan,West Bengal,4,0.0,0.0,0.0,0.0,0.0,False
Pearl Millet,Cachar,Assam,4,0.0,0.0,0.0,0.0,0.0,False
Pearl Millet,Chamba,Himachal Pradesh,4,107.96,102.27,107.96,111.66,140.15,False
Pearl Millet,Chamoli,Uttarakhand,4,0.0,0.0,0.0,0.0,0.0,False
Pearl Millet,Champaran,Bihar,4,695.83,794.44,695.83,784.01,1018.33,True
Pearl Millet,Chandrapur,Maharashtra,4,-69.44,0.0,97.22,168.96,250.0,False
Pearl Millet,Chengalpattu Mgr / Kanchipuram,Tamil Nadu,4,-605.64,-546.48,605.64,742.96,1061.97,True
Pearl Millet,Chhatarpur,Madhya Pradesh,4,-624.11,-297.24,1217.06,1460.08,2129.01,True
Pearl Millet,Chhindwara,Madhya Pradesh,4,145.57,498.33,692.54,734.72,969.62,True
Pearl Millet,Chickmagalur,Karnataka,4,237.5,225.0,237.5,245.66,308.33,False
Pearl Millet,Chitradurga,Karnataka,4,-106.19,-76.56,250.73,320.31,479.23,False
Pearl Millet,Chittoor,Andhra Pradesh,4,-195.02,-182.45,282.31,350.55,510.64,False
Pearl Millet,Chittorgarh,Rajasthan,4,59.8,50.74,74.27,98.63,147.11,False
Pearl Millet,Churu,Rajasthan,4,94.34,119.25,115.11,125.67,166.6,False
Pearl Millet,Coimbatore,Tamil Nadu,4,-31.22,-125.06,650.37,838.12,1200.72,True
Pearl Millet,Cooch Behar,West Bengal,4,-55.37,-118.67,142.85,145.93,170.21,False
Pearl Millet,Cuttack,Orissa,4,0.0,0.0,0.0,0.0,0.0,False
Pearl Millet,Dakshina Kannada,Karnataka,4,0.0,0.0,0.0,0.0,0.0,False
Pearl Millet,Damoh,Madhya Pradesh,4,692.1,1177.52,1288.29,1303.47,1509.37,True
Pearl Millet,Dangs,Gujarat,4,0.0,0.0,0.0,0.0,0.0,False
Pearl Millet,Darbhanga,Bihar,4,0.0,0.0,0.0,0.0,0.0,False
Pearl Millet,Darjeeling,West Bengal,4,0.0,0.0,0.0,0.0,0.0,False
Pearl Millet,Darrang,Assam,4,0.0,0.0,0.0,0.0,0.0,False
Pearl Millet,Datia,Madhya Pradesh,4,213.29,-64.81,633.13,831.04,1238.28,True
Pearl Millet,Dehradun,Uttarakhand,4,0.0,0.0,0.0,0.0,0.0,False
Pearl Millet,Deoria,Uttar Pradesh,4,97.22,82.69,97.22,125.54,185.81,False
Pearl Millet,Dewas,Madhya Pradesh,4,0.0,0.0,0.0,0.0,0.0,False
Pearl Millet,Dhanbad,Jharkhand,4,-112.96,0.0,112.96,225.92,316.29,False
Pearl Millet,Dhar,Madhya Pradesh,4,-21.36,-99.14,362.24,435.46,612.63,False
Pearl Millet,Dharwad,Karnataka,4,-34.07,86.58,306.45,388.42,571.41,False
Pearl Millet,Dhenkanal,Orissa,4,0.0,0.0,0.0,0.0,0.0,False
Pearl Millet,Dhule,Maharashtra,4,136.24,228.9,318.67,336.25,425.86,False
Pearl Millet,Dibrugarh,Assam,4,0.0,0.0,0.0,0.0,0.0,False
Pearl Millet,Dungarpur,Rajasthan,4,73.02,143.72,285.98,321.31,429.17,False
Pearl Millet,Durg,Chhattisgarh,4,-147.63,-168.56,409.94,455.62,601.82,True
Pearl Millet,East Godavari,Andhra Pradesh,4,-45.52,-53.21,165.36,201.61,292.64,False
Pearl Millet,Eranakulam,Kerala,4,0.0,0.0,0.0,0.0,0.0,False
Pearl Millet,Etah,Uttar Pradesh,4,245.53,400.61,444.47,451.3,529.74,True
Pearl Millet,Etawah,Uttar Pradesh,4,-10.37,-52.81,93.88,109.9,147.78,False
Pearl Millet,Faizabad,Uttar Pradesh,4,57.87,138.89,497.69,621.56,865.74,True
Pearl Millet,Farrukhabad,Uttar Pradesh,4,-92.08,-28.13,152.31,225.71,338.91,False
Pearl Millet,Fatehpur,Uttar Pradesh,4,87.04,111.25,195.47,226.59,304.82,False
Pearl Millet,Ferozpur,Punjab,4,350.0,450.0,433.33,469.63,616.67,True
Pearl Millet,Ganganagar,Rajasthan,4,410.65,488.38,410.65,461.23,583.56,True
Pearl Millet,Ganjam,Orissa,4,7.3,8.28,8.47,9.59,13.14,False
Pearl Millet,Garhwal,Uttarakhand,4,0.0,0.0,0.0,0.0,0.0,False
Pearl Millet,Gaya,Bihar,4,313.02,756.25,958.85,985.54,1213.54,True
Pearl Millet,Ghazipur,Uttar Pradesh,4,50.77,-26.04,483.38,521.72,707.78,True
Pearl Millet,Goalpara,Assam,4,0.0,0.0,0.0,0.0,0.0,False
Pearl Millet,Gonda,Uttar Pradesh,4,0.0,0.0,0.0,0.0,0.0,False
Pearl Millet,Gulbarga / Kalaburagi,Karnataka,4,-247.47,-114.38,392.03,550.78,821.9,True
Pearl Millet,Guna,Madhya Pradesh,4,868.37,1027.1,919.54,1056.14,1407.5,True
Pearl Millet,Guntur,Andhra Pradesh,4,146.52,46.02,406.83,530.71,796.46,True
Pearl Millet,Gurdaspur,Punjab,4,0.0,0.0,0.0,0.0,0.0,False
Pearl Millet,Gurgaon,Haryana,4,97.43,149.85,195.57,203.35,259.29,False
Pearl Millet,Gwalior,Madhya Pradesh,4,215.95,410.88,532.22,564.37,661.96,True
Pearl Millet,Hamirpur,Uttar Pradesh,4,448.21,472.23,464.54,572.43,821.12,True
Pearl Millet,Hardoi,Uttar Pradesh,4,-125.25,-151.02,191.56,210.69,291.51,False
Pearl Millet,Hassan,Karnataka,4,593.75,562.5,593.75,614.14,770.83,True
Pearl Millet,Hazaribagh,Jharkhand,4,-103.17,0.0,103.17,206.33,288.86,False
Pearl Millet,Hissar,Haryana,4,167.88,262.25,265.15,271.49,328.9,False
Pearl Millet,Hooghly,West Bengal,4,0.0,0.0,0.0,0.0,0.0,False
Pearl Millet,Hoshangabad,Madhya Pradesh,4,848.51,912.3,848.51,912.67,1169.4,True
Pearl Millet,Hoshiarpur,Punjab,4,0.0,0.0,0.0,0.0,0.0,False
Pearl Millet,Howrah,West Bengal,4,0.0,0.0,0.0,0.0,0.0,False
Pearl Millet,Hyderabad,Telangana,4,-83.67,-82.61,93.31,125.68,181.1,False
Pearl Millet,Indore,Madhya Pradesh,4,0.0,0.0,0.0,0.0,0.0,False
Pearl Millet,Jabalpur,Madhya Pradesh,4,0.0,0.0,0.0,0.0,0.0,False
Pearl Millet,Jaipur,Rajasthan,4,67.17,-14.99,185.01,231.61,335.04,False
Pearl Millet,Jaisalmer,Rajasthan,4,97.25,116.86,124.66,138.55,192.35,False
Pearl Millet,Jalandhar,Punjab,4,0.0,0.0,0.0,0.0,0.0,False
Pearl Millet,Jalaun,Uttar Pradesh,4,-58.54,19.05,295.34,343.05,494.75,False
Pearl Millet,Jalgaon,Maharashtra,4,106.59,68.34,263.65,341.96,507.6,False
Pearl Millet,Jalore,Rajasthan,4,472.88,492.14,472.88,495.38,614.38,True
Pearl Millet,Jalpaiguri,West Bengal,4,0.0,0.0,0.0,0.0,0.0,False
Pearl Millet,Jamnagar,Gujarat,4,-13.02,32.79,239.35,271.12,380.99,False
Pearl Millet,Jaunpur,Uttar Pradesh,4,85.92,69.38,85.92,96.48,135.79,False
Pearl Millet,Jhabua,Madhya Pradesh,4,-248.58,-23.82,393.68,635.48,952.88,True
Pearl Millet,Jhalawar,Rajasthan,4,22.73,0.0,22.73,45.45,63.64,False
Pearl Millet,Jhansi,Uttar Pradesh,3,-15.14,-49.29,146.57,161.92,196.38,False
Pearl Millet,Jhunjhunu,Rajasthan,4,114.51,142.16,207.57,244.18,333.63,False
Pearl Millet,Jind,Haryana,4,237.59,263.8,237.59,245.46,282.94,False
Pearl Millet,Jodhpur,Rajasthan,4,-99.72,-102.67,195.0,237.64,330.38,False
Pearl Millet,Junagadh,Gujarat,4,-398.8,-369.88,466.31,615.1,889.52,True
Pearl Millet,Kadapa Ysr,Andhra Pradesh,4,122.28,137.36,542.48,585.51,767.98,True
Pearl Millet,Kalahandi,Orissa,4,-23.82,-37.62,55.66,59.5,77.72,False
Pearl Millet,Kamrup,Assam,4,0.0,0.0,0.0,0.0,0.0,False
Pearl Millet,Kangra,Himachal Pradesh,4,-6.34,48.9,91.61,110.65,158.95,False
Pearl Millet,Kannur,Kerala,4,0.0,0.0,0.0,0.0,0.0,False
Pearl Millet,Kanpur,Uttar Pradesh,4,171.19,224.64,339.19,371.24,500.84,False
Pearl Millet,Kanyakumari,Tamil Nadu,3,0.0,0.0,0.0,0.0,0.0,False
Pearl Millet,Kapurthala,Punjab,4,237.5,225.0,237.5,245.66,308.33,False
Pearl Millet,Karbi Anglong,Assam,4,0.0,0.0,0.0,0.0,0.0,False
Pearl Millet,Karimnagar,Telangana,4,83.81,123.11,114.63,119.55,146.43,False
Pearl Millet,Karnal,Haryana,4,354.34,340.36,354.34,426.85,611.28,False
Pearl Millet,Keonjhar,Orissa,4,-165.83,-152.78,243.61,295.98,424.33,False
Pearl Millet,Khammam,Telangana,4,-193.51,-209.43,485.18,523.22,682.62,True
Pearl Millet,Khandwa / East Nimar,Madhya Pradesh,4,420.33,603.47,630.16,654.36,826.98,True
Pearl Millet,Khargone / West Nimar,Madhya Pradesh,4,-162.9,-191.76,204.88,228.93,319.11,False
Pearl Millet,Kheda,Gujarat,4,-161.83,-132.44,161.83,202.31,293.32,False
Pearl Millet,Kheri,Uttar Pradesh,4,-219.69,-193.13,219.69,256.72,361.19,False
Pearl Millet,Kinnaur,Himachal Pradesh,4,0.0,0.0,0.0,0.0,0.0,False
Pearl Millet,Kodagu / Coorg,Karnataka,4,0.0,0.0,0.0,0.0,0.0,False
Pearl Millet,Kolar,Karnataka,4,-495.76,-566.07,650.52,731.99,1034.07,True
Pearl Millet,Kolhapur,Maharashtra,4,0.0,0.0,0.0,0.0,0.0,False
Pearl Millet,Kollam,Kerala,4,0.0,0.0,0.0,0.0,0.0,False
Pearl Millet,Koraput,Orissa,4,-0.9,-1.21,8.55,9.98,13.83,False
Pearl Millet,Kota,Rajasthan,4,53.34,94.64,197.89,224.6,305.97,False
Pearl Millet,Kottayam,Kerala,4,0.0,0.0,0.0,0.0,0.0,False
Pearl Millet,Kozhikode,Kerala,4,0.0,0.0,0.0,0.0,0.0,False
Pearl Millet,Krishna,Andhra Pradesh,4,0.0,0.0,0.0,0.0,0.0,False
Pearl Millet,Kullu,Himachal Pradesh,4,0.0,0.0,0.0,0.0,0.0,False
Pearl Millet,Kurnool,Andhra Pradesh,4,-344.33,-364.52,344.33,399.14,552.51,False
Pearl Millet,Kutch,Gujarat,4,-32.72,18.16,128.67,165.83,247.46,False
Pearl Millet,Lahul & Spiti,Himachal Pradesh,4,0.0,0.0,0.0,0.0,0.0,False
Pearl Millet,Lakhimpur,Assam,4,0.0,0.0,0.0,0.0,0.0,False
Pearl Millet,Lucknow,Uttar Pradesh,4,-213.99,-181.62,213.99,253.31,364.77,False
Pearl Millet,Ludhiana,Punjab,4,237.5,225.0,237.5,245.66,308.33,False
Pearl Millet,Madurai,Tamil Nadu,4,-196.91,-479.6,890.83,987.48,1336.38,True
Pearl Millet,Mahabubnagar,Telangana,4,-169.92,-169.47,169.92,175.01,215.16,False
Pearl Millet,Mahendragarh / Narnaul,Haryana,4,244.74,346.69,328.23,344.06,425.24,False
Pearl Millet,Mainpuri,Uttar Pradesh,4,-26.15,-24.31,109.1,113.96,143.96,False
Pearl Millet,Malappuram,Kerala,4,0.0,0.0,0.0,0.0,0.0,False
Pearl Millet,Malda,West Bengal,4,0.0,0.0,0.0,0.0,0.0,False
Pearl Millet,Mandi,Himachal Pradesh,4,-53.09,-7.76,66.99,111.44,161.65,False
Pearl Millet,Mandla,Madhya Pradesh,4,0.0,0.0,0.0,0.0,0.0,False
Pearl Millet,Mandsaur,Madhya Pradesh,4,674.43,792.19,704.56,814.19,1085.59,True
Pearl Millet,Mandya,Karnataka,4,-95.83,183.33,404.17,531.57,775.0,True
Pearl Millet,Mathura,Uttar Pradesh,4,-69.61,-38.02,125.18,170.54,252.81,False
Pearl Millet,Mayurbhanja,Orissa,4,0.0,0.0,0.0,0.0,0.0,False
Pearl Millet,Medak,Telangana,4,-99.33,-97.92,99.33,119.93,170.13,False
Pearl Millet,Meerut,Uttar Pradesh,4,179.05,155.49,417.75,458.87,629.66,True
Pearl Millet,Mehsana,Gujarat,4,-410.66,-501.99,425.53,487.76,619.06,True
Pearl Millet,Midnapur,West Bengal,4,0.0,0.0,0.0,0.0,0.0,False
Pearl Millet,Mirzpur,Uttar Pradesh,4,93.73,53.78,93.73,135.55,204.99,False
Pearl Millet,Moradabad,Uttar Pradesh,4,-98.72,-118.56,101.41,117.01,149.87,False
Pearl Millet,Morena,Madhya Pradesh,4,-292.33,-398.25,387.5,419.32,552.08,False
Pearl Millet,Mungair,Bihar,4,-229.17,0.0,320.83,557.59,825.0,False
Pearl Millet,Murshidabad,West Bengal,4,0.0,0.0,0.0,0.0,0.0,False
Pearl Millet,Muzaffarnagar,Uttar Pradesh,4,0.0,0.0,0.0,0.0,0.0,False
Pearl Millet,Muzaffarpur,Bihar,4,0.0,0.0,0.0,0.0,0.0,False
Pearl Millet,Mysore,Karnataka,4,135.56,170.36,382.26,443.7,634.47,False
Pearl Millet,Nadia,West Bengal,4,0.0,0.0,0.0,0.0,0.0,False
Pearl Millet,Nagaon,Assam,4,0.0,0.0,0.0,0.0,0.0,False
Pearl Millet,Nagaur,Rajasthan,4,-72.35,-85.9,139.24,155.25,216.1,False
Pearl Millet,Nagpur,Maharashtra,4,0.0,0.0,0.0,0.0,0.0,False
Pearl Millet,Nainital,Uttarakhand,4,0.0,0.0,0.0,0.0,0.0,False
Pearl Millet,Nalgonda,Telangana,4,197.59,215.06,208.15,249.23,352.77,False
Pearl Millet,Nanded,Maharashtra,4,0.0,0.0,0.0,0.0,0.0,False
Pearl Millet,Narsinghpur,Madhya Pradesh,4,-62.78,252.63,1025.93,1155.17,1599.64,True
Pearl Millet,Nasik,Maharashtra,4,-157.12,-110.62,464.14,499.14,673.0,True
Pearl Millet,Nizamabad,Telangana,4,86.19,125.3,116.09,121.75,150.63,False
Pearl Millet,North Arcot / Vellore,Tamil Nadu,3,-344.52,-258.13,373.56,496.41,706.82,False
Pearl Millet,North Cachar Hil / Dima Hasao,Assam,4,0.0,0.0,0.0,0.0,0.0,False
Pearl Millet,Osmanabad,Maharashtra,4,161.35,200.76,187.23,216.14,294.16,False
Pearl Millet,Palakkad,Kerala,4,0.0,0.0,0.0,0.0,0.0,False
Pearl Millet,Palamau,Jharkhand,4,0.0,0.0,0.0,0.0,0.0,False
Pearl Millet,Pali,Rajasthan,4,43.29,0.42,115.9,138.7,196.13,False
Pearl Millet,Panchmahal,Gujarat,4,451.47,549.04,451.47,496.51,597.51,True
Pearl Millet,Panna,Madhya Pradesh,4,603.51,851.83,829.12,868.35,1091.89,True
Pearl Millet,Parbhani,Maharashtra,4,323.28,281.62,323.28,401.04,591.42,False
Pearl Millet,Patiala,Punjab,4,237.5,225.0,237.5,245.66,308.33,False
Pearl Millet,Patna,Bihar,4,-285.71,0.0,285.71,571.43,800.0,False
Pearl Millet,Phulbani ( Kandhamal ),Orissa,4,-58.39,-65.15,105.98,119.31,167.47,False
Pearl Millet,Pilibhit,Uttar Pradesh,4,0.0,0.0,0.0,0.0,0.0,False
Pearl Millet,Pithorgarh,Uttarakhand,4,0.0,0.0,0.0,0.0,0.0,False
Pearl Millet,Pratapgarh,Uttar Pradesh,4,-0.31,-2.17,31.93,43.67,62.31,False
Pearl Millet,Pune,Maharashtra,4,-25.71,3.51,41.7,68.23,101.12,False
Pearl Millet,Puri,Orissa,4,0.0,0.0,0.0,0.0,0.0,False
Pearl Millet,Purnea,Bihar,4,0.0,0.0,0.0,0.0,0.0,False
Pearl Millet,Purulia,West Bengal,4,-42.79,-43.56,42.79,46.43,61.67,False
Pearl Millet,Rae-Bareily,Uttar Pradesh,4,-172.94,-179.12,172.94,193.23,262.0,False
Pearl Millet,Raichur,Karnataka,4,14.4,43.34,289.99,371.35,525.5,False
Pearl Millet,Raigad,Maharashtra,4,0.0,0.0,0.0,0.0,0.0,False
Pearl Millet,Raigarh,Chhattisgarh,4,-33.42,-28.63,141.58,146.95,185.0,False
Pearl Millet,Raipur,Chhattisgarh,4,181.8,162.28,522.15,553.87,722.37,True
Pearl Millet,Raisen,Madhya Pradesh,4,854.17,1125.0,1104.17,1182.19,1541.67,True
Pearl Millet,Rajgarh,Madhya Pradesh,4,237.5,225.0,237.5,245.66,308.33,False
Pearl Millet,Rajkot,Gujarat,4,-481.55,-520.11,481.55,504.04,619.2,True
Pearl Millet,Ramananthapuram,Tamil Nadu,4,-207.0,-187.5,1235.7,1486.0,2125.06,True
Pearl Millet,Rampur,Uttar Pradesh,4,-275.13,-299.35,275.13,299.2,384.11,False
Pearl Millet,Ranchi,Jharkhand,4,-187.5,0.0,187.5,375.0,525.0,False
Pearl Millet,Ratlam,Madhya Pradesh,4,0.0,0.0,0.0,0.0,0.0,False
Pearl Millet,Ratnagiri,Maharashtra,4,0.0,0.0,0.0,0.0,0.0,False
Pearl Millet,Rewa,Madhya Pradesh,3,-188.42,-286.79,702.14,769.53,993.35,True
Pearl Millet,Rohtak,Haryana,4,-120.54,-58.39,404.9,482.93,703.56,True
Pearl Millet,Roopnagar / Ropar,Punjab,4,237.5,225.0,237.5,245.66,308.33,False
Pearl Millet,S.P.S. Nellore,Andhra Pradesh,4,-18.56,-231.18,452.32,526.32,751.08,True
Pearl Millet,Sabarkantha,Gujarat,4,-358.66,-254.78,358.66,451.52,655.4,False
Pearl Millet,Sagar,Madhya Pradesh,4,1317.56,1248.21,1317.56,1362.81,1710.52,True
Pearl Millet,Saharsa,Bihar,4,0.0,0.0,0.0,0.0,0.0,False
Pearl Millet,Sambalpur,Orissa,4,-125.0,0.0,125.0,250.0,350.0,False
Pearl Millet,Sangli,Maharashtra,4,-116.35,-109.63,319.06,346.44,465.34,False
Pearl Millet,Sangrur,Punjab,3,261.11,250.0,261.11,266.84,316.67,False
Pearl Millet,Santhal Paragana / Dumka,Jharkhand,4,-186.36,0.0,186.36,372.73,521.82,False
Pearl Millet,Saran,Bihar,4,-15.21,-17.56,15.21,17.13,22.17,False
Pearl Millet,Satara,Maharashtra,4,8.48,74.59,136.68,161.58,221.81,False
Pearl Millet,Satna,Madhya Pradesh,4,-156.58,-149.38,801.66,820.64,992.68,True
Pearl Millet,Sehore,Madhya Pradesh,4,-416.67,0.0,416.67,833.34,1166.67,True
Pearl Millet,Seoni / Shivani,Madhya Pradesh,4,475.0,450.0,475.0,491.31,616.67,True
Pearl Millet,Shahabad (Now Part Of Bhojpur District),Bihar,4,0.43,-0.74,2.09,2.76,4.07,False
Pearl Millet,Shahdol,Madhya Pradesh,4,-204.17,50.0,879.17,993.77,1391.67,True
Pearl Millet,Shahjahanpur,Uttar Pradesh,4,-267.79,-244.18,267.79,302.29,420.46,False
Pearl Millet,Shajapur,Madhya Pradesh,4,-258.33,-197.22,783.33,835.67,1113.89,True
Pearl Millet,Shimla,Himachal Pradesh,4,-282.47,-366.88,450.22,508.65,695.02,True
Pearl Millet,Shimoge,Karnataka,3,-523.81,0.0,523.81,907.27,1257.14,True
Pearl Millet,Shivpuri,Madhya Pradesh,4,-168.06,140.32,410.09,596.59,870.43,True
Pearl Millet,Sibsagar,Assam,4,0.0,0.0,0.0,0.0,0.0,False
Pearl Millet,Sidhi,Madhya Pradesh,4,-542.7,-120.35,748.38,1108.21,1636.72,True
Pearl Millet,Sikar,Rajasthan,4,193.91,201.9,323.7,380.11,532.45,False
Pearl Millet,Singhbhum,Jharkhand,4,-141.89,0.0,141.89,283.79,397.3,False
Pearl Millet,Sirmaur,Himachal Pradesh,4,-35.17,-144.48,215.25,233.67,315.67,False
Pearl Millet,Sirohi,Rajasthan,4,254.7,161.5,282.85,403.48,611.79,False
Pearl Millet,Sitapur,Uttar Pradesh,4,19.89,-15.3,126.43,166.77,249.43,False
Pearl Millet,Solan,Himachal Pradesh,4,0.0,0.0,0.0,0.0,0.0,False
Pearl Millet,Solapur,Maharashtra,4,34.33,5.66,46.98,76.86,113.5,False
Pearl Millet,South Arcot / Cuddalore,Tamil Nadu,4,-380.46,-436.46,413.04,510.5,712.2,True
Pearl Millet,Srikakulam,Andhra Pradesh,4,-635.48,-567.81,635.48,662.56,845.37,True
Pearl Millet,Sultanpur,Uttar Pradesh,4,5.61,131.97,483.51,598.96,861.92,True
Pearl Millet,Sundargarh,Orissa,4,28.26,-149.72,280.07,341.75,492.92,False
Pearl Millet,Surat,Gujarat,4,-628.17,-578.31,628.17,706.76,992.21,True
Pearl Millet,Surendranagar,Gujarat,4,-161.45,-303.46,448.31,477.52,600.95,True
Pearl Millet,Surguja,Chhattisgarh,4,0.0,0.0,0.0,0.0,0.0,False
Pearl Millet,Swami Madhopur,Rajasthan,4,-6.0,-30.62,79.13,94.87,135.09,False
Pearl Millet,Tehri Garhwal,Uttarakhand,4,0.0,0.0,0.0,0.0,0.0,False
Pearl Millet,Thane,Maharashtra,4,0.0,0.0,0.0,0.0,0.0,False
Pearl Millet,Thanjavur,Tamil Nadu,4,-236.44,-279.16,516.77,594.27,831.88,True
Pearl Millet,The Nilgiris,Tamil Nadu,3,0.0,0.0,0.0,0.0,0.0,False
Pearl Millet,Thirunelveli,Tamil Nadu,3,520.03,-60.16,719.67,1083.02,1535.5,True
Pearl Millet,Thiruvananthapuram,Kerala,4,0.0,0.0,0.0,0.0,0.0,False
Pearl Millet,Thrissur,Kerala,4,0.0,0.0,0.0,0.0,0.0,False
Pearl Millet,Tikamgarh,Madhya Pradesh,4,237.5,225.0,237.5,245.66,308.33,False
Pearl Millet,Tiruchirapalli / Trichy,Tamil Nadu,3,-597.36,-484.23,597.36,633.41,810.92,True
Pearl Millet,Tonk,Rajasthan,4,-86.47,-173.94,194.61,195.71,215.68,False
Pearl Millet,Tumkur,Karnataka,4,-57.72,-20.22,261.19,352.0,524.99,False
Pearl Millet,Udaipur,Rajasthan,4,89.63,58.45,112.5,156.47,235.7,False
Pearl Millet,Ujjain,Madhya Pradesh,4,356.25,337.5,356.25,368.49,462.5,False
Pearl Millet,Unnao,Uttar Pradesh,4,-115.08,-263.6,347.05,360.22,443.87,False
Pearl Millet,Uttar Kashi,Uttarakhand,4,0.0,0.0,0.0,0.0,0.0,False
Pearl Millet,Uttara Kannada,Karnataka,4,0.0,0.0,0.0,0.0,0.0,False
Pearl Millet,Vadodara / Baroda,Gujarat,4,-41.14,-40.7,205.86,211.77,258.33,False
Pearl Millet,Valsad,Gujarat,4,-263.54,504.17,1111.46,1461.82,2131.25,True
Pearl Millet,Varanasi,Uttar Pradesh,4,161.61,137.82,161.61,216.12,321.3,False
Pearl Millet,Vidisha,Madhya Pradesh,4,-287.5,550.0,1212.5,1594.72,2325.0,True
Pearl Millet,Visakhapatnam,Andhra Pradesh,4,-125.54,-117.57,126.8,158.6,227.67,False
Pearl Millet,Warangal,Telangana,4,-682.74,-636.9,682.74,715.17,925.0,True
Pearl Millet,Wardha,Maharashtra,4,0.0,0.0,0.0,0.0,0.0,False
Pearl Millet,West Dinajpur,West Bengal,4,0.0,0.0,0.0,0.0,0.0,False
Pearl Millet,West Godavari,Andhra Pradesh,4,0.0,0.0,0.0,0.0,0.0,False
Pearl Millet,Yeotmal,Maharashtra,4,413.77,361.25,413.77,540.74,796.53,True
